CustomerID,R,F,M,R_score,F_score,M_score,RFM总得分,用户分层标签
12346.0,324,1,77183.6,1,1,5,7,沉睡预警客户
12347.0,1,7,4310.0,5,5,5,15,高价值客户
12348.0,74,4,1797.24,2,4,4,10,忠实复购客户
12349.0,17,1,1757.55,4,1,4,9,忠实复购客户
12350.0,309,1,334.4,1,1,2,4,流失低价值客户
12352.0,35,8,2506.04,3,5,5,13,高价值客户
12353.0,203,1,89.0,1,1,1,3,流失低价值客户
12354.0,231,1,1079.4,1,1,4,6,沉睡预警客户
12355.0,213,1,459.4,1,1,2,4,流失低价值客户
12356.0,21,3,2811.43,4,3,5,12,高价值客户
12357.0,32,1,6207.67,3,1,5,9,忠实复购客户
12358.0,0,2,1168.0600000000002,5,2,4,11,忠实复购客户
12359.0,56,4,6372.58,3,4,5,12,高价值客户
12360.0,51,3,2662.06,3,3,5,11,忠实复购客户
12361.0,286,1,189.9,1,1,1,3,流失低价值客户
12362.0,2,10,5226.23,5,5,5,15,高价值客户
12363.0,108,2,552.0,2,2,3,7,沉睡预警客户
12364.0,6,4,1313.1,5,4,4,13,高价值客户
12365.0,290,2,641.38,1,2,3,6,沉睡预警客户
12367.0,3,1,168.9,5,1,1,7,沉睡预警客户
12370.0,50,4,3545.69,3,4,5,12,高价值客户
12371.0,43,2,1887.96,3,2,4,9,忠实复购客户
12372.0,70,3,1298.04,3,3,4,10,忠实复购客户
12373.0,310,1,364.6,1,1,2,4,流失低价值客户
12374.0,24,1,742.9300000000001,4,1,3,8,沉睡预警客户
12375.0,9,2,457.5,5,2,2,9,忠实复购客户
12377.0,314,2,1628.12,1,2,4,7,沉睡预警客户
12378.0,128,1,4008.62,2,1,5,8,沉睡预警客户
12379.0,80,2,852.24,2,2,3,7,沉睡预警客户
12380.0,20,4,2724.81,4,4,5,13,高价值客户
12381.0,3,5,1845.31,5,4,4,13,高价值客户
12383.0,183,5,1850.56,1,4,4,9,忠实复购客户
12384.0,27,2,585.27,4,2,3,9,忠实复购客户
12386.0,336,2,401.9,1,2,2,5,流失低价值客户
12388.0,14,6,2780.6600000000003,4,4,5,13,高价值客户
12390.0,78,1,549.84,2,1,3,6,沉睡预警客户
12391.0,20,1,460.89,4,1,2,7,沉睡预警客户
12393.0,71,4,1582.6,2,4,4,10,忠实复购客户
12394.0,62,2,1272.48,3,2,4,9,忠实复购客户
12395.0,18,12,3018.63,4,5,5,14,高价值客户
12397.0,34,2,2409.9,3,2,5,10,忠实复购客户
12398.0,44,1,1635.66,3,1,4,8,沉睡预警客户
12399.0,118,4,1108.65,2,4,4,10,忠实复购客户
12401.0,302,1,84.3,1,1,1,3,流失低价值客户
12402.0,322,1,225.6,1,1,1,3,流失低价值客户
12403.0,48,1,427.7,3,1,2,6,沉睡预警客户
12405.0,147,1,1710.39,2,1,4,7,沉睡预警客户
12406.0,21,2,3415.3,4,2,5,11,忠实复购客户
12407.0,48,5,1708.12,3,4,4,11,忠实复购客户
12408.0,31,5,2888.55,4,4,5,13,高价值客户
12409.0,77,3,11072.67,2,3,5,10,忠实复购客户
12410.0,307,2,693.33,1,2,3,6,沉睡预警客户
12412.0,73,3,1226.88,2,3,4,9,忠实复购客户
12413.0,65,3,758.1,3,3,3,9,忠实复购客户
12414.0,216,3,562.41,1,3,3,7,沉睡预警客户
12415.0,23,21,124914.53,4,5,5,14,高价值客户
12417.0,2,9,3649.1,5,5,5,15,高价值客户
12418.0,111,1,668.58,2,1,3,6,沉睡预警客户
12420.0,62,1,600.39,3,1,3,7,沉睡预警客户
12421.0,14,4,807.04,4,4,3,11,忠实复购客户
12422.0,94,3,803.5600000000001,2,3,3,8,沉睡预警客户
12423.0,-1,8,1859.31,5,5,4,14,高价值客户
12424.0,161,2,1760.96,2,2,4,8,沉睡预警客户
12425.0,77,1,777.2,2,1,3,6,沉睡预警客户
12426.0,193,1,582.73,1,1,3,5,流失低价值客户
12427.0,20,3,825.8,4,3,3,10,忠实复购客户
12428.0,24,9,7956.46,4,5,5,14,高价值客户
12429.0,8,4,3750.4,5,4,5,14,高价值客户
12430.0,42,1,256.4,3,1,2,6,沉睡预警客户
12431.0,34,15,6487.45,3,5,5,13,高价值客户
12432.0,41,5,5059.32,3,4,5,12,高价值客户
12433.0,-1,7,13375.87,5,5,5,15,高价值客户
12434.0,83,2,806.14,2,2,3,7,沉睡预警客户
12435.0,78,2,7829.89,2,2,5,9,忠实复购客户
12436.0,98,1,509.0100000000001,2,1,3,6,沉睡预警客户
12437.0,0,18,4951.41,5,5,5,15,高价值客户
12438.0,13,2,2906.85,4,2,5,11,忠实复购客户
12441.0,365,1,173.55,1,1,1,3,流失低价值客户
12442.0,2,1,172.06,5,1,1,7,沉睡预警客户
12444.0,20,5,5005.46,4,4,5,13,高价值客户
12445.0,21,1,133.4,4,1,1,6,沉睡预警客户
12446.0,56,1,1002.31,3,1,4,8,沉睡预警客户
12447.0,242,1,476.49,1,1,2,4,流失低价值客户
12448.0,43,1,449.45,3,1,2,6,沉睡预警客户
12449.0,21,4,4067.29,4,4,5,13,高价值客户
12450.0,155,2,197.88,2,2,1,5,流失低价值客户
12451.0,9,5,9035.52,5,4,5,14,高价值客户
12452.0,15,2,430.57,4,2,2,8,沉睡预警客户
12453.0,133,1,707.09,2,1,3,6,沉睡预警客户
12454.0,55,1,3528.34,3,1,5,9,忠实复购客户
12455.0,72,6,2466.86,2,4,5,11,忠实复购客户
12456.0,43,3,3181.04,3,3,5,11,忠实复购客户
12457.0,65,7,2363.23,3,5,5,13,高价值客户
12458.0,70,2,947.4,3,2,4,9,忠实复购客户
12461.0,93,2,826.88,2,2,3,7,沉睡预警客户
12462.0,17,2,1189.59,4,2,4,10,忠实复购客户
12463.0,52,4,1344.78,3,4,4,11,忠实复购客户
12464.0,9,8,1212.05,5,5,4,14,高价值客户
12465.0,16,2,742.1899999999999,4,2,3,9,忠实复购客户
12468.0,186,2,729.5400000000001,1,2,3,6,沉睡预警客户
12471.0,1,30,19824.05,5,5,5,15,高价值客户
12472.0,31,7,6572.11,4,5,5,14,高价值客户
12473.0,28,5,3938.55,4,4,5,13,高价值客户
12474.0,16,18,7375.79,4,5,5,14,高价值客户
12475.0,52,1,723.38,3,1,3,7,沉睡预警客户
12476.0,14,11,6816.42,4,5,5,14,高价值客户
12477.0,21,6,13219.74,4,4,5,13,高价值客户
12478.0,2,1,680.99,5,1,3,9,忠实复购客户
12479.0,10,1,527.2,5,1,3,9,忠实复购客户
12480.0,27,4,3281.63,4,4,5,13,高价值客户
12481.0,21,10,5596.32,4,5,5,14,高价值客户
12483.0,16,8,2484.98,4,5,5,14,高价值客户
12484.0,31,6,4541.72,4,4,5,13,高价值客户
12488.0,8,3,1298.66,5,3,4,12,高价值客户
12489.0,335,1,334.93,1,1,2,4,流失低价值客户
12490.0,4,10,5417.93,5,5,5,15,高价值客户
12491.0,37,1,460.4,3,1,2,6,沉睡预警客户
12492.0,62,2,263.21000000000004,3,2,2,7,沉睡预警客户
12493.0,164,2,433.74,2,2,2,6,沉睡预警客户
12494.0,14,7,1246.1,4,5,4,13,高价值客户
12497.0,80,1,1043.1,2,1,4,7,沉睡预警客户
12498.0,20,3,403.7000000000001,4,3,2,9,忠实复购客户
12500.0,22,11,4257.82,4,5,5,14,高价值客户
12501.0,335,1,2169.39,1,1,5,7,沉睡预警客户
12502.0,94,5,3723.87,2,4,5,11,忠实复购客户
12504.0,17,2,482.05,4,2,2,8,沉睡预警客户
12506.0,231,1,73.5,1,1,1,3,流失低价值客户
12507.0,133,3,1304.81,2,3,4,9,忠实复购客户
12508.0,25,2,398.27,4,2,2,8,沉睡预警客户
12509.0,283,1,176.5,1,1,1,3,流失低价值客户
12510.0,141,2,982.57,2,2,4,8,沉睡预警客户
12512.0,65,2,138.03,3,2,1,6,沉睡预警客户
12513.0,111,1,612.29,2,1,3,6,沉睡预警客户
12514.0,266,1,1017.68,1,1,4,6,沉睡预警客户
12515.0,352,1,383.7,1,1,2,4,流失低价值客户
12516.0,76,2,1312.06,2,2,4,8,沉睡预警客户
12517.0,27,5,2502.84,4,4,5,13,高价值客户
12518.0,-1,5,2056.89,5,4,4,13,高价值客户
12519.0,62,1,340.84,3,1,2,6,沉睡预警客户
12520.0,78,5,2634.26,2,4,5,11,忠实复购客户
12521.0,141,1,599.68,2,1,3,6,沉睡预警客户
12522.0,38,2,192.72,3,2,1,6,沉睡预警客户
12523.0,18,11,1789.77,4,5,4,13,高价值客户
12524.0,8,8,4485.72,5,5,5,15,高价值客户
12526.0,-1,3,1316.66,5,3,4,12,高价值客户
12527.0,80,3,348.71000000000004,2,3,2,7,沉睡预警客户
12528.0,8,6,1933.48,5,5,4,14,高价值客户
12530.0,58,4,1662.28,3,4,4,11,忠实复购客户
12531.0,13,1,125.22,4,1,1,6,沉睡预警客户
12532.0,29,1,349.83000000000004,4,1,2,7,沉睡预警客户
12534.0,129,1,1089.18,2,1,4,7,沉睡预警客户
12535.0,90,2,716.35,2,2,3,7,沉睡预警客户
12536.0,42,3,12601.83,3,3,5,11,忠实复购客户
12538.0,28,1,363.95,4,1,2,7,沉睡预警客户
12539.0,21,4,5568.35,4,4,5,13,高价值客户
12540.0,18,17,13400.24,4,5,5,14,高价值客户
12541.0,28,3,981.18,4,3,4,11,忠实复购客户
12544.0,35,1,372.7,3,1,2,6,沉睡预警客户
12545.0,74,2,1000.39,2,2,4,8,沉睡预警客户
12546.0,45,2,1161.5,3,2,4,9,忠实复购客户
12547.0,196,2,207.8,1,2,1,4,流失低价值客户
12548.0,165,1,95.2,2,1,1,4,流失低价值客户
12550.0,78,1,964.83,2,1,4,7,沉睡预警客户
12551.0,356,1,168.0,1,1,1,3,流失低价值客户
12552.0,37,2,437.82,3,2,2,7,沉睡预警客户
12553.0,7,10,3692.28,5,5,5,15,高价值客户
12556.0,49,2,603.71,3,2,3,8,沉睡预警客户
12557.0,15,5,11990.96,4,4,5,13,高价值客户
12558.0,6,1,269.96,5,1,2,8,沉睡预警客户
12559.0,309,2,561.71,1,2,3,6,沉睡预警客户
12560.0,4,3,2134.01,5,3,5,13,高价值客户
12561.0,301,1,238.85,1,1,1,3,流失低价值客户
12562.0,7,7,3781.74,5,5,5,15,高价值客户
12564.0,260,1,456.9,1,1,2,4,流失低价值客户
12565.0,287,1,145.92,1,1,1,3,流失低价值客户
12566.0,85,1,351.65,2,1,2,5,流失低价值客户
12567.0,21,10,9401.28,4,5,5,14,高价值客户
12569.0,1,32,4124.69,5,5,5,15,高价值客户
12571.0,38,2,519.61,3,2,3,8,沉睡预警客户
12572.0,7,2,1020.42,5,2,4,11,忠实复购客户
12573.0,226,1,160.54,1,1,1,3,流失低价值客户
12574.0,314,1,218.45,1,1,1,3,流失低价值客户
12576.0,34,5,1315.83,3,4,4,11,忠实复购客户
12577.0,34,3,657.8,3,3,3,9,忠实复购客户
12578.0,20,2,2794.51,4,2,5,11,忠实复购客户
12579.0,77,1,440.42,2,1,2,5,流失低价值客户
12580.0,245,1,415.7,1,1,2,4,流失低价值客户
12581.0,38,1,197.71,3,1,1,5,流失低价值客户
12582.0,237,2,511.36,1,2,3,6,沉睡预警客户
12583.0,1,15,7281.38,5,5,5,15,高价值客户
12584.0,2,9,2338.15,5,5,5,15,高价值客户
12585.0,233,2,2040.1,1,2,4,7,沉睡预警客户
12586.0,16,1,196.94000000000003,4,1,1,6,沉睡预警客户
12587.0,6,1,144.0,5,1,1,7,沉睡预警客户
12588.0,38,1,214.9,3,1,1,5,流失低价值客户
12589.0,27,2,646.68,4,2,3,9,忠实复购客户
12590.0,210,2,9864.26,1,2,5,8,沉睡预警客户
12591.0,316,1,452.85,1,1,2,4,流失低价值客户
12592.0,91,2,437.6,2,2,2,6,沉睡预警客户
12593.0,107,3,418.1,2,3,2,7,沉睡预警客户
12594.0,36,10,3338.2200000000003,3,5,5,13,高价值客户
12596.0,50,2,618.27,3,2,3,8,沉睡预警客户
12597.0,18,4,3811.22,4,4,5,13,高价值客户
12598.0,8,8,3023.08,5,5,5,15,高价值客户
12599.0,28,7,1032.58,4,5,4,13,高价值客户
12600.0,27,10,2599.04,4,5,5,14,高价值客户
12601.0,188,5,577.0600000000001,1,4,3,8,沉睡预警客户
12602.0,57,1,153.12,3,1,1,5,流失低价值客户
12603.0,20,1,739.1999999999999,4,1,3,8,沉睡预警客户
12604.0,78,2,254.18,2,2,2,6,沉睡预警客户
12607.0,59,1,1579.51,3,1,4,8,沉睡预警客户
12609.0,77,3,1126.85,2,3,4,9,忠实复购客户
12610.0,21,5,2099.54,4,4,5,13,高价值客户
12611.0,51,1,1193.32,3,1,4,8,沉睡预警客户
12612.0,73,1,704.0400000000001,2,1,3,6,沉睡预警客户
12613.0,56,5,3344.38,3,4,5,12,高价值客户
12614.0,276,1,315.6,1,1,2,4,流失低价值客户
12615.0,1,4,2291.19,5,4,5,14,高价值客户
12616.0,94,2,713.3,2,2,3,7,沉睡预警客户
12617.0,28,1,355.53,4,1,2,7,沉睡预警客户
12618.0,20,1,177.31,4,1,1,6,沉睡预警客户
12619.0,15,9,3641.24,4,5,5,14,高价值客户
12620.0,13,3,1339.41,4,3,4,11,忠实复购客户
12621.0,0,20,13689.67,5,5,5,15,高价值客户
12622.0,231,1,180.1,1,1,1,3,流失低价值客户
12623.0,275,1,305.1,1,1,2,4,流失低价值客户
12624.0,105,2,641.13,2,2,3,7,沉睡预警客户
12625.0,210,2,2683.82,1,2,5,8,沉睡预警客户
12626.0,22,9,6620.48,4,5,5,14,高价值客户
12627.0,9,7,4478.53,5,5,5,15,高价值客户
12628.0,3,3,786.46,5,3,3,11,忠实复购客户
12630.0,8,2,1270.88,5,2,4,11,忠实复购客户
12631.0,56,1,640.5,3,1,3,7,沉睡预警客户
12633.0,57,4,2163.98,3,4,5,12,高价值客户
12635.0,88,2,1689.18,2,2,4,8,沉睡预警客户
12637.0,66,8,6021.9,3,5,5,13,高价值客户
12638.0,32,1,671.69,3,1,3,7,沉睡预警客户
12639.0,237,1,486.1,1,1,2,4,流失低价值客户
12640.0,22,3,1174.58,4,3,4,11,忠实复购客户
12641.0,114,1,185.9,2,1,1,4,流失低价值客户
12642.0,24,3,1013.26,4,3,4,11,忠实复购客户
12643.0,127,6,3344.64,2,5,5,12,高价值客户
12644.0,128,1,477.91,2,1,2,5,流失低价值客户
12645.0,32,4,1775.18,3,4,4,11,忠实复购客户
12646.0,3,2,1346.97,5,2,4,11,忠实复购客户
12647.0,21,12,3722.82,4,5,5,14,高价值客户
12648.0,153,1,318.05,2,1,2,5,流失低价值客户
12649.0,106,3,623.51,2,3,3,8,沉睡预警客户
12650.0,2,1,314.44,5,1,2,8,沉睡预警客户
12651.0,333,1,114.0,1,1,1,3,流失低价值客户
12652.0,330,1,919.98,1,1,3,5,流失低价值客户
12653.0,147,2,2209.85,2,2,5,9,忠实复购客户
12654.0,9,5,601.98,5,4,3,12,高价值客户
12656.0,16,5,4051.17,4,4,5,13,高价值客户
12657.0,10,4,1643.18,5,4,4,13,高价值客户
12658.0,17,1,686.05,4,1,3,8,沉睡预警客户
12659.0,28,1,91.68,4,1,1,6,沉睡预警客户
12660.0,10,1,245.1,5,1,1,7,沉睡预警客户
12662.0,-1,11,3849.78,5,5,5,15,高价值客户
12664.0,7,9,4881.88,5,5,5,15,高价值客户
12665.0,323,1,63.0,1,1,1,3,流失低价值客户
12667.0,57,1,620.13,3,1,3,7,沉睡预警客户
12668.0,10,4,3807.15,5,4,5,14,高价值客户
12669.0,149,3,2744.03,2,3,5,10,忠实复购客户
12670.0,9,5,2996.05,5,4,5,14,高价值客户
12672.0,328,1,225.9,1,1,1,3,流失低价值客户
12673.0,4,2,610.52,5,2,3,10,忠实复购客户
12674.0,37,4,1970.6,3,4,4,11,忠实复购客户
12676.0,23,6,1331.39,4,5,4,13,高价值客户
12678.0,41,12,17628.46,3,5,5,13,高价值客户
12679.0,57,4,1113.02,3,4,4,11,忠实复购客户
12680.0,-1,4,862.81,5,4,3,12,高价值客户
12681.0,13,22,13787.54,4,5,5,14,高价值客户
12682.0,2,31,12288.22,5,5,5,15,高价值客户
12683.0,3,15,8476.57,5,5,5,15,高价值客户
12684.0,6,7,2283.63,5,5,5,15,高价值客户
12685.0,27,6,2863.08,4,5,5,14,高价值客户
12686.0,370,1,89.14,1,1,1,3,流失低价值客户
12688.0,112,1,4873.81,2,1,5,8,沉睡预警客户
12689.0,24,2,1247.61,4,2,4,10,忠实复购客户
12690.0,204,1,389.01,1,1,2,4,流失低价值客户
12691.0,27,6,1035.8,4,5,4,13,高价值客户
12693.0,126,4,855.91,2,4,3,9,忠实复购客户
12694.0,69,2,869.67,3,2,3,8,沉睡预警客户
12695.0,6,4,582.1,5,4,3,12,高价值客户
12697.0,27,3,957.59,4,3,4,11,忠实复购客户
12700.0,6,4,4939.99,5,4,5,14,高价值客户
12701.0,78,2,797.71,2,2,3,7,沉睡预警客户
12702.0,18,1,219.0,4,1,1,6,沉睡预警客户
12703.0,70,1,283.55,3,1,2,6,沉睡预警客户
12704.0,6,8,2340.84,5,5,5,15,高价值客户
12705.0,14,9,6868.29,4,5,5,14,高价值客户
12707.0,290,1,603.42,1,1,3,5,流失低价值客户
12708.0,28,10,2712.91,4,5,5,14,高价值客户
12709.0,14,15,9736.52,4,5,5,14,高价值客户
12710.0,95,3,1149.02,2,3,4,9,忠实复购客户
12712.0,27,13,4396.13,4,5,5,14,高价值客户
12713.0,-1,1,848.55,5,1,3,9,忠实复购客户
12714.0,8,5,4708.86,5,4,5,14,高价值客户
12715.0,105,1,353.86,2,1,2,5,流失低价值客户
12716.0,2,2,1053.49,5,2,4,11,忠实复购客户
12717.0,150,2,1030.98,2,2,4,8,沉睡预警客户
12718.0,70,1,238.25,3,1,1,5,流失低价值客户
12719.0,4,2,644.95,5,2,3,10,忠实复购客户
12720.0,1,25,5781.7300000000005,5,5,5,15,高价值客户
12721.0,30,6,2656.13,4,5,5,14,高价值客户
12722.0,84,4,997.63,2,4,4,10,忠实复购客户
12723.0,2,5,725.07,5,4,3,12,高价值客户
12724.0,4,4,1031.41,5,4,4,13,高价值客户
12725.0,370,1,427.8,1,1,2,4,流失低价值客户
12726.0,27,7,2609.1,4,5,5,14,高价值客户
12727.0,9,7,3980.7,5,5,5,15,高价值客户
12728.0,70,4,836.33,3,4,3,10,忠实复购客户
12729.0,112,1,453.01,2,1,2,5,流失低价值客户
12731.0,22,12,18895.91,4,5,5,14,高价值客户
12732.0,178,1,236.26,2,1,1,4,流失低价值客户
12733.0,233,1,383.95,1,1,2,4,流失低价值客户
12734.0,351,1,110.4,1,1,1,3,流失低价值客户
12735.0,314,2,779.5699999999999,1,2,3,6,沉睡预警客户
12736.0,331,1,234.0,1,1,1,3,流失低价值客户
12738.0,371,1,155.35,1,1,1,3,流失低价值客户
12739.0,77,2,1013.04,2,2,4,8,沉睡预警客户
12740.0,62,1,427.6,3,1,2,6,沉睡预警客户
12743.0,133,2,546.43,2,2,3,7,沉睡预警客户
12744.0,50,7,21279.29,3,5,5,13,高价值客户
12747.0,1,11,4196.01,5,5,5,15,高价值客户
12748.0,-1,210,33719.73,5,5,5,15,高价值客户
12749.0,2,5,4090.88,5,4,5,14,高价值客户
12750.0,127,1,275.88,2,1,2,5,流失低价值客户
12752.0,80,1,4366.78,2,1,5,8,沉睡预警客户
12753.0,21,6,21429.39,4,5,5,14,高价值客户
12754.0,234,3,3010.74,1,3,5,9,忠实复购客户
12755.0,279,2,3811.95,1,2,5,8,沉睡预警客户
12756.0,85,1,112.08,2,1,1,4,流失低价值客户
12757.0,14,13,7857.1,4,5,5,14,高价值客户
12758.0,115,2,2791.59,2,2,5,9,忠实复购客户
12759.0,51,3,1531.44,3,3,4,10,忠实复购客户
12762.0,6,2,1898.52,5,2,4,11,忠实复购客户
12763.0,137,2,494.08,2,2,3,7,沉睡预警客户
12764.0,315,1,1693.88,1,1,4,6,沉睡预警客户
12766.0,2,7,6989.63,5,5,5,15,高价值客户
12769.0,237,1,1143.6,1,1,4,6,沉睡预警客户
12770.0,209,1,1351.45,1,1,4,6,沉睡预警客户
12772.0,58,1,892.47,3,1,3,7,沉睡预警客户
12775.0,16,5,1386.04,4,4,4,12,高价值客户
12778.0,18,6,822.23,4,5,3,12,高价值客户
12779.0,36,8,3981.36,3,5,5,13,高价值客户
12781.0,62,2,826.74,3,2,3,8,沉睡预警客户
12782.0,3,5,2330.92,5,4,5,14,高价值客户
12783.0,1,6,2225.91,5,5,5,15,高价值客户
12784.0,8,2,574.42,5,2,3,10,忠实复购客户
12785.0,363,1,311.95,1,1,2,4,流失低价值客户
12787.0,8,3,463.66,5,3,2,10,忠实复购客户
12789.0,64,1,91.85,3,1,1,5,流失低价值客户
12790.0,191,1,324.92,1,1,2,4,流失低价值客户
12791.0,372,1,192.6,1,1,1,3,流失低价值客户
12792.0,255,1,400.54,1,1,2,4,流失低价值客户
12793.0,333,2,545.48,1,2,3,6,沉睡预警客户
12794.0,52,2,860.41,3,2,3,8,沉睡预警客户
12795.0,17,1,430.48,4,1,2,7,沉睡预警客户
12797.0,364,1,254.03,1,1,2,4,流失低价值客户
12798.0,9,3,6977.04,5,3,5,13,高价值客户
12802.0,185,1,427.58,1,1,2,4,流失低价值客户
12808.0,35,3,483.65,3,3,2,8,沉睡预警客户
12809.0,176,1,489.31,2,1,2,5,流失低价值客户
12811.0,259,3,514.85,1,3,3,7,沉睡预警客户
12812.0,43,1,229.64,3,1,1,5,流失低价值客户
12814.0,100,1,125.92,2,1,1,4,流失低价值客户
12815.0,146,2,1063.46,2,2,4,8,沉睡预警客户
12816.0,94,2,572.2,2,2,3,7,沉睡预警客户
12817.0,280,1,166.04,1,1,1,3,流失低价值客户
12818.0,260,1,1542.0800000000002,1,1,4,6,沉睡预警客户
12820.0,2,4,942.34,5,4,4,13,高价值客户
12821.0,213,1,92.72,1,1,1,3,流失低价值客户
12822.0,69,2,948.88,3,2,4,9,忠实复购客户
12823.0,73,5,1759.5,2,4,4,10,忠实复购客户
12824.0,58,1,397.12,3,1,2,6,沉睡预警客户
12826.0,1,7,1474.72,5,5,4,14,高价值客户
12827.0,4,3,430.15,5,3,2,10,忠实复购客户
12828.0,1,6,1018.71,5,5,4,14,高价值客户
12829.0,335,2,293.0,1,2,2,5,流失低价值客户
12830.0,36,6,6814.64,3,5,5,13,高价值客户
12831.0,261,1,215.05,1,1,1,3,流失低价值客户
12832.0,31,2,383.03,4,2,2,8,沉睡预警客户
12833.0,144,1,417.38,2,1,2,5,流失低价值客户
12834.0,281,1,312.38,1,1,2,4,流失低价值客户
12836.0,58,4,2612.86,3,4,5,12,高价值客户
12837.0,172,1,134.1,2,1,1,4,流失低价值客户
12838.0,32,2,683.13,3,2,3,8,沉睡预警客户
12839.0,1,14,5591.42,5,5,5,15,高价值客户
12840.0,142,4,2726.77,2,4,5,11,忠实复购客户
12841.0,3,25,4022.35,5,5,5,15,高价值客户
12842.0,69,2,1118.99,3,2,4,9,忠实复购客户
12843.0,64,8,1702.26,3,5,4,12,高价值客户
12844.0,28,2,325.96000000000004,4,2,2,8,沉睡预警客户
12845.0,266,4,354.09,1,4,2,7,沉睡预警客户
12847.0,21,1,871.54,4,1,3,8,沉睡预警客户
12849.0,30,2,1050.89,4,2,4,10,忠实复购客户
12851.0,95,1,135.18,2,1,1,4,流失低价值客户
12852.0,293,1,311.55,1,1,2,4,流失低价值客户
12853.0,133,6,1957.1,2,5,4,11,忠实复购客户
12854.0,77,3,1324.5,2,3,4,9,忠实复购客户
12855.0,371,1,38.1,1,1,1,3,流失低价值客户
12856.0,6,6,2179.93,5,5,5,15,高价值客户
12857.0,209,2,1106.4,1,2,4,7,沉睡预警客户
12863.0,51,1,521.2,3,1,3,7,沉睡预警客户
12864.0,137,1,147.12,2,1,1,4,流失低价值客户
12865.0,25,2,1568.23,4,2,4,10,忠实复购客户
12866.0,282,1,559.12,1,1,3,5,流失低价值客户
12867.0,25,7,4036.82,4,5,5,14,高价值客户
12868.0,184,6,1607.0600000000002,1,5,4,10,忠实复购客户
12871.0,83,2,380.64,2,2,2,6,沉睡预警客户
12872.0,325,2,599.97,1,2,3,6,沉睡预警客户
12873.0,281,1,374.0,1,1,2,4,流失低价值客户
12875.0,142,2,343.2300000000001,2,2,2,6,沉睡预警客户
12876.0,56,2,2218.02,3,2,5,10,忠实复购客户
12877.0,2,12,1535.77,5,5,4,14,高价值客户
12878.0,235,2,854.99,1,2,3,6,沉睡预警客户
12879.0,43,3,573.22,3,3,3,9,忠实复购客户
12881.0,274,1,298.0,1,1,2,4,流失低价值客户
12882.0,8,2,1463.04,5,2,4,11,忠实复购客户
12883.0,23,4,703.47,4,4,3,11,忠实复购客户
12884.0,87,1,309.05,2,1,2,5,流失低价值客户
12885.0,62,3,1175.22,3,3,4,10,忠实复购客户
12886.0,66,2,1378.4,3,2,4,9,忠实复购客户
12888.0,213,2,354.12,1,2,2,5,流失低价值客户
12890.0,23,1,380.47,4,1,2,7,沉睡预警客户
12891.0,184,3,331.0,1,3,2,6,沉睡预警客户
12893.0,29,1,188.14,4,1,1,6,沉睡预警客户
12895.0,41,2,372.8,3,2,2,7,沉睡预警客户
12897.0,203,2,216.5,1,2,1,4,流失低价值客户
12901.0,7,28,17654.54,5,5,5,15,高价值客户
12902.0,263,1,138.68,1,1,1,3,流失低价值客户
12904.0,17,2,509.58,4,2,3,9,忠实复购客户
12906.0,10,5,2919.81,5,4,5,14,高价值客户
12908.0,175,2,750.0,2,2,3,7,沉睡预警客户
12909.0,38,5,2178.67,3,4,5,12,高价值客户
12910.0,22,8,3075.04,4,5,5,14,高价值客户
12912.0,1,5,1662.3,5,4,4,13,高价值客户
12913.0,3,5,2483.63,5,4,5,14,高价值客户
12915.0,147,2,363.65,2,2,2,6,沉睡预警客户
12916.0,137,4,3006.15,2,4,5,11,忠实复购客户
12917.0,127,1,594.0,2,1,3,6,沉睡预警客户
12919.0,7,6,1335.19,5,5,4,14,高价值客户
12920.0,16,1,164.23,4,1,1,6,沉睡预警客户
12921.0,8,37,16587.09,5,5,5,15,高价值客户
12922.0,160,1,405.38,2,1,2,5,流失低价值客户
12923.0,63,1,176.97,3,1,1,5,流失低价值客户
12924.0,87,4,933.7,2,4,3,9,忠实复购客户
12925.0,3,2,694.05,5,2,3,10,忠实复购客户
12928.0,34,5,2062.7000000000003,3,4,5,12,高价值客户
12929.0,310,1,117.85,1,1,1,3,流失低价值客户
12930.0,77,2,415.8,2,2,2,6,沉睡预警客户
12931.0,20,15,42055.96,4,5,5,14,高价值客户
12933.0,23,3,607.53,4,3,3,10,忠实复购客户
12935.0,1,7,2160.7,5,5,5,15,高价值客户
12936.0,16,4,1063.9,4,4,4,12,高价值客户
12937.0,14,4,1504.27,4,4,4,12,高价值客户
12938.0,24,1,114.14,4,1,1,6,沉睡预警客户
12939.0,63,8,11581.8,3,5,5,13,高价值客户
12940.0,53,2,913.54,3,2,3,8,沉睡预警客户
12942.0,130,3,683.9,2,3,3,8,沉睡预警客户
12944.0,34,2,604.51,3,2,3,8,沉睡预警客户
12945.0,287,1,462.95,1,1,2,4,流失低价值客户
12947.0,142,6,1603.99,2,5,4,11,忠实复购客户
12948.0,15,7,2064.95,4,5,5,14,高价值客户
12949.0,29,8,4167.22,4,5,5,14,高价值客户
12950.0,1,3,1843.0,5,3,4,12,高价值客户
12951.0,7,6,1064.07,5,5,4,14,高价值客户
12952.0,4,4,1387.79,5,4,4,13,高价值客户
12953.0,8,1,329.85,5,1,2,8,沉睡预警客户
12955.0,0,11,4757.16,5,5,5,15,高价值客户
12956.0,305,1,108.07,1,1,1,3,流失低价值客户
12957.0,8,8,4017.54,5,5,5,15,高价值客户
12962.0,6,2,266.39,5,2,2,9,忠实复购客户
12963.0,7,8,1856.63,5,5,4,14,高价值客户
12965.0,88,1,771.91,2,1,3,6,沉睡预警客户
12966.0,8,1,160.18,5,1,1,7,沉睡预警客户
12967.0,357,2,1660.9,1,2,4,7,沉睡预警客户
12968.0,111,1,135.95,2,1,1,4,流失低价值客户
12970.0,6,4,452.24,5,4,2,11,忠实复购客户
12971.0,2,86,11189.91,5,5,5,15,高价值客户
12974.0,196,1,144.8,1,1,1,3,流失低价值客户
12976.0,210,1,738.6,1,1,3,5,流失低价值客户
12977.0,155,1,39.24,2,1,1,4,流失低价值客户
12980.0,156,9,7374.900000000001,2,5,5,12,高价值客户
12981.0,28,2,372.22,4,2,2,8,沉睡预警客户
12982.0,241,1,390.54,1,1,2,4,流失低价值客户
12984.0,17,1,97.5,4,1,1,6,沉睡预警客户
12985.0,-1,2,1239.38,5,2,4,11,忠实复购客户
12987.0,72,2,558.7,2,2,3,7,沉睡预警客户
12988.0,291,1,535.32,1,1,3,5,流失低价值客户
12989.0,2,15,6924.11,5,5,5,15,高价值客户
12990.0,30,3,409.5,4,3,2,9,忠实复购客户
12991.0,22,2,503.76,4,2,3,9,忠实复购客户
12993.0,22,4,414.76,4,4,2,10,忠实复购客户
12994.0,3,3,974.42,5,3,4,12,高价值客户
12995.0,84,1,211.32,2,1,1,4,流失低价值客户
12997.0,21,4,1226.89,4,4,4,12,高价值客户
12999.0,195,3,455.88,1,3,2,6,沉睡预警客户
13000.0,105,3,534.85,2,3,3,8,沉睡预警客户
13001.0,3,13,9818.82,5,5,5,15,高价值客户
13002.0,317,1,120.95,1,1,1,3,流失低价值客户
13003.0,104,3,149.05,2,3,1,6,沉睡预警客户
13004.0,10,18,5655.91,5,5,5,15,高价值客户
13005.0,172,2,513.7,2,2,3,7,沉睡预警客户
13006.0,55,1,81.57,3,1,1,5,流失低价值客户
13008.0,322,1,229.47,1,1,1,3,流失低价值客户
13011.0,371,1,50.55,1,1,1,3,流失低价值客户
13012.0,8,8,1661.84,5,5,4,14,高价值客户
13013.0,0,13,4810.9400000000005,5,5,5,15,高价值客户
13014.0,9,10,3466.28,5,5,5,15,高价值客户
13015.0,52,5,3346.28,3,4,5,12,高价值客户
13016.0,72,3,789.89,2,3,3,8,沉睡预警客户
13017.0,6,1,204.0,5,1,1,7,沉睡预警客户
13018.0,15,28,7277.7,4,5,5,14,高价值客户
13021.0,3,9,2616.38,5,5,5,15,高价值客户
13023.0,63,2,689.9,3,2,3,8,沉睡预警客户
13026.0,0,5,975.36,5,4,4,13,高价值客户
13027.0,112,6,6912.0,2,5,5,12,高价值客户
13028.0,21,2,661.3199999999999,4,2,3,9,忠实复购客户
13029.0,29,3,1247.5,4,3,4,11,忠实复购客户
13030.0,10,2,799.48,5,2,3,10,忠实复购客户
13032.0,51,2,1010.18,3,2,4,9,忠实复购客户
13033.0,356,1,190.55,1,1,1,3,流失低价值客户
13034.0,53,2,642.77,3,2,3,8,沉睡预警客户
13035.0,72,2,921.88,2,2,3,7,沉睡预警客户
13037.0,137,3,881.07,2,3,3,8,沉睡预警客户
13038.0,79,3,908.46,2,3,3,8,沉睡预警客户
13040.0,7,2,676.99,5,2,3,10,忠实复购客户
13043.0,272,1,516.42,1,1,3,5,流失低价值客户
13044.0,290,1,560.47,1,1,3,5,流失低价值客户
13045.0,98,1,305.28000000000003,2,1,2,5,流失低价值客户
13046.0,29,2,629.3100000000001,4,2,3,9,忠实复购客户
13047.0,30,10,3237.54,4,5,5,14,高价值客户
13048.0,13,4,1835.91,4,4,4,12,高价值客户
13049.0,63,2,656.6800000000001,3,2,3,8,沉睡预警客户
13050.0,13,17,5836.86,4,5,5,14,高价值客户
13052.0,211,1,348.15000000000003,1,1,2,4,流失低价值客户
13055.0,77,3,1214.41,2,3,4,9,忠实复购客户
13058.0,23,3,271.40000000000003,4,3,2,9,忠实复购客户
13059.0,248,1,183.4,1,1,1,3,流失低价值客户
13060.0,252,1,307.53,1,1,2,4,流失低价值客户
13061.0,71,1,248.61,2,1,1,4,流失低价值客户
13062.0,190,1,346.98,1,1,2,4,流失低价值客户
13064.0,11,4,1119.49,5,4,4,13,高价值客户
13065.0,372,1,205.86,1,1,1,3,流失低价值客户
13066.0,23,2,470.8,4,2,2,8,沉睡预警客户
13067.0,81,1,115.46,2,1,1,4,流失低价值客户
13068.0,9,2,344.0,5,2,2,9,忠实复购客户
13069.0,-1,24,4436.12,5,5,5,15,高价值客户
13070.0,191,1,228.8,1,1,1,3,流失低价值客户
13072.0,265,1,177.15,1,1,1,3,流失低价值客户
13075.0,128,1,919.61,2,1,3,6,沉睡预警客户
13077.0,0,4,729.27,5,4,3,12,高价值客户
13078.0,2,26,12627.94,5,5,5,15,高价值客户
13079.0,3,5,220.1,5,4,1,10,忠实复购客户
13080.0,178,1,58.08,2,1,1,4,流失低价值客户
13081.0,10,11,28337.38,5,5,5,15,高价值客户
13082.0,125,9,3613.63,2,5,5,12,高价值客户
13083.0,3,2,303.75,5,2,2,9,忠实复购客户
13085.0,156,2,416.08,2,2,2,6,沉睡预警客户
13089.0,1,97,58825.83,5,5,5,15,高价值客户
13090.0,7,14,8910.82,5,5,5,15,高价值客户
13091.0,27,1,345.82,4,1,2,7,沉睡预警客户
13092.0,69,5,477.83,3,4,2,9,忠实复购客户
13093.0,274,8,7832.47,1,5,5,11,忠实复购客户
13094.0,20,12,1927.32,4,5,4,13,高价值客户
13095.0,69,1,74.39999999999999,3,1,1,5,流失低价值客户
13097.0,31,10,6010.42,4,5,5,14,高价值客户
13098.0,0,28,28882.44,5,5,5,15,高价值客户
13099.0,98,1,207.36,2,1,1,4,流失低价值客户
13101.0,233,1,101.19,1,1,1,3,流失低价值客户
13102.0,0,24,6424.09,5,5,5,15,高价值客户
13103.0,38,1,243.94,3,1,1,5,流失低价值客户
13104.0,2,6,1098.48,5,5,4,14,高价值客户
13106.0,132,1,76.5,2,1,1,4,流失低价值客户
13107.0,43,4,1531.62,3,4,4,11,忠实复购客户
13108.0,371,1,350.06,1,1,2,4,流失低价值客户
13109.0,58,2,786.54,3,2,3,8,沉睡预警客户
13110.0,30,7,1488.67,4,5,4,13,高价值客户
13113.0,-1,24,12245.96,5,5,5,15,高价值客户
13115.0,10,4,2294.78,5,4,5,14,高价值客户
13116.0,137,1,501.14,2,1,3,6,沉睡预警客户
13117.0,20,8,984.91,4,5,4,13,高价值客户
13118.0,18,5,1197.81,4,4,4,12,高价值客户
13120.0,237,1,30.6,1,1,1,3,流失低价值客户
13121.0,268,1,283.73,1,1,2,4,流失低价值客户
13122.0,93,2,922.39,2,2,3,7,沉睡预警客户
13124.0,88,3,3866.33,2,3,5,10,忠实复购客户
13126.0,3,8,2099.64,5,5,5,15,高价值客户
13127.0,76,1,259.17,2,1,2,5,流失低价值客户
13130.0,93,1,64.0,2,1,1,4,流失低价值客户
13131.0,22,3,1073.3,4,3,4,11,忠实复购客户
13132.0,260,1,77.3,1,1,1,3,流失低价值客户
13133.0,272,2,109.8,1,2,1,4,流失低价值客户
13134.0,84,4,1793.58,2,4,4,10,忠实复购客户
13135.0,195,1,3096.0,1,1,5,7,沉睡预警客户
13136.0,55,5,2607.61,3,4,5,12,高价值客户
13137.0,9,8,3650.41,5,5,5,15,高价值客户
13138.0,21,6,962.39,4,5,4,13,高价值客户
13139.0,15,7,5064.94,4,5,5,14,高价值客户
13140.0,107,3,423.72,2,3,2,7,沉睡预警客户
13141.0,83,5,2388.75,2,4,5,11,忠实复购客户
13142.0,18,1,307.09,4,1,2,7,沉睡预警客户
13144.0,331,1,110.95,1,1,1,3,流失低价值客户
13145.0,38,4,618.52,3,4,3,10,忠实复购客户
13146.0,25,1,228.91,4,1,1,6,沉睡预警客户
13147.0,9,4,712.8000000000001,5,4,3,12,高价值客户
13148.0,28,12,3707.12,4,5,5,14,高价值客户
13149.0,13,4,1676.06,4,4,4,12,高价值客户
13151.0,294,1,1257.87,1,1,4,6,沉睡预警客户
13153.0,4,1,486.22,5,1,2,8,沉睡预警客户
13155.0,32,4,971.76,3,4,4,11,忠实复购客户
13157.0,48,4,1741.22,3,4,4,11,忠实复购客户
13158.0,93,4,1201.06,2,4,4,10,忠实复购客户
13159.0,7,4,1437.85,5,4,4,13,高价值客户
13160.0,21,1,91.8,4,1,1,6,沉睡预警客户
13161.0,312,1,112.75,1,1,1,3,流失低价值客户
13162.0,121,4,1688.29,2,4,4,10,忠实复购客户
13165.0,45,2,1021.48,3,2,4,9,忠实复购客户
13166.0,282,1,417.2,1,1,2,4,流失低价值客户
13167.0,17,4,791.33,4,4,3,11,忠实复购客户
13168.0,35,4,1319.19,3,4,4,11,忠实复购客户
13169.0,62,2,712.88,3,2,3,8,沉睡预警客户
13170.0,25,1,116.01,4,1,1,6,沉睡预警客户
13171.0,20,3,468.41,4,3,2,9,忠实复购客户
13173.0,3,2,353.65,5,2,2,9,忠实复购客户
13174.0,15,3,2817.03,4,3,5,12,高价值客户
13176.0,45,1,492.84,3,1,3,7,沉睡预警客户
13177.0,63,1,282.45,3,1,2,6,沉睡预警客户
13178.0,25,11,5725.47,4,5,5,14,高价值客户
13182.0,44,1,121.18,3,1,1,5,流失低价值客户
13183.0,6,9,3957.78,5,5,5,15,高价值客户
13184.0,13,10,1701.29,4,5,4,13,高价值客户
13185.0,266,1,71.4,1,1,1,3,流失低价值客户
13186.0,38,3,1575.89,3,3,4,10,忠实复购客户
13187.0,336,1,236.02,1,1,1,3,流失低价值客户
13188.0,10,1,114.6,5,1,1,7,沉睡预警客户
13189.0,17,2,260.68,4,2,2,8,沉睡预警客户
13192.0,94,2,911.94,2,2,3,7,沉睡预警客户
13193.0,60,1,117.88,3,1,1,5,流失低价值客户
13194.0,134,1,60.7,2,1,1,4,流失低价值客户
13196.0,10,4,1797.78,5,4,4,13,高价值客户
13198.0,9,6,3401.24,5,5,5,15,高价值客户
13199.0,2,38,9817.12,5,5,5,15,高价值客户
13200.0,18,4,870.09,4,4,3,11,忠实复购客户
13203.0,8,4,869.46,5,4,3,12,高价值客户
13207.0,14,2,250.26,4,2,2,8,沉睡预警客户
13208.0,57,6,1223.9,3,5,4,12,高价值客户
13209.0,29,8,5891.61,4,5,5,14,高价值客户
13210.0,92,1,353.48,2,1,2,5,流失低价值客户
13211.0,9,3,1197.42,5,3,4,12,高价值客户
13212.0,18,3,788.08,4,3,3,10,忠实复购客户
13213.0,55,5,1520.58,3,4,4,11,忠实复购客户
13216.0,266,1,333.74,1,1,2,4,流失低价值客户
13217.0,121,3,533.98,2,3,3,8,沉睡预警客户
13218.0,126,1,62.63999999999999,2,1,1,4,流失低价值客户
13220.0,77,4,819.2900000000001,2,4,3,9,忠实复购客户
13221.0,239,2,847.41,1,2,3,6,沉睡预警客户
13223.0,199,2,163.20000000000002,1,2,1,4,流失低价值客户
13224.0,59,2,2155.95,3,2,5,10,忠实复购客户
13225.0,2,7,6463.84,5,5,5,15,高价值客户
13226.0,272,1,108.21,1,1,1,3,流失低价值客户
13227.0,200,1,257.7,1,1,2,4,流失低价值客户
13228.0,80,1,358.0,2,1,2,5,流失低价值客户
13229.0,224,1,160.95,1,1,1,3,流失低价值客户
13230.0,3,14,2806.97,5,5,5,15,高价值客户
13232.0,11,7,1357.6,5,5,4,14,高价值客户
13233.0,73,2,605.12,2,2,3,7,沉睡预警客户
13235.0,211,1,1031.07,1,1,4,6,沉睡预警客户
13236.0,23,2,744.85,4,2,3,9,忠实复购客户
13238.0,16,4,700.73,4,4,3,11,忠实复购客户
13239.0,260,1,329.56,1,1,2,4,流失低价值客户
13240.0,95,4,663.65,2,4,3,9,忠实复购客户
13242.0,111,3,270.40000000000003,2,3,2,7,沉睡预警客户
13243.0,202,1,600.07,1,1,3,5,流失低价值客户
13244.0,91,1,121.74,2,1,1,4,流失低价值客户
13245.0,49,1,430.5,3,1,2,6,沉睡预警客户
13246.0,17,6,1987.3,4,5,4,13,高价值客户
13247.0,16,4,501.12,4,4,3,11,忠实复购客户
13248.0,123,2,465.68,2,2,2,6,沉睡预警客户
13249.0,91,3,711.41,2,3,3,8,沉睡预警客户
13253.0,155,2,1030.4,2,2,4,8,沉睡预警客户
13255.0,8,2,399.51,5,2,2,9,忠实复购客户
13256.0,13,1,0.0,4,1,1,6,沉睡预警客户
13258.0,10,3,698.58,5,3,3,11,忠实复购客户
13259.0,60,1,292.32,3,1,2,6,沉睡预警客户
13260.0,60,1,557.62,3,1,3,7,沉睡预警客户
13261.0,267,2,944.1,1,2,4,7,沉睡预警客户
13262.0,262,1,200.29,1,1,1,3,流失低价值客户
13263.0,0,35,7454.07,5,5,5,15,高价值客户
13265.0,52,5,2107.66,3,4,5,12,高价值客户
13266.0,10,12,3834.26,5,5,5,15,高价值客户
13267.0,1,19,4521.49,5,5,5,15,高价值客户
13268.0,16,11,3214.69,4,5,5,14,高价值客户
13269.0,0,15,5346.2300000000005,5,5,5,15,高价值客户
13270.0,365,1,590.0,1,1,3,5,流失低价值客户
13271.0,36,1,217.38,3,1,1,5,流失低价值客户
13272.0,30,2,276.56,4,2,2,8,沉睡预警客户
13273.0,112,1,138.98,2,1,1,4,流失低价值客户
13276.0,62,2,590.9300000000001,3,2,3,8,沉睡预警客户
13277.0,14,4,258.4,4,4,2,10,忠实复购客户
13278.0,39,1,542.73,3,1,3,7,沉睡预警客户
13279.0,77,1,137.75,2,1,1,4,流失低价值客户
13280.0,121,3,814.86,2,3,3,8,沉睡预警客户
13282.0,17,3,1132.14,4,3,4,11,忠实复购客户
13283.0,58,2,93.66,3,2,1,6,沉睡预警客户
13284.0,329,1,201.19,1,1,1,3,流失低价值客户
13285.0,22,4,2709.12,4,4,5,13,高价值客户
13291.0,154,1,361.11,2,1,2,5,流失低价值客户
13292.0,37,2,578.9399999999999,3,2,3,8,沉睡预警客户
13294.0,188,2,873.74,1,2,3,6,沉睡预警客户
13295.0,358,1,201.2,1,1,1,3,流失低价值客户
13296.0,136,1,87.4,2,1,1,4,流失低价值客户
13297.0,6,4,2089.85,5,4,5,14,高价值客户
13298.0,0,1,360.0,5,1,2,8,沉睡预警客户
13299.0,267,1,142.5,1,1,1,3,流失低价值客户
13300.0,168,1,371.89,2,1,2,5,流失低价值客户
13301.0,102,4,618.09,2,4,3,9,忠实复购客户
13302.0,154,1,63.75,2,1,1,4,流失低价值客户
13304.0,350,1,300.42,1,1,2,4,流失低价值客户
13305.0,3,10,2000.86,5,5,4,14,高价值客户
13307.0,119,1,15.0,2,1,1,4,流失低价值客户
13308.0,21,3,1385.51,4,3,4,11,忠实复购客户
13309.0,6,5,1456.79,5,4,4,13,高价值客户
13310.0,27,3,1132.03,4,3,4,11,忠实复购客户
13311.0,3,2,598.57,5,2,3,10,忠实复购客户
13313.0,21,5,1555.32,4,4,4,12,高价值客户
13314.0,0,3,775.94,5,3,3,11,忠实复购客户
13316.0,36,4,5977.7300000000005,3,4,5,12,高价值客户
13317.0,65,6,2273.68,3,5,5,13,高价值客户
13318.0,0,3,640.76,5,3,3,11,忠实复购客户
13319.0,4,26,10845.55,5,5,5,15,高价值客户
13320.0,77,4,1548.7,2,4,4,10,忠实复购客户
13321.0,71,2,567.36,2,2,3,7,沉睡预警客户
13322.0,16,1,199.48,4,1,1,6,沉睡预警客户
13323.0,2,5,787.85,5,4,3,12,高价值客户
13324.0,35,10,7121.95,3,5,5,13,高价值客户
13325.0,80,1,675.3,2,1,3,6,沉睡预警客户
13327.0,37,8,3627.77,3,5,5,13,高价值客户
13328.0,315,1,1308.48,1,1,4,6,沉睡预警客户
13329.0,30,2,789.0,4,2,3,9,忠实复购客户
13330.0,91,3,1140.93,2,3,4,9,忠实复购客户
13332.0,13,1,350.9,4,1,2,7,沉睡预警客户
13334.0,81,3,3536.82,2,3,5,10,忠实复购客户
13336.0,76,1,795.12,2,1,3,6,沉睡预警客户
13338.0,156,1,487.02,2,1,2,5,流失低价值客户
13339.0,199,1,860.12,1,1,3,5,流失低价值客户
13340.0,44,7,10736.48,3,5,5,13,高价值客户
13341.0,259,1,775.85,1,1,3,5,流失低价值客户
13343.0,176,1,353.43,2,1,2,5,流失低价值客户
13344.0,66,3,2543.72,3,3,5,11,忠实复购客户
13345.0,286,1,389.5,1,1,2,4,流失低价值客户
13347.0,69,1,341.36,3,1,2,6,沉睡预警客户
13348.0,63,1,233.76,3,1,1,5,流失低价值客户
13349.0,9,1,247.32,5,1,1,7,沉睡预警客户
13350.0,15,2,979.12,4,2,4,10,忠实复购客户
13351.0,65,1,373.94,3,1,2,6,沉睡预警客户
13352.0,59,1,397.98,3,1,2,6,沉睡预警客户
13354.0,70,1,743.53,3,1,3,7,沉睡预警客户
13355.0,121,1,674.7,2,1,3,6,沉睡预警客户
13356.0,79,1,768.24,2,1,3,6,沉睡预警客户
13357.0,256,1,609.95,1,1,3,5,流失低价值客户
13358.0,267,1,439.03,1,1,2,4,流失低价值客户
13359.0,62,1,439.56,3,1,2,6,沉睡预警客户
13362.0,8,4,3090.74,5,4,5,14,高价值客户
13363.0,16,2,992.5,4,2,4,10,忠实复购客户
13364.0,70,1,134.96,3,1,1,5,流失低价值客户
13365.0,32,2,2225.37,3,2,5,10,忠实复购客户
13366.0,49,1,56.16,3,1,1,5,流失低价值客户
13368.0,255,2,623.4,1,2,3,6,沉睡预警客户
13369.0,364,1,308.28000000000003,1,1,2,4,流失低价值客户
13370.0,370,1,754.87,1,1,3,5,流失低价值客户
13372.0,88,1,378.64,2,1,2,5,流失低价值客户
13373.0,59,3,3312.25,3,3,5,11,忠实复购客户
13375.0,87,1,778.65,2,1,3,6,沉睡预警客户
13376.0,98,3,1019.76,2,3,4,9,忠实复购客户
13379.0,25,3,572.56,4,3,3,10,忠实复购客户
13381.0,30,6,3639.31,4,5,5,14,高价值客户
13382.0,279,1,222.99,1,1,1,3,流失低价值客户
13384.0,29,7,4151.93,4,5,5,14,高价值客户
13385.0,328,1,534.57,1,1,3,5,流失低价值客户
13388.0,130,2,677.1,2,2,3,7,沉睡预警客户
13389.0,10,3,797.96,5,3,3,11,忠实复购客户
13390.0,73,1,544.08,2,1,3,6,沉睡预警客户
13391.0,202,1,59.8,1,1,1,3,流失低价值客户
13394.0,0,8,2520.02,5,5,5,15,高价值客户
13395.0,184,1,307.72,1,1,2,4,流失低价值客户
13396.0,28,2,1360.99,4,2,4,10,忠实复购客户
13397.0,71,5,1544.13,2,4,4,10,忠实复购客户
13398.0,191,1,457.34,1,1,2,4,流失低价值客户
13402.0,126,2,621.23,2,2,3,7,沉睡预警客户
13403.0,16,1,75.0,4,1,1,6,沉睡预警客户
13404.0,0,2,252.49,5,2,2,9,忠实复购客户
13405.0,73,3,572.451,2,3,3,8,沉睡预警客户
13408.0,0,62,28117.04,5,5,5,15,高价值客户
13410.0,23,5,1003.06,4,4,4,12,高价值客户
13411.0,106,1,213.55,2,1,1,4,流失低价值客户
13414.0,132,3,1390.5,2,3,4,9,忠实复购客户
13416.0,42,2,712.5,3,2,3,8,沉睡预警客户
13417.0,3,2,640.83,5,2,3,10,忠实复购客户
13418.0,10,18,6127.43,5,5,5,15,高价值客户
13419.0,62,1,221.06,3,1,1,5,流失低价值客户
13420.0,148,2,159.85,2,2,1,5,流失低价值客户
13421.0,39,2,1851.08,3,2,4,9,忠实复购客户
13422.0,63,1,2626.3,3,1,5,9,忠实复购客户
13425.0,107,3,1624.21,2,3,4,9,忠实复购客户
13426.0,-1,10,3641.32,5,5,5,15,高价值客户
13427.0,18,3,582.6,4,3,3,10,忠实复购客户
13428.0,9,1,218.47,5,1,1,7,沉睡预警客户
13429.0,9,4,1006.8,5,4,4,13,高价值客户
13430.0,17,2,679.45,4,2,3,9,忠实复购客户
13431.0,66,2,1269.1,3,2,4,9,忠实复购客户
13434.0,73,2,534.24,2,2,3,7,沉睡预警客户
13435.0,4,7,3809.89,5,5,5,15,高价值客户
13436.0,0,1,196.89,5,1,1,7,沉睡预警客户
13437.0,13,7,3408.06,4,5,5,14,高价值客户
13439.0,254,1,283.71,1,1,2,4,流失低价值客户
13441.0,90,1,296.64,2,1,2,5,流失低价值客户
13447.0,22,3,1129.14,4,3,4,11,忠实复购客户
13448.0,15,6,3539.3700000000003,4,5,5,14,高价值客户
13449.0,22,1,291.88,4,1,2,7,沉睡预警客户
13450.0,25,6,2043.72,4,5,4,13,高价值客户
13451.0,25,5,2976.15,4,4,5,13,高价值客户
13452.0,258,2,590.0,1,2,3,6,沉睡预警客户
13453.0,164,2,356.98,2,2,2,6,沉睡预警客户
13455.0,23,2,1058.34,4,2,4,10,忠实复购客户
13456.0,16,6,1766.72,4,5,4,13,高价值客户
13458.0,6,14,9646.57,5,5,5,15,高价值客户
13460.0,28,2,183.44,4,2,1,7,沉睡预警客户
13461.0,37,3,1445.0,3,3,4,10,忠实复购客户
13462.0,251,1,151.5,1,1,1,3,流失低价值客户
13464.0,57,1,674.68,3,1,3,7,沉睡预警客户
13466.0,183,1,307.9,1,1,2,4,流失低价值客户
13467.0,9,2,1083.71,5,2,4,11,忠实复购客户
13468.0,0,37,5704.97,5,5,5,15,高价值客户
13470.0,98,2,165.0,2,2,1,5,流失低价值客户
13471.0,0,4,2531.58,5,4,5,14,高价值客户
13473.0,59,2,422.64,3,2,2,7,沉睡预警客户
13474.0,235,1,229.59,1,1,1,3,流失低价值客户
13475.0,190,4,1431.78,1,4,4,9,忠实复购客户
13476.0,177,2,1238.47,2,2,4,8,沉睡预警客户
13477.0,36,6,1454.58,3,5,4,12,高价值客户
13479.0,199,2,300.95,1,2,2,5,流失低价值客户
13481.0,44,5,1804.56,3,4,4,11,忠实复购客户
13482.0,231,1,184.64,1,1,1,3,流失低价值客户
13483.0,64,1,140.34,3,1,1,5,流失低价值客户
13484.0,240,1,313.8,1,1,2,4,流失低价值客户
13485.0,232,1,454.24,1,1,2,4,流失低价值客户
13486.0,77,3,1122.41,2,3,4,9,忠实复购客户
13487.0,56,3,575.4,3,3,3,9,忠实复购客户
13488.0,16,13,8968.31,4,5,5,14,高价值客户
13489.0,104,4,449.52,2,4,2,8,沉睡预警客户
13491.0,50,10,1215.82,3,5,4,12,高价值客户
13492.0,135,3,1269.84,2,3,4,9,忠实复购客户
13493.0,274,2,618.63,1,2,3,6,沉睡预警客户
13494.0,310,1,316.26000000000005,1,1,2,4,流失低价值客户
13495.0,6,5,2044.87,5,4,4,13,高价值客户
13496.0,9,2,653.33,5,2,3,10,忠实复购客户
13497.0,281,2,348.05,1,2,2,5,流失低价值客户
13499.0,16,5,1159.11,4,4,4,12,高价值客户
13500.0,22,3,1166.77,4,3,4,11,忠实复购客户
13501.0,287,1,1340.32,1,1,4,6,沉睡预警客户
13502.0,15,3,292.0,4,3,2,9,忠实复购客户
13503.0,70,1,216.85,3,1,1,5,流失低价值客户
13504.0,63,1,295.93,3,1,2,6,沉睡预警客户
13505.0,71,4,4393.63,2,4,5,11,忠实复购客户
13506.0,315,2,458.52,1,2,2,5,流失低价值客户
13507.0,2,4,2479.16,5,4,5,14,高价值客户
13508.0,242,1,110.97,1,1,1,3,流失低价值客户
13509.0,7,7,979.72,5,5,4,14,高价值客户
13510.0,0,4,1791.56,5,4,4,13,高价值客户
13512.0,259,1,251.21,1,1,2,4,流失低价值客户
13513.0,125,1,205.1,2,1,1,4,流失低价值客户
13514.0,72,1,152.20000000000002,2,1,1,4,流失低价值客户
13515.0,71,4,891.12,2,4,3,9,忠实复购客户
13516.0,20,3,1389.41,4,3,4,11,忠实复购客户
13517.0,58,3,2128.42,3,3,5,11,忠实复购客户
13518.0,84,1,659.4399999999999,2,1,3,6,沉睡预警客户
13519.0,77,1,122.75,2,1,1,4,流失低价值客户
13520.0,57,6,3624.35,3,5,5,13,高价值客户
13521.0,0,3,1093.65,5,3,4,12,高价值客户
13522.0,29,1,125.8,4,1,1,6,沉睡预警客户
13523.0,32,5,3964.88,3,4,5,12,高价值客户
13524.0,39,5,680.1800000000001,3,4,3,10,忠实复购客户
13525.0,13,2,628.78,4,2,3,9,忠实复购客户
13527.0,32,7,2287.51,3,5,5,13,高价值客户
13529.0,77,2,307.76,2,2,2,6,沉睡预警客户
13531.0,204,2,483.8,1,2,2,5,流失低价值客户
13532.0,32,1,210.31,3,1,1,5,流失低价值客户
13533.0,181,3,270.79,1,3,2,6,沉睡预警客户
13534.0,1,25,5870.08,5,5,5,15,高价值客户
13536.0,0,7,3448.29,5,5,5,15,高价值客户
13538.0,42,7,1280.85,3,5,4,12,高价值客户
13539.0,84,3,631.34,2,3,3,8,沉睡预警客户
13544.0,38,2,291.41,3,2,2,7,沉睡预警客户
13546.0,11,3,626.99,5,3,3,11,忠实复购客户
13548.0,95,2,682.41,2,2,3,7,沉睡预警客户
13549.0,24,7,918.2,4,5,3,12,高价值客户
13551.0,318,1,91.8,1,1,1,3,流失低价值客户
13552.0,65,12,3740.07,3,5,5,13,高价值客户
13555.0,72,4,4149.28,2,4,5,11,忠实复购客户
13557.0,27,2,584.06,4,2,3,9,忠实复购客户
13558.0,4,4,605.06,5,4,3,12,高价值客户
13560.0,6,1,174.37,5,1,1,7,沉睡预警客户
13561.0,214,1,141.86,1,1,1,3,流失低价值客户
13562.0,80,3,1799.33,2,3,4,9,忠实复购客户
13563.0,83,2,777.53,2,2,3,7,沉睡预警客户
13564.0,143,3,1749.02,2,3,4,9,忠实复购客户
13565.0,18,2,240.22,4,2,1,7,沉睡预警客户
13566.0,39,2,874.71,3,2,3,8,沉睡预警客户
13568.0,172,1,192.85,2,1,1,4,流失低价值客户
13569.0,16,2,373.75,4,2,2,8,沉睡预警客户
13570.0,242,1,239.49,1,1,1,3,流失低价值客户
13571.0,11,12,2092.32,5,5,5,15,高价值客户
13572.0,204,1,1384.25,1,1,4,6,沉睡预警客户
13573.0,49,2,294.4,3,2,2,7,沉睡预警客户
13575.0,22,5,732.0699999999999,4,4,3,11,忠实复购客户
13576.0,9,18,6717.34,5,5,5,15,高价值客户
13577.0,24,4,1687.6,4,4,4,12,高价值客户
13579.0,13,2,467.04,4,2,2,8,沉睡预警客户
13581.0,308,1,118.0,1,1,1,3,流失低价值客户
13583.0,154,1,781.03,2,1,3,6,沉睡预警客户
13584.0,305,1,142.4,1,1,1,3,流失低价值客户
13587.0,62,1,712.4,3,1,3,7,沉睡预警客户
13588.0,14,9,2478.95,4,5,5,14,高价值客户
13589.0,13,2,379.65,4,2,2,8,沉睡预警客户
13590.0,10,6,1981.92,5,5,4,14,高价值客户
13591.0,63,3,1117.13,3,3,4,10,忠实复购客户
13592.0,34,4,247.96,3,4,1,8,沉睡预警客户
13593.0,107,5,2037.08,2,4,4,10,忠实复购客户
13594.0,51,1,396.97,3,1,2,6,沉睡预警客户
13596.0,4,2,697.04,5,2,3,10,忠实复购客户
13598.0,46,1,180.17,3,1,1,5,流失低价值客户
13599.0,0,21,5153.67,5,5,5,15,高价值客户
13600.0,311,1,219.52,1,1,1,3,流失低价值客户
13601.0,44,2,693.32,3,2,3,8,沉睡预警客户
13602.0,63,1,428.89,3,1,2,6,沉睡预警客户
13603.0,25,1,164.34,4,1,1,6,沉睡预警客户
13606.0,28,3,280.54,4,3,2,9,忠实复购客户
13607.0,39,1,678.01,3,1,3,7,沉睡预警客户
13610.0,11,7,1131.88,5,5,4,14,高价值客户
13611.0,88,3,1171.8,2,3,4,9,忠实复购客户
13614.0,23,4,1610.46,4,4,4,12,高价值客户
13615.0,317,1,417.69,1,1,2,4,流失低价值客户
13617.0,39,3,544.18,3,3,3,9,忠实复购客户
13618.0,172,1,177.34,2,1,1,4,流失低价值客户
13621.0,115,1,213.85,2,1,1,4,流失低价值客户
13623.0,29,5,747.78,4,4,3,11,忠实复购客户
13626.0,251,1,257.23,1,1,2,4,流失低价值客户
13627.0,58,5,1638.47,3,4,4,11,忠实复购客户
13629.0,22,11,7792.36,4,5,5,14,高价值客户
13630.0,4,7,2031.78,5,5,4,14,高价值客户
13631.0,98,11,3070.42,2,5,5,12,高价值客户
13632.0,23,5,2121.27,4,4,5,13,高价值客户
13634.0,32,5,1575.16,3,4,4,11,忠实复购客户
13635.0,66,1,1071.03,3,1,4,8,沉睡预警客户
13636.0,35,5,949.12,3,4,4,11,忠实复购客户
13637.0,51,3,810.5,3,3,3,9,忠实复购客户
13638.0,14,1,122.64,4,1,1,6,沉睡预警客户
13639.0,73,1,1033.34,2,1,4,7,沉睡预警客户
13642.0,214,1,354.8,1,1,2,4,流失低价值客户
13643.0,30,3,519.44,4,3,3,10,忠实复购客户
13644.0,15,4,2624.26,4,4,5,13,高价值客户
13645.0,119,1,252.1,2,1,2,5,流失低价值客户
13647.0,8,4,1678.12,5,4,4,13,高价值客户
13649.0,255,2,346.6,1,2,2,5,流失低价值客户
13650.0,15,6,1836.34,4,5,4,13,高价值客户
13651.0,34,2,94.2,3,2,1,6,沉睡预警客户
13652.0,44,3,1095.08,3,3,4,10,忠实复购客户
13654.0,42,6,2707.33,3,5,5,13,高价值客户
13655.0,113,2,932.97,2,2,3,7,沉睡预警客户
13656.0,163,2,379.65,2,2,2,6,沉睡预警客户
13657.0,9,2,382.14,5,2,2,9,忠实复购客户
13658.0,8,5,2639.17,5,4,5,14,高价值客户
13659.0,204,2,1573.2,1,2,4,7,沉睡预警客户
13662.0,84,3,897.76,2,3,3,8,沉睡预警客户
13663.0,178,1,189.47,2,1,1,4,流失低价值客户
13666.0,59,3,84.65,3,3,1,7,沉睡预警客户
13667.0,148,1,305.02,2,1,2,5,流失低价值客户
13668.0,1,21,6363.59,5,5,5,15,高价值客户
13669.0,49,2,218.55,3,2,1,6,沉睡预警客户
13670.0,74,1,349.7,2,1,2,5,流失低价值客户
13672.0,300,2,186.39,1,2,1,4,流失低价值客户
13673.0,17,2,396.92,4,2,2,8,沉睡预警客户
13675.0,150,2,486.8200000000001,2,2,2,6,沉睡预警客户
13678.0,150,1,232.6,2,1,1,4,流失低价值客户
13680.0,0,4,3722.42,5,4,5,14,高价值客户
13681.0,16,4,827.83,4,4,3,11,忠实复购客户
13682.0,186,1,59.5,1,1,1,3,流失低价值客户
13684.0,284,1,67.23,1,1,1,3,流失低价值客户
13685.0,1,7,3119.44,5,5,5,15,高价值客户
13686.0,181,1,72.0,1,1,1,3,流失低价值客户
13689.0,62,1,910.0,3,1,3,7,沉睡预警客户
13690.0,58,1,172.25,3,1,1,5,流失低价值客户
13692.0,23,3,1488.32,4,3,4,11,忠实复购客户
13694.0,2,50,65039.62,5,5,5,15,高价值客户
13695.0,30,15,2504.13,4,5,5,14,高价值客户
13697.0,37,1,151.29999999999998,3,1,1,5,流失低价值客户
13699.0,154,1,308.58000000000004,2,1,2,5,流失低价值客户
13700.0,25,10,2265.12,4,5,5,14,高价值客户
13703.0,317,1,99.5,1,1,1,3,流失低价值客户
13704.0,4,9,2308.06,5,5,5,15,高价值客户
13705.0,6,3,711.86,5,3,3,11,忠实复购客户
13706.0,301,1,330.79,1,1,2,4,流失低价值客户
13707.0,266,2,806.41,1,2,3,6,沉睡预警客户
13708.0,270,1,296.88,1,1,2,4,流失低价值客户
13709.0,2,13,6328.05,5,5,5,15,高价值客户
13710.0,30,1,180.48,4,1,1,6,沉睡预警客户
13711.0,217,2,252.06,1,2,2,5,流失低价值客户
13712.0,245,1,228.84,1,1,1,3,流失低价值客户
13715.0,280,5,1079.34,1,4,4,9,忠实复购客户
13716.0,268,1,138.28,1,1,1,3,流失低价值客户
13717.0,31,6,1445.01,4,5,4,13,高价值客户
13718.0,245,2,306.55,1,2,2,5,流失低价值客户
13719.0,14,5,1041.68,4,4,4,12,高价值客户
13720.0,115,4,799.9,2,4,3,9,忠实复购客户
13721.0,35,1,524.14,3,1,3,7,沉睡预警客户
13722.0,130,3,2375.41,2,3,5,10,忠实复购客户
13723.0,216,1,199.85,1,1,1,3,流失低价值客户
13725.0,48,8,1980.56,3,5,4,12,高价值客户
13726.0,37,2,1079.66,3,2,4,9,忠实复购客户
13727.0,27,2,333.48,4,2,2,8,沉睡预警客户
13728.0,35,6,1016.14,3,5,4,12,高价值客户
13730.0,134,2,752.6,2,2,3,7,沉睡预警客户
13731.0,218,2,610.59,1,2,3,6,沉睡预警客户
13732.0,27,1,491.86,4,1,3,8,沉睡预警客户
13735.0,23,4,2885.24,4,4,5,13,高价值客户
13736.0,4,2,731.9,5,2,3,10,忠实复购客户
13737.0,199,1,339.6,1,1,2,4,流失低价值客户
13739.0,17,1,216.9,4,1,1,6,沉睡预警客户
13740.0,239,1,350.75,1,1,2,4,流失低价值客户
13741.0,70,3,668.4300000000001,3,3,3,9,忠实复购客户
13742.0,15,12,3131.02,4,5,5,14,高价值客户
13743.0,1,7,1341.6,5,5,4,14,高价值客户
13744.0,94,2,1156.36,2,2,4,8,沉睡预警客户
13745.0,161,1,300.04,2,1,2,5,流失低价值客户
13747.0,372,1,79.6,1,1,1,3,流失低价值客户
13748.0,94,5,948.25,2,4,4,10,忠实复购客户
13750.0,52,5,1647.26,3,4,4,11,忠实复购客户
13751.0,287,1,296.25,1,1,2,4,流失低价值客户
13752.0,123,6,1186.28,2,5,4,11,忠实复购客户
13753.0,286,1,741.26,1,1,3,5,流失低价值客户
13754.0,150,2,282.6,2,2,2,6,沉睡预警客户
13755.0,2,9,2161.35,5,5,5,15,高价值客户
13756.0,1,14,5189.52,5,5,5,15,高价值客户
13758.0,10,7,3190.55,5,5,5,15,高价值客户
13759.0,32,2,659.41,3,2,3,8,沉睡预警客户
13760.0,53,2,286.79,3,2,2,7,沉睡预警客户
13761.0,49,2,1070.65,3,2,4,9,忠实复购客户
13762.0,217,1,306.72,1,1,2,4,流失低价值客户
13763.0,62,1,1714.96,3,1,4,8,沉睡预警客户
13764.0,69,3,1521.76,3,3,4,10,忠实复购客户
13767.0,1,37,17220.36,5,5,5,15,高价值客户
13769.0,1,10,2796.51,5,5,5,15,高价值客户
13771.0,63,4,2634.45,3,4,5,12,高价值客户
13772.0,32,3,1132.13,3,3,4,10,忠实复购客户
13774.0,80,1,345.0,2,1,2,5,流失低价值客户
13777.0,-1,33,25977.16,5,5,5,15,高价值客户
13778.0,102,1,178.7,2,1,1,4,流失低价值客户
13780.0,6,2,360.01,5,2,2,9,忠实复购客户
13781.0,249,1,127.84,1,1,1,3,流失低价值客户
13782.0,11,6,912.0,5,5,3,13,高价值客户
13784.0,8,11,2462.79,5,5,5,15,高价值客户
13786.0,366,1,230.4,1,1,1,3,流失低价值客户
13787.0,74,2,309.04,2,2,2,6,沉睡预警客户
13790.0,3,1,348.8,5,1,2,8,沉睡预警客户
13791.0,126,2,1516.0,2,2,4,8,沉睡预警客户
13792.0,65,2,195.55,3,2,1,6,沉睡预警客户
13798.0,0,57,37153.85,5,5,5,15,高价值客户
13799.0,115,2,688.86,2,2,3,7,沉睡预警客户
13800.0,308,1,558.32,1,1,3,5,流失低价值客户
13801.0,65,1,324.8,3,1,2,6,沉睡预警客户
13802.0,137,3,4599.42,2,3,5,10,忠实复购客户
13803.0,254,1,277.07,1,1,2,4,流失低价值客户
13804.0,29,7,2635.79,4,5,5,14,高价值客户
13805.0,51,2,924.6,3,2,3,8,沉睡预警客户
13806.0,62,1,256.38,3,1,2,6,沉睡预警客户
13807.0,366,1,112.6,1,1,1,3,流失低价值客户
13808.0,4,5,1747.66,5,4,4,13,高价值客户
13809.0,304,1,155.05,1,1,1,3,流失低价值客户
13810.0,27,3,1499.01,4,3,4,11,忠实复购客户
13811.0,182,3,814.5,1,3,3,7,沉睡预警客户
13812.0,41,3,539.0,3,3,3,9,忠实复购客户
13813.0,38,4,1366.86,3,4,4,11,忠实复购客户
13814.0,91,2,1579.12,2,2,4,8,沉睡预警客户
13815.0,21,4,4027.36,4,4,5,13,高价值客户
13816.0,22,2,571.67,4,2,3,9,忠实复购客户
13817.0,28,2,382.98,4,2,2,8,沉睡预警客户
13819.0,300,3,1140.35,1,3,4,8,沉睡预警客户
13821.0,143,2,385.64,2,2,2,6,沉睡预警客户
13822.0,4,2,632.0,5,2,3,10,忠实复购客户
13823.0,17,2,957.66,4,2,4,10,忠实复购客户
13824.0,31,5,1698.94,4,4,4,12,高价值客户
13826.0,175,1,189.5,2,1,1,4,流失低价值客户
13827.0,56,3,412.05,3,3,2,8,沉睡预警客户
13828.0,21,1,209.49,4,1,1,6,沉睡预警客户
13831.0,15,6,2202.99,4,5,5,14,高价值客户
13832.0,18,1,52.2,4,1,1,6,沉睡预警客户
13833.0,158,1,384.8,2,1,2,5,流失低价值客户
13835.0,24,4,834.57,4,4,3,11,忠实复购客户
13837.0,210,2,271.24,1,2,2,5,流失低价值客户
13838.0,4,4,691.73,5,4,3,12,高价值客户
13841.0,251,1,85.0,1,1,1,3,流失低价值客户
13842.0,57,9,3385.62,3,5,5,13,高价值客户
13844.0,10,1,361.62,5,1,2,8,沉睡预警客户
13845.0,63,1,312.98,3,1,2,6,沉睡预警客户
13846.0,23,3,865.0600000000001,4,3,3,10,忠实复购客户
13848.0,91,3,1255.0,2,3,4,9,忠实复购客户
13849.0,50,2,1537.95,3,2,4,9,忠实复购客户
13850.0,128,1,1595.48,2,1,4,7,沉睡预警客户
13851.0,94,3,2651.46,2,3,5,10,忠实复购客户
13853.0,56,1,1090.14,3,1,4,8,沉睡预警客户
13854.0,7,25,8109.519999999999,5,5,5,15,高价值客户
13856.0,167,3,388.5,2,3,2,7,沉睡预警客户
13858.0,56,1,216.17,3,1,1,5,流失低价值客户
13859.0,325,1,201.16,1,1,1,3,流失低价值客户
13860.0,0,5,1245.9,5,4,4,13,高价值客户
13862.0,17,8,2209.36,4,5,5,14,高价值客户
13863.0,246,1,305.78,1,1,2,4,流失低价值客户
13865.0,57,4,501.56,3,4,3,10,忠实复购客户
13866.0,73,1,145.67000000000002,2,1,1,4,流失低价值客户
13867.0,30,3,1015.29,4,3,4,11,忠实复购客户
13868.0,6,2,3192.54,5,2,5,12,高价值客户
13869.0,122,4,3104.95,2,4,5,11,忠实复购客户
13870.0,1,8,2770.94,5,5,5,15,高价值客户
13871.0,21,13,6403.25,4,5,5,14,高价值客户
13873.0,118,3,389.6,2,3,2,7,沉睡预警客户
13874.0,357,1,540.45,1,1,3,5,流失低价值客户
13875.0,52,5,1786.79,3,4,4,11,忠实复购客户
13876.0,62,1,122.7,3,1,1,5,流失低价值客户
13877.0,85,1,117.24,2,1,1,4,流失低价值客户
13878.0,53,1,1281.53,3,1,4,8,沉睡预警客户
13880.0,20,13,3219.77,4,5,5,14,高价值客户
13881.0,2,20,17159.52,5,5,5,15,高价值客户
13882.0,1,5,1191.13,5,4,4,13,高价值客户
13883.0,9,5,2674.48,5,4,5,14,高价值客户
13884.0,6,5,787.6,5,4,3,12,高价值客户
13885.0,188,2,506.8,1,2,3,6,沉睡预警客户
13886.0,70,1,243.56,3,1,1,5,流失低价值客户
13887.0,203,1,349.55,1,1,2,4,流失低价值客户
13888.0,118,2,605.63,2,2,3,7,沉睡预警客户
13889.0,91,1,416.9,2,1,2,5,流失低价值客户
13890.0,0,10,1883.81,5,5,4,14,高价值客户
13892.0,25,4,632.97,4,4,3,11,忠实复购客户
13893.0,296,1,821.1,1,1,3,5,流失低价值客户
13894.0,22,3,564.62,4,3,3,10,忠实复购客户
13895.0,27,4,2593.07,4,4,5,13,高价值客户
13897.0,49,1,311.16,3,1,2,6,沉睡预警客户
13898.0,324,1,155.93,1,1,1,3,流失低价值客户
13899.0,15,2,388.52,4,2,2,8,沉睡预警客户
13900.0,182,3,740.95,1,3,3,7,沉睡预警客户
13901.0,71,5,2867.2000000000003,2,4,5,11,忠实复购客户
13904.0,36,2,332.64,3,2,2,7,沉睡预警客户
13908.0,78,4,2369.55,2,4,5,11,忠实复购客户
13911.0,56,9,2580.91,3,5,5,13,高价值客户
13914.0,10,2,626.45,5,2,3,10,忠实复购客户
13917.0,48,2,272.04,3,2,2,7,沉睡预警客户
13918.0,48,2,1212.84,3,2,4,9,忠实复购客户
13919.0,58,2,384.81,3,2,2,7,沉睡预警客户
13922.0,350,1,172.25,1,1,1,3,流失低价值客户
13923.0,52,1,351.13,3,1,2,6,沉睡预警客户
13924.0,0,6,1838.85,5,5,4,14,高价值客户
13925.0,91,4,678.25,2,4,3,9,忠实复购客户
13926.0,22,1,223.85,4,1,1,6,沉睡预警客户
13927.0,73,1,348.99,2,1,2,5,流失低价值客户
13928.0,9,4,464.57,5,4,2,11,忠实复购客户
13929.0,168,2,842.65,2,2,3,7,沉睡预警客户
13930.0,56,2,337.34,3,2,2,7,沉睡预警客户
13931.0,94,2,1237.53,2,2,4,8,沉睡预警客户
13932.0,293,1,307.4,1,1,2,4,流失低价值客户
13933.0,108,2,608.7900000000001,2,2,3,7,沉睡预警客户
13934.0,262,1,922.1,1,1,3,5,流失低价值客户
13936.0,178,1,376.58,2,1,2,5,流失低价值客户
13937.0,168,1,158.85,2,1,1,4,流失低价值客户
13938.0,34,1,71.66,3,1,1,5,流失低价值客户
13939.0,22,3,568.55,4,3,3,10,忠实复购客户
13940.0,16,4,839.14,4,4,3,11,忠实复购客户
13941.0,20,5,5112.96,4,4,5,13,高价值客户
13946.0,78,3,561.5699999999999,2,3,3,8,沉睡预警客户
13947.0,64,1,90.6,3,1,1,5,流失低价值客户
13948.0,359,1,102.0,1,1,1,3,流失低价值客户
13949.0,1,6,2427.32,5,5,5,15,高价值客户
13950.0,10,4,745.06,5,4,3,12,高价值客户
13951.0,175,3,674.45,2,3,3,8,沉睡预警客户
13952.0,216,2,3251.071,1,2,5,8,沉睡预警客户
13953.0,6,7,3515.68,5,5,5,15,高价值客户
13954.0,0,2,439.92,5,3,2,10,忠实复购客户
13955.0,153,2,322.96,2,3,2,7,沉睡预警客户
13956.0,4,5,1026.42,5,4,4,13,高价值客户
13959.0,78,3,598.2,2,3,3,8,沉睡预警客户
13960.0,20,2,230.22,4,3,1,8,沉睡预警客户
13962.0,20,2,169.55,4,3,1,8,沉睡预警客户
13963.0,307,4,664.54,1,4,3,8,沉睡预警客户
13967.0,144,1,80.7,2,1,1,4,流失低价值客户
13969.0,6,18,9053.94,5,5,5,15,高价值客户
13971.0,17,8,2758.26,4,5,5,14,高价值客户
13972.0,69,2,190.25,3,3,1,7,沉睡预警客户
13973.0,286,1,264.7,1,1,2,4,流失低价值客户
13974.0,48,1,413.59,3,1,2,6,沉睡预警客户
13975.0,30,6,2526.28,4,5,5,14,高价值客户
13976.0,205,1,357.98,1,1,2,4,流失低价值客户
13978.0,13,2,196.79,4,3,1,8,沉睡预警客户
13979.0,72,1,869.87,2,1,3,6,沉睡预警客户
13980.0,59,1,200.14,3,1,1,5,流失低价值客户
13982.0,38,4,1871.81,3,4,4,11,忠实复购客户
13983.0,28,12,2603.43,4,5,5,14,高价值客户
13984.0,25,5,920.51,4,4,3,11,忠实复购客户
13985.0,3,15,7060.13,5,5,5,15,高价值客户
13986.0,16,1,320.46,4,1,2,7,沉睡预警客户
13988.0,18,6,4147.96,4,5,5,14,高价值客户
13989.0,64,2,1266.08,3,3,4,10,忠实复购客户
13990.0,212,1,311.3,1,1,2,4,流失低价值客户
13991.0,11,6,855.97,5,5,3,13,高价值客户
13992.0,29,1,76.8,4,1,1,6,沉睡预警客户
13993.0,41,9,3466.36,3,5,5,13,高价值客户
13994.0,2,6,2313.14,5,5,5,15,高价值客户
13995.0,14,5,1393.69,4,4,4,12,高价值客户
13999.0,9,12,3901.81,5,5,5,15,高价值客户
14000.0,210,1,635.66,1,1,3,5,流失低价值客户
14001.0,44,3,2043.08,3,3,4,10,忠实复购客户
14002.0,133,2,529.73,2,3,3,8,沉睡预警客户
14004.0,42,7,4582.64,3,5,5,13,高价值客户
14005.0,8,5,2874.72,5,4,5,14,高价值客户
14006.0,114,3,962.19,2,3,4,9,忠实复购客户
14009.0,197,2,695.61,1,3,3,7,沉睡预警客户
14012.0,276,1,328.8,1,1,2,4,流失低价值客户
14013.0,109,3,473.02,2,3,2,7,沉睡预警客户
14014.0,76,1,505.18,2,1,3,6,沉睡预警客户
14015.0,51,1,917.34,3,1,3,7,沉睡预警客户
14016.0,160,4,4341.21,2,4,5,11,忠实复购客户
14019.0,45,3,1421.61,3,3,4,10,忠实复购客户
14020.0,15,2,642.8,4,3,3,10,忠实复购客户
14021.0,154,3,631.9,2,3,3,8,沉睡预警客户
14022.0,224,1,440.0,1,1,2,4,流失低价值客户
14023.0,6,2,584.07,5,3,3,11,忠实复购客户
14024.0,120,2,327.7,2,3,2,7,沉睡预警客户
14027.0,59,1,104.82,3,1,1,5,流失低价值客户
14029.0,62,2,467.66,3,3,2,8,沉睡预警客户
14030.0,17,8,2360.09,4,5,5,14,高价值客户
14031.0,6,19,17286.86,5,5,5,15,高价值客户
14032.0,1,11,2975.59,5,5,5,15,高价值客户
14034.0,21,3,651.82,4,3,3,10,忠实复购客户
14035.0,27,5,1428.02,4,4,4,12,高价值客户
14036.0,283,1,626.65,1,1,3,5,流失低价值客户
14037.0,175,2,147.20000000000002,2,3,1,6,沉睡预警客户
14038.0,77,3,1560.38,2,3,4,9,忠实复购客户
14039.0,32,1,152.2,3,1,1,5,流失低价值客户
14040.0,39,12,3614.92,3,5,5,13,高价值客户
14041.0,265,1,141.41,1,1,1,3,流失低价值客户
14044.0,25,4,652.82,4,4,3,11,忠实复购客户
14045.0,108,4,1659.75,2,4,4,10,忠实复购客户
14046.0,283,1,154.99,1,1,1,3,流失低价值客户
14047.0,7,5,1308.61,5,4,4,13,高价值客户
14048.0,304,1,409.93,1,1,2,4,流失低价值客户
14049.0,15,4,5681.72,4,4,5,13,高价值客户
14050.0,30,2,746.36,4,3,3,10,忠实复购客户
14051.0,-1,23,15610.39,5,5,5,15,高价值客户
14052.0,18,1,225.36,4,1,1,6,沉睡预警客户
14053.0,123,2,260.25,2,3,2,7,沉睡预警客户
14054.0,64,1,92.46,3,1,1,5,流失低价值客户
14055.0,105,1,725.6400000000001,2,1,3,6,沉睡预警客户
14056.0,0,23,8214.65,5,5,5,15,高价值客户
14057.0,22,17,6217.96,4,5,5,14,高价值客户
14059.0,265,1,183.6,1,1,1,3,流失低价值客户
14060.0,3,19,6140.42,5,5,5,15,高价值客户
14062.0,8,12,10464.85,5,5,5,15,高价值客户
14064.0,28,5,1353.74,4,4,4,12,高价值客户
14066.0,265,1,152.55,1,1,1,3,流失低价值客户
14067.0,62,2,374.7,3,3,2,8,沉睡预警客户
14068.0,319,1,265.85,1,1,2,4,流失低价值客户
14071.0,2,8,1438.82,5,5,4,14,高价值客户
14073.0,31,1,151.04,4,1,1,6,沉睡预警客户
14075.0,3,3,942.26,5,3,4,12,高价值客户
14076.0,128,1,122.47,2,1,1,4,流失低价值客户
14077.0,39,5,499.42,3,4,3,10,忠实复购客户
14078.0,100,6,1049.37,2,5,4,11,忠实复购客户
14079.0,123,1,375.1,2,1,2,5,流失低价值客户
14080.0,31,1,45.6,4,1,1,6,沉睡预警客户
14081.0,301,2,934.52,1,3,3,7,沉睡预警客户
14082.0,363,1,182.25,1,1,1,3,流失低价值客户
14083.0,3,9,1018.43,5,5,4,14,高价值客户
14085.0,1,18,4448.54,5,5,5,15,高价值客户
14087.0,1,1,194.42,5,1,1,7,沉睡预警客户
14088.0,9,13,50491.81,5,5,5,15,高价值客户
14089.0,55,1,161.0,3,1,1,5,流失低价值客户
14090.0,323,1,76.32000000000001,1,1,1,3,流失低价值客户
14092.0,6,14,4076.91,5,5,5,15,高价值客户
14093.0,11,1,442.85,5,1,2,8,沉睡预警客户
14096.0,3,17,65164.79,5,5,5,15,高价值客户
14098.0,35,1,147.35,3,1,1,5,流失低价值客户
14099.0,15,11,3104.17,4,5,5,14,高价值客户
14100.0,136,1,194.9,2,1,1,4,流失低价值客户
14101.0,72,6,5976.79,2,5,5,12,高价值客户
14102.0,4,5,1360.28,5,4,4,13,高价值客户
14104.0,153,2,216.21,2,3,1,6,沉睡预警客户
14105.0,238,1,1266.23,1,1,4,6,沉睡预警客户
14107.0,50,7,2703.23,3,5,5,13,高价值客户
14108.0,29,2,597.91,4,3,3,10,忠实复购客户
14109.0,71,1,144.2,2,1,1,4,流失低价值客户
14110.0,2,12,5683.150000000001,5,5,5,15,高价值客户
14111.0,13,4,692.85,4,4,3,11,忠实复购客户
14112.0,21,7,2915.15,4,5,5,14,高价值客户
14113.0,2,4,1840.42,5,4,4,13,高价值客户
14114.0,272,2,386.53,1,3,2,6,沉睡预警客户
14116.0,18,5,1382.74,4,4,4,12,高价值客户
14117.0,142,1,90.0,2,1,1,4,流失低价值客户
14121.0,2,4,2780.15,5,4,5,14,高价值客户
14124.0,83,1,419.58,2,1,2,5,流失低价值客户
14125.0,9,3,2740.43,5,3,5,13,高价值客户
14126.0,6,3,706.13,5,3,3,11,忠实复购客户
14127.0,121,3,709.71,2,3,3,8,沉睡预警客户
14128.0,59,2,637.5,3,3,3,9,忠实复购客户
14129.0,0,5,1123.86,5,4,4,13,高价值客户
14130.0,318,1,483.86,1,1,2,4,流失低价值客户
14132.0,1,11,3586.03,5,5,5,15,高价值客户
14133.0,128,3,605.64,2,3,3,8,沉睡预警客户
14135.0,0,15,4690.31,5,5,5,15,高价值客户
14138.0,0,2,982.38,5,3,4,12,高价值客户
14139.0,45,1,415.82,3,1,2,6,沉睡预警客户
14140.0,2,2,935.05,5,3,3,11,忠实复购客户
14141.0,1,4,915.13,5,4,3,12,高价值客户
14142.0,372,1,311.81,1,1,2,4,流失低价值客户
14143.0,132,1,115.8,2,1,1,4,流失低价值客户
14145.0,45,4,3742.2,3,4,5,12,高价值客户
14146.0,7,5,4191.0,5,4,5,14,高价值客户
14147.0,77,2,483.4,2,3,2,7,沉睡预警客户
14148.0,232,1,157.2,1,1,1,3,流失低价值客户
14149.0,219,1,446.62,1,1,2,4,流失低价值客户
14150.0,34,2,658.64,3,3,3,9,忠实复购客户
14152.0,74,2,621.29,2,3,3,8,沉睡预警客户
14154.0,238,2,1345.62,1,3,4,8,沉睡预警客户
14155.0,265,1,118.75,1,1,1,3,流失低价值客户
14156.0,8,55,117379.63,5,5,5,15,高价值客户
14157.0,18,2,432.88,4,3,2,9,忠实复购客户
14158.0,39,1,507.66,3,1,3,7,沉睡预警客户
14159.0,18,11,4693.01,4,5,5,14,高价值客户
14161.0,214,3,1110.52,1,3,4,8,沉睡预警客户
14162.0,172,2,289.36,2,3,2,7,沉睡预警客户
14163.0,86,4,2445.91,2,4,5,11,忠实复购客户
14164.0,69,2,1631.77,3,3,4,10,忠实复购客户
14165.0,274,1,122.54,1,1,1,3,流失低价值客户
14167.0,38,4,574.84,3,4,3,10,忠实复购客户
14171.0,97,1,363.79,2,1,2,5,流失低价值客户
14173.0,9,4,450.84,5,4,2,11,忠实复购客户
14174.0,32,1,134.46,3,1,1,5,流失低价值客户
14175.0,58,3,3222.3,3,3,5,11,忠实复购客户
14176.0,296,4,576.9,1,4,3,8,沉睡预警客户
14177.0,85,4,559.41,2,4,3,9,忠实复购客户
14178.0,7,7,1620.93,5,5,4,14,高价值客户
14179.0,39,2,719.78,3,3,3,9,忠实复购客户
14180.0,9,25,4748.52,5,5,5,15,高价值客户
14184.0,65,1,452.89,3,1,2,6,沉睡预警客户
14185.0,330,1,197.65,1,1,1,3,流失低价值客户
14188.0,29,6,2054.36,4,5,4,13,高价值客户
14189.0,1,15,4654.08,5,5,5,15,高价值客户
14191.0,0,13,4684.76,5,5,5,15,高价值客户
14193.0,66,2,853.39,3,3,3,9,忠实复购客户
14194.0,3,21,11349.52,5,5,5,15,高价值客户
14195.0,200,2,1012.0,1,3,4,8,沉睡预警客户
14196.0,105,1,335.52,2,1,2,5,流失低价值客户
14198.0,17,4,701.4,4,4,3,11,忠实复购客户
14199.0,217,1,185.4,1,1,1,3,流失低价值客户
14201.0,59,7,747.44,3,5,3,11,忠实复购客户
14204.0,1,1,161.03,5,1,1,7,沉睡预警客户
14205.0,15,2,466.7,4,3,2,9,忠实复购客户
14206.0,238,1,328.16,1,1,2,4,流失低价值客户
14208.0,93,1,151.74,2,1,1,4,流失低价值客户
14209.0,9,6,2073.43,5,5,5,15,高价值客户
14210.0,104,6,1905.84,2,5,4,11,忠实复购客户
14211.0,52,9,2241.1,3,5,5,13,高价值客户
14212.0,88,1,1070.48,2,1,4,7,沉睡预警客户
14214.0,29,5,1004.38,4,4,4,12,高价值客户
14215.0,10,6,1789.72,5,5,4,14,高价值客户
14216.0,2,4,1839.3,5,4,4,13,高价值客户
14217.0,0,17,2004.98,5,5,4,14,高价值客户
14218.0,41,1,169.48000000000002,3,1,1,5,流失低价值客户
14219.0,3,1,89.94,5,1,1,7,沉睡预警客户
14220.0,246,2,632.4,1,3,3,7,沉睡预警客户
14221.0,41,9,3432.8,3,5,5,13,高价值客户
14222.0,176,1,683.17,2,1,3,6,沉睡预警客户
14223.0,91,3,991.13,2,3,4,9,忠实复购客户
14224.0,109,4,1050.12,2,4,4,10,忠实复购客户
14226.0,27,5,2232.19,4,4,5,13,高价值客户
14227.0,25,10,3350.96,4,5,5,14,高价值客户
14229.0,50,3,1547.2,3,3,4,10,忠实复购客户
14231.0,182,3,925.71,1,3,3,7,沉睡预警客户
14232.0,41,5,2048.07,3,4,4,11,忠实复购客户
14233.0,48,4,1462.72,3,4,4,11,忠实复购客户
14234.0,21,4,775.46,4,4,3,11,忠实复购客户
14235.0,74,5,3144.86,2,4,5,11,忠实复购客户
14236.0,79,2,490.86,2,3,3,8,沉睡预警客户
14237.0,372,1,161.0,1,1,1,3,流失低价值客户
14238.0,325,1,146.85,1,1,1,3,流失低价值客户
14239.0,42,11,2380.85,3,5,5,13,高价值客户
14240.0,29,2,890.34,4,3,3,10,忠实复购客户
14241.0,182,1,213.7,1,1,1,3,流失低价值客户
14242.0,233,2,280.55,1,3,2,6,沉睡预警客户
14243.0,7,10,2588.77,5,5,5,15,高价值客户
14245.0,218,2,1693.45,1,3,4,8,沉睡预警客户
14246.0,109,3,1474.06,2,3,4,9,忠实复购客户
14247.0,277,1,136.77,1,1,1,3,流失低价值客户
14248.0,317,1,302.58,1,1,2,4,流失低价值客户
14250.0,6,3,1904.05,5,3,4,12,高价值客户
14251.0,0,5,2879.7000000000003,5,4,5,14,高价值客户
14256.0,259,2,969.06,1,3,4,8,沉睡预警客户
14257.0,63,5,3099.7200000000003,3,4,5,12,高价值客户
14258.0,8,9,12669.98,5,5,5,15,高价值客户
14259.0,140,1,120.0,2,1,1,4,流失低价值客户
14261.0,49,2,1163.45,3,3,4,10,忠实复购客户
14262.0,7,8,2618.23,5,5,5,15,高价值客户
14264.0,153,2,333.97,2,3,2,7,沉睡预警客户
14265.0,108,2,530.18,2,3,3,8,沉睡预警客户
14267.0,161,3,1516.24,2,3,4,9,忠实复购客户
14270.0,330,1,492.65,1,1,3,5,流失低价值客户
14271.0,224,1,112.32,1,1,1,3,流失低价值客户
14272.0,72,2,437.96,2,3,2,7,沉睡预警客户
14273.0,50,4,559.97,3,4,3,10,忠实复购客户
14276.0,97,3,1119.74,2,3,4,9,忠实复购客户
14277.0,14,3,4216.2,4,3,5,12,高价值客户
14280.0,195,1,134.04,1,1,1,3,流失低价值客户
14282.0,2,15,3729.34,5,5,5,15,高价值客户
14284.0,29,2,595.25,4,3,3,10,忠实复购客户
14285.0,20,4,1910.01,4,4,4,12,高价值客户
14286.0,22,3,4628.75,4,3,5,12,高价值客户
14287.0,7,3,176.63,5,3,1,9,忠实复购客户
14288.0,212,1,426.6,1,1,2,4,流失低价值客户
14289.0,7,6,911.26,5,5,3,13,高价值客户
14290.0,10,5,2314.65,5,4,5,14,高价值客户
14291.0,0,11,3883.25,5,5,5,15,高价值客户
14292.0,6,9,4871.93,5,5,5,15,高价值客户
14293.0,2,4,1046.56,5,4,4,13,高价值客户
14295.0,39,1,166.20000000000002,3,1,1,5,流失低价值客户
14297.0,16,4,1305.33,4,4,4,12,高价值客户
14298.0,7,44,51527.3,5,5,5,15,高价值客户
14299.0,7,9,3965.62,5,5,5,15,高价值客户
14300.0,17,1,43.2,4,1,1,6,沉睡预警客户
14301.0,116,1,640.14,2,1,3,6,沉睡预警客户
14304.0,221,1,383.45,1,1,2,4,流失低价值客户
14305.0,70,3,1858.96,3,3,4,10,忠实复购客户
14306.0,50,2,2093.32,3,3,5,11,忠实复购客户
14307.0,87,6,2995.72,2,5,5,12,高价值客户
14309.0,7,9,2352.53,5,5,5,15,高价值客户
14311.0,241,1,310.26,1,1,2,4,流失低价值客户
14312.0,45,6,1611.59,3,5,4,12,高价值客户
14314.0,105,1,120.0,2,1,1,4,流失低价值客户
14315.0,43,6,2481.13,3,5,5,13,高价值客户
14317.0,63,1,508.58,3,1,3,7,沉睡预警客户
14320.0,205,2,477.79,1,3,2,6,沉睡预警客户
14321.0,9,5,1530.75,5,4,4,13,高价值客户
14323.0,113,2,605.0600000000001,2,3,3,8,沉睡预警客户
14326.0,241,1,183.85,1,1,1,3,流失低价值客户
14327.0,162,1,311.65000000000003,2,1,2,5,流失低价值客户
14329.0,16,7,5014.84,4,5,5,14,高价值客户
14331.0,123,2,462.66,2,3,2,7,沉睡预警客户
14332.0,21,3,866.3100000000001,4,3,3,10,忠实复购客户
14333.0,66,1,415.2,3,1,2,6,沉睡预警客户
14334.0,15,8,2552.21,4,5,5,14,高价值客户
14335.0,15,2,468.26,4,3,2,9,忠实复购客户
14336.0,15,4,1614.91,4,4,4,12,高价值客户
14338.0,160,2,588.22,2,3,3,8,沉睡预警客户
14339.0,241,1,309.52,1,1,2,4,流失低价值客户
14340.0,217,1,134.7,1,1,1,3,流失低价值客户
14341.0,44,8,2182.28,3,5,5,13,高价值客户
14342.0,20,4,668.56,4,4,3,11,忠实复购客户
14344.0,126,8,889.9300000000001,2,5,3,10,忠实复购客户
14345.0,37,1,108.98,3,1,1,5,流失低价值客户
14346.0,119,2,1021.58,2,3,4,9,忠实复购客户
14348.0,259,1,409.57,1,1,2,4,流失低价值客户
14349.0,9,1,133.5,5,1,1,7,沉睡预警客户
14350.0,273,1,282.93,1,1,2,4,流失低价值客户
14351.0,163,1,51.0,2,1,1,4,流失低价值客户
14352.0,156,4,1078.96,2,4,4,10,忠实复购客户
14353.0,214,1,90.6,1,1,1,3,流失低价值客户
14354.0,4,2,163.62,5,3,1,9,忠实复购客户
14355.0,364,1,174.4,1,1,1,3,流失低价值客户
14356.0,78,2,701.23,2,3,3,8,沉睡预警客户
14357.0,42,1,225.77,3,1,1,5,流失低价值客户
14359.0,18,3,912.18,4,3,3,10,忠实复购客户
14360.0,30,4,2128.23,4,4,5,13,高价值客户
14362.0,21,1,161.2,4,1,1,6,沉睡预警客户
14364.0,107,8,3717.35,2,5,5,12,高价值客户
14367.0,7,16,9261.52,5,5,5,15,高价值客户
14368.0,318,1,155.0,1,1,1,3,流失低价值客户
14371.0,294,1,100.5,1,1,1,3,流失低价值客户
14373.0,357,1,76.55,1,1,1,3,流失低价值客户
14375.0,184,1,257.68,1,1,2,4,流失低价值客户
14377.0,190,2,617.05,1,3,3,7,沉睡预警客户
14379.0,43,2,348.1,3,3,2,8,沉睡预警客户
14381.0,51,1,202.68,3,1,1,5,流失低价值客户
14382.0,25,1,626.0699999999999,4,1,3,8,沉睡预警客户
14383.0,37,3,1247.69,3,3,4,10,忠实复购客户
14385.0,8,3,202.11,5,3,1,9,忠实复购客户
14386.0,295,1,142.4,1,1,1,3,流失低价值客户
14387.0,31,3,1770.56,4,3,4,11,忠实复购客户
14388.0,9,8,3212.84,5,5,5,15,高价值客户
14389.0,64,2,1043.46,3,3,4,10,忠实复购客户
14390.0,9,9,4652.82,5,5,5,15,高价值客户
14393.0,217,1,67.95,1,1,1,3,流失低价值客户
14395.0,1,9,3507.71,5,5,5,15,高价值客户
14396.0,64,2,487.99,3,3,2,8,沉睡预警客户
14397.0,1,19,2612.96,5,5,5,15,高价值客户
14400.0,148,1,574.7,2,1,3,6,沉睡预警客户
14401.0,3,13,4051.48,5,5,5,15,高价值客户
14403.0,129,4,1475.81,2,4,4,10,忠实复购客户
14404.0,32,6,1474.32,3,5,4,12,高价值客户
14406.0,118,1,156.75,2,1,1,4,流失低价值客户
14407.0,106,6,2157.73,2,5,5,12,高价值客户
14408.0,9,7,2606.53,5,5,5,15,高价值客户
14409.0,70,6,2059.4500000000003,3,5,5,13,高价值客户
14410.0,91,9,1105.07,2,5,4,11,忠实复购客户
14411.0,309,1,1063.0,1,1,4,6,沉睡预警客户
14412.0,41,2,770.03,3,3,3,9,忠实复购客户
14413.0,361,1,122.7,1,1,1,3,流失低价值客户
14414.0,90,7,1496.98,2,5,4,11,忠实复购客户
14415.0,0,13,5900.28,5,5,5,15,高价值客户
14416.0,21,2,490.22,4,3,3,10,忠实复购客户
14418.0,2,3,1937.25,5,3,4,12,高价值客户
14419.0,9,6,1058.06,5,5,4,14,高价值客户
14420.0,98,1,387.52,2,1,2,5,流失低价值客户
14421.0,56,2,813.11,3,3,3,9,忠实复购客户
14422.0,-1,6,4263.64,5,5,5,15,高价值客户
14423.0,217,1,265.2,1,1,2,4,流失低价值客户
14424.0,16,1,322.08,4,1,2,7,沉睡预警客户
14426.0,22,10,4481.67,4,5,5,14,高价值客户
14427.0,49,2,363.34,3,3,2,8,沉睡预警客户
14428.0,6,5,1244.83,5,4,4,13,高价值客户
14431.0,301,1,470.36,1,1,2,4,流失低价值客户
14432.0,8,6,2255.51,5,5,5,15,高价值客户
14434.0,20,6,1372.8,4,5,4,13,高价值客户
14436.0,97,1,89.06,2,1,1,4,流失低价值客户
14437.0,364,1,63.0,1,1,1,3,流失低价值客户
14438.0,305,1,131.9,1,1,1,3,流失低价值客户
14439.0,318,1,2661.24,1,1,5,7,沉睡预警客户
14440.0,7,5,2357.6800000000003,5,4,5,14,高价值客户
14441.0,-1,4,1712.89,5,4,4,13,高价值客户
14442.0,203,2,1589.82,1,3,4,8,沉睡预警客户
14443.0,52,4,1420.2,3,4,4,11,忠实复购客户
14446.0,-1,4,1039.58,5,4,4,13,高价值客户
14447.0,17,5,1163.23,4,4,4,12,高价值客户
14448.0,8,2,375.35,5,3,2,10,忠实复购客户
14449.0,17,4,907.1,4,4,3,11,忠实复购客户
14450.0,179,3,483.25,1,3,2,6,沉睡预警客户
14451.0,59,2,662.59,3,3,3,9,忠实复购客户
14452.0,9,2,264.44,5,3,2,10,忠实复购客户
14453.0,189,1,119.93,1,1,1,3,流失低价值客户
14456.0,4,9,3062.4,5,5,5,15,高价值客户
14457.0,309,1,113.64,1,1,1,3,流失低价值客户
14459.0,154,1,1837.92,2,1,4,7,沉睡预警客户
14460.0,109,3,434.34,2,3,2,7,沉睡预警客户
14461.0,147,3,2103.06,2,3,5,10,忠实复购客户
14462.0,65,11,2004.02,3,5,4,12,高价值客户
14463.0,97,3,529.62,2,3,3,8,沉睡预警客户
14465.0,245,3,1058.62,1,3,4,8,沉睡预警客户
14466.0,28,7,2272.4,4,5,5,14,高价值客户
14467.0,16,4,598.76,4,4,3,11,忠实复购客户
14470.0,10,2,461.19,5,3,2,10,忠实复购客户
14472.0,102,8,1936.84,2,5,4,11,忠实复购客户
14473.0,73,2,234.34,2,3,1,6,沉睡预警客户
14474.0,45,1,547.66,3,1,3,7,沉睡预警客户
14475.0,70,3,925.85,3,3,3,9,忠实复购客户
14476.0,256,1,215.7,1,1,1,3,流失低价值客户
14477.0,18,4,1309.6,4,4,4,12,高价值客户
14479.0,252,2,316.25,1,3,2,6,沉睡预警客户
14480.0,10,1,279.05,5,1,2,8,沉睡预警客户
14481.0,163,2,636.51,2,3,3,8,沉睡预警客户
14482.0,17,6,2068.15,4,5,5,14,高价值客户
14483.0,280,1,137.1,1,1,1,3,流失低价值客户
14484.0,49,1,321.92,3,1,2,6,沉睡预警客户
14485.0,37,1,165.75,3,1,1,5,流失低价值客户
14487.0,25,6,1196.33,4,5,4,13,高价值客户
14488.0,66,1,1064.28,3,1,4,8,沉睡预警客户
14489.0,206,1,463.38,1,1,2,4,流失低价值客户
14491.0,174,2,340.93,2,3,2,7,沉睡预警客户
14493.0,6,5,2383.24,5,4,5,14,高价值客户
14494.0,24,1,139.56,4,1,1,6,沉睡预警客户
14495.0,49,2,123.8,3,3,1,7,沉睡预警客户
14496.0,310,2,538.8100000000001,1,3,3,7,沉睡预警客户
14497.0,308,1,475.37,1,1,2,4,流失低价值客户
14498.0,41,5,1957.32,3,4,4,11,忠实复购客户
14499.0,25,3,815.32,4,3,3,10,忠实复购客户
14500.0,87,3,356.85,2,3,2,7,沉睡预警客户
14501.0,182,2,251.21,1,3,2,6,沉睡预警客户
14502.0,18,11,2470.67,4,5,5,14,高价值客户
14503.0,2,6,3543.26,5,5,5,15,高价值客户
14504.0,46,4,673.26,3,4,3,10,忠实复购客户
14505.0,16,8,5905.64,4,5,5,14,高价值客户
14506.0,16,5,2012.17,4,4,4,12,高价值客户
14507.0,22,6,1383.18,4,5,4,13,高价值客户
14508.0,21,2,276.42,4,3,2,9,忠实复购客户
14511.0,10,5,1314.81,5,4,4,13,高价值客户
14512.0,186,2,275.28,1,3,2,6,沉睡预警客户
14513.0,99,3,455.59,2,3,2,7,沉睡预警客户
14514.0,60,3,1055.35,3,3,4,10,忠实复购客户
14515.0,16,6,2102.09,4,5,5,14,高价值客户
14517.0,32,2,330.45,3,3,2,8,沉睡预警客户
14518.0,63,1,174.37,3,1,1,5,流失低价值客户
14520.0,0,2,270.6,5,3,2,10,忠实复购客户
14522.0,23,4,974.54,4,4,4,12,高价值客户
14523.0,107,1,241.09,2,1,1,4,流失低价值客户
14524.0,30,9,1867.68,4,5,4,13,高价值客户
14525.0,18,9,4332.2,4,5,5,14,高价值客户
14527.0,1,55,8508.82,5,5,5,15,高价值客户
14528.0,36,1,364.22,3,1,2,6,沉睡预警客户
14529.0,59,3,620.04,3,3,3,9,忠实复购客户
14530.0,24,6,2925.91,4,5,5,14,高价值客户
14532.0,235,4,932.85,1,4,3,8,沉睡预警客户
14533.0,23,7,1949.72,4,5,4,13,高价值客户
14534.0,1,18,4447.05,5,5,5,15,高价值客户
14535.0,59,3,2864.19,3,3,5,11,忠实复购客户
14536.0,258,1,171.8,1,1,1,3,流失低价值客户
14537.0,56,1,355.56,3,1,2,6,沉睡预警客户
14538.0,63,2,388.25,3,3,2,8,沉睡预警客户
14539.0,14,2,537.48,4,3,3,10,忠实复购客户
14540.0,8,3,996.26,5,3,4,12,高价值客户
14541.0,57,8,1461.65,3,5,4,12,高价值客户
14542.0,184,1,103.25,1,1,1,3,流失低价值客户
14543.0,27,16,3630.33,4,5,5,14,高价值客户
14544.0,23,2,2024.45,4,3,4,11,忠实复购客户
14546.0,4,5,2578.09,5,4,5,14,高价值客户
14547.0,2,8,4007.54,5,5,5,15,高价值客户
14548.0,149,2,652.8,2,3,3,8,沉睡预警客户
14549.0,310,1,289.24,1,1,2,4,流失低价值客户
14550.0,9,2,765.62,5,3,3,11,忠实复购客户
14551.0,17,2,186.23,4,3,1,8,沉睡预警客户
14552.0,150,1,165.07,2,1,1,4,流失低价值客户
14553.0,18,5,859.27,4,4,3,11,忠实复购客户
14554.0,9,4,2381.04,5,4,5,14,高价值客户
14555.0,56,2,324.14,3,3,2,8,沉睡预警客户
14557.0,84,1,788.38,2,1,3,6,沉睡预警客户
14560.0,6,22,2237.77,5,5,5,15,高价值客户
14561.0,74,3,1080.76,2,3,4,9,忠实复购客户
14562.0,2,18,5074.77,5,5,5,15,高价值客户
14565.0,94,4,3099.12,2,4,5,11,忠实复购客户
14566.0,109,1,1432.0,2,1,4,7,沉睡预警客户
14567.0,55,2,1530.36,3,3,4,10,忠实复购客户
14569.0,0,1,227.39,5,1,1,7,沉睡预警客户
14570.0,279,2,218.06,1,3,1,5,流失低价值客户
14572.0,2,7,2832.84,5,5,5,15,高价值客户
14573.0,178,9,1653.42,2,5,4,11,忠实复购客户
14576.0,371,1,35.400000000000006,1,1,1,3,流失低价值客户
14577.0,11,4,859.71,5,4,3,12,高价值客户
14578.0,2,1,168.63,5,1,1,7,沉睡预警客户
14581.0,15,1,138.6,4,1,1,6,沉睡预警客户
14582.0,39,1,114.11,3,1,1,5,流失低价值客户
14583.0,4,5,1052.55,5,4,4,13,高价值客户
14584.0,168,4,1042.26,2,4,4,10,忠实复购客户
14585.0,49,1,157.05,3,1,1,5,流失低价值客户
14586.0,275,1,237.36,1,1,1,3,流失低价值客户
14587.0,17,9,1601.14,4,5,4,13,高价值客户
14589.0,370,1,39.75,1,1,1,3,流失低价值客户
14591.0,14,4,1447.14,4,4,4,12,高价值客户
14592.0,34,3,570.46,3,3,3,9,忠实复购客户
14593.0,20,3,617.99,4,3,3,10,忠实复购客户
14594.0,6,2,379.83,5,3,2,10,忠实复购客户
14595.0,18,6,1740.6,4,5,4,13,高价值客户
14597.0,10,2,883.15,5,3,3,11,忠实复购客户
14598.0,43,1,221.97,3,1,1,5,流失低价值客户
14600.0,304,1,393.33,1,1,2,4,流失低价值客户
14601.0,9,1,213.96,5,1,1,7,沉睡预警客户
14603.0,273,1,660.0,1,1,3,5,流失低价值客户
14606.0,0,93,12156.65,5,5,5,15,高价值客户
14607.0,14,14,16569.5,4,5,5,14,高价值客户
14608.0,3,4,1785.15,5,4,4,13,高价值客户
14609.0,71,4,601.56,2,4,3,9,忠实复购客户
14616.0,241,3,406.08,1,3,2,6,沉睡预警客户
14618.0,8,3,553.44,5,3,3,11,忠实复购客户
14619.0,244,1,394.44,1,1,2,4,流失低价值客户
14620.0,204,2,412.78,1,3,2,6,沉睡预警客户
14621.0,0,5,1788.36,5,4,4,13,高价值客户
14622.0,183,1,320.58000000000004,1,1,2,4,流失低价值客户
14623.0,31,5,889.25,4,4,3,11,忠实复购客户
14624.0,56,2,225.85,3,3,1,7,沉睡预警客户
14625.0,195,2,899.63,1,3,3,7,沉睡预警客户
14626.0,22,4,2791.27,4,4,5,13,高价值客户
14628.0,90,2,671.96,2,3,3,8,沉睡预警客户
14629.0,3,2,959.01,5,3,4,12,高价值客户
14631.0,49,3,1006.98,3,3,4,10,忠实复购客户
14632.0,261,1,114.56,1,1,1,3,流失低价值客户
14633.0,265,1,344.90000000000003,1,1,2,4,流失低价值客户
14636.0,35,2,609.85,3,3,3,9,忠实复购客户
14638.0,49,1,443.6,3,1,2,6,沉睡预警客户
14639.0,51,6,2984.49,3,5,5,13,高价值客户
14640.0,23,6,2125.08,4,5,5,14,高价值客户
14641.0,20,1,110.46,4,1,1,6,沉睡预警客户
14642.0,57,1,96.12,3,1,1,5,流失低价值客户
14643.0,169,2,693.8100000000001,2,3,3,8,沉睡预警客户
14644.0,66,2,830.76,3,3,3,9,忠实复购客户
14645.0,155,2,597.09,2,3,3,8,沉睡预警客户
14646.0,0,74,280206.02,5,5,5,15,高价值客户
14647.0,200,1,243.22,1,1,1,3,流失低价值客户
14649.0,3,4,1417.29,5,4,4,13,高价值客户
14651.0,66,2,654.6,3,3,3,9,忠实复购客户
14652.0,76,1,114.18,2,1,1,4,流失低价值客户
14653.0,0,7,1947.55,5,5,4,14,高价值客户
14655.0,7,4,1932.23,5,4,4,13,高价值客户
14656.0,168,2,291.05,2,3,2,7,沉睡预警客户
14657.0,16,4,848.22,4,4,3,11,忠实复购客户
14658.0,4,2,247.15,5,3,1,9,忠实复购客户
14659.0,7,9,2529.93,5,5,5,15,高价值客户
14660.0,85,2,285.74,2,3,2,7,沉睡预警客户
14661.0,25,1,107.95,4,1,1,6,沉睡预警客户
14662.0,27,4,771.17,4,4,3,11,忠实复购客户
14664.0,18,2,637.89,4,3,3,10,忠实复购客户
14665.0,59,5,1835.7,3,4,4,11,忠实复购客户
14666.0,23,1,195.25,4,1,1,6,沉睡预警客户
14667.0,9,25,9241.2,5,5,5,15,高价值客户
14669.0,240,3,1269.99,1,3,4,8,沉睡预警客户
14670.0,279,2,411.53,1,3,2,6,沉睡预警客户
14672.0,233,2,765.5500000000001,1,3,3,7,沉睡预警客户
14673.0,2,5,1736.4,5,4,4,13,高价值客户
14675.0,15,1,604.75,4,1,3,8,沉睡预警客户
14676.0,30,6,2548.24,4,5,5,14,高价值客户
14680.0,24,16,28754.11,4,5,5,14,高价值客户
14681.0,70,3,498.95,3,3,3,9,忠实复购客户
14682.0,186,2,52.0,1,3,1,5,流失低价值客户
14684.0,24,5,1236.28,4,4,4,12,高价值客户
14687.0,105,1,628.38,2,1,3,6,沉睡预警客户
14688.0,6,21,5630.87,5,5,5,15,高价值客户
14689.0,207,1,112.8,1,1,1,3,流失低价值客户
14690.0,43,2,371.7,3,3,2,8,沉睡预警客户
14691.0,29,5,2114.33,4,4,5,13,高价值客户
14692.0,136,4,591.55,2,4,3,9,忠实复购客户
14693.0,263,1,172.9,1,1,1,3,流失低价值客户
14696.0,3,7,2078.95,5,5,5,15,高价值客户
14697.0,217,2,188.61,1,3,1,5,流失低价值客户
14698.0,0,5,1250.76,5,4,4,13,高价值客户
14699.0,213,1,109.13,1,1,1,3,流失低价值客户
14700.0,31,3,2235.3,4,3,5,12,高价值客户
14701.0,9,9,2549.37,5,5,5,15,高价值客户
14702.0,0,17,3292.14,5,5,5,15,高价值客户
14703.0,13,1,318.17,4,1,2,7,沉睡预警客户
14704.0,10,9,1546.91,5,5,4,14,高价值客户
14705.0,197,1,179.0,1,1,1,3,流失低价值客户
14708.0,1,3,1126.37,5,3,4,12,高价值客户
14709.0,14,13,4921.04,4,5,5,14,高价值客户
14710.0,13,4,606.13,4,4,3,11,忠实复购客户
14711.0,9,11,2868.8,5,5,5,15,高价值客户
14712.0,28,3,917.07,4,3,3,10,忠实复购客户
14713.0,8,11,2666.36,5,5,5,15,高价值客户
14714.0,23,1,160.19,4,1,1,6,沉睡预警客户
14715.0,23,4,867.38,4,4,3,11,忠实复购客户
14716.0,42,2,329.68,3,3,2,8,沉睡预警客户
14719.0,0,5,1602.13,5,4,4,13,高价值客户
14720.0,4,3,663.8100000000001,5,3,3,11,忠实复购客户
14722.0,146,1,187.92,2,1,1,4,流失低价值客户
14723.0,9,6,1158.3,5,5,4,14,高价值客户
14725.0,23,1,718.08,4,1,3,8,沉睡预警客户
14727.0,273,1,268.58,1,1,2,4,流失低价值客户
14729.0,372,1,313.49,1,1,2,4,流失低价值客户
14730.0,0,8,2005.06,5,5,4,14,高价值客户
14731.0,46,3,380.02,3,3,2,8,沉睡预警客户
14732.0,7,8,2702.49,5,5,5,15,高价值客户
14733.0,15,12,9585.91,4,5,5,14,高价值客户
14735.0,2,32,6065.69,5,5,5,15,高价值客户
14737.0,2,3,1164.55,5,3,4,12,高价值客户
14738.0,41,7,1314.45,3,5,4,12,高价值客户
14739.0,3,7,3902.28,5,5,5,15,高价值客户
14740.0,196,3,1448.21,1,3,4,8,沉睡预警客户
14741.0,10,6,1400.34,5,5,4,14,高价值客户
14744.0,15,7,1099.98,4,5,4,13,高价值客户
14745.0,111,5,1220.26,2,4,4,10,忠实复购客户
14747.0,248,1,328.2,1,1,2,4,流失低价值客户
14748.0,28,5,1415.75,4,4,4,12,高价值客户
14752.0,42,1,389.64,3,1,2,6,沉睡预警客户
14753.0,86,1,563.15,2,1,3,6,沉睡预警客户
14754.0,43,2,638.05,3,3,3,9,忠实复购客户
14755.0,8,11,5010.28,5,5,5,15,高价值客户
14756.0,14,1,738.96,4,1,3,8,沉睡预警客户
14757.0,74,1,420.5,2,1,2,5,流失低价值客户
14758.0,143,4,1484.06,2,4,4,10,忠实复购客户
14759.0,3,3,1625.97,5,3,4,12,高价值客户
14760.0,296,1,89.2,1,1,1,3,流失低价值客户
14761.0,57,2,255.9,3,3,2,8,沉睡预警客户
14762.0,262,1,300.52,1,1,2,4,流失低价值客户
14764.0,45,1,278.3,3,1,2,6,沉睡预警客户
14765.0,28,3,254.11,4,3,2,9,忠实复购客户
14766.0,7,6,2473.37,5,5,5,15,高价值客户
14768.0,16,2,192.6,4,3,1,8,沉睡预警客户
14769.0,1,8,10674.75,5,5,5,15,高价值客户
14770.0,231,2,876.42,1,3,3,7,沉睡预警客户
14772.0,111,1,139.26,2,1,1,4,流失低价值客户
14775.0,57,3,1011.9,3,3,4,10,忠实复购客户
14776.0,50,11,2538.3,3,5,5,13,高价值客户
14778.0,126,2,730.86,2,3,3,8,沉睡预警客户
14779.0,279,3,386.15,1,3,2,6,沉睡预警客户
14780.0,53,2,447.68,3,3,2,8,沉睡预警客户
14782.0,318,1,200.1,1,1,1,3,流失低价值客户
14784.0,25,2,289.99,4,3,2,9,忠实复购客户
14785.0,9,2,77.4,5,3,1,9,忠实复购客户
14788.0,6,2,679.4399999999999,5,3,3,11,忠实复购客户
14789.0,27,1,197.64,4,1,1,6,沉睡预警客户
14790.0,15,4,745.0600000000001,4,4,3,11,忠实复购客户
14792.0,62,1,6.2,3,1,1,5,流失低价值客户
14793.0,20,1,228.99,4,1,1,6,沉睡预警客户
14794.0,1,7,1319.91,5,5,4,14,高价值客户
14795.0,165,1,131.45000000000002,2,1,1,4,流失低价值客户
14796.0,0,17,8022.49,5,5,5,15,高价值客户
14798.0,51,3,173.74,3,3,1,7,沉睡预警客户
14799.0,50,1,157.7,3,1,1,5,流失低价值客户
14800.0,46,12,4339.74,3,5,5,13,高价值客户
14801.0,60,1,193.14,3,1,1,5,流失低价值客户
14803.0,161,3,845.55,2,3,3,8,沉睡预警客户
14804.0,7,1,353.27,5,1,2,8,沉睡预警客户
14805.0,14,4,554.65,4,4,3,11,忠实复购客户
14806.0,74,1,193.39,2,1,1,4,流失低价值客户
14808.0,38,8,2741.17,3,5,5,13,高价值客户
14810.0,39,11,2087.88,3,5,5,13,高价值客户
14813.0,368,2,155.43,1,3,1,5,流失低价值客户
14815.0,35,2,778.5,3,3,3,9,忠实复购客户
14816.0,196,1,271.85,1,1,2,4,流失低价值客户
14817.0,199,2,1110.34,1,3,4,8,沉睡预警客户
14818.0,72,3,657.8,2,3,3,8,沉睡预警客户
14819.0,63,2,272.07,3,3,2,8,沉睡预警客户
14820.0,20,4,507.29,4,4,3,11,忠实复购客户
14821.0,365,1,48.8,1,1,1,3,流失低价值客户
14823.0,179,3,321.43,1,3,2,6,沉睡预警客户
14824.0,9,4,1127.71,5,4,4,13,高价值客户
14825.0,2,12,2226.91,5,5,5,15,高价值客户
14828.0,195,3,2139.76,1,3,5,9,忠实复购客户
14829.0,28,4,697.55,4,4,3,11,忠实复购客户
14830.0,52,1,197.13,3,1,1,5,流失低价值客户
14834.0,16,6,1720.3,4,5,4,13,高价值客户
14836.0,9,3,102.45,5,3,1,9,忠实复购客户
14837.0,88,4,1649.5,2,4,4,10,忠实复购客户
14840.0,266,1,62.85,1,1,1,3,流失低价值客户
14841.0,52,6,3295.76,3,5,5,13,高价值客户
14842.0,42,4,2824.69,3,4,5,12,高价值客户
14844.0,62,4,3189.81,3,4,5,12,高价值客户
14847.0,147,1,309.4,2,1,2,5,流失低价值客户
14849.0,20,25,7930.54,4,5,5,14,高价值客户
14850.0,310,1,325.75,1,1,2,4,流失低价值客户
14851.0,22,2,511.35,4,3,3,10,忠实复购客户
14852.0,57,6,2836.69,3,5,5,13,高价值客户
14853.0,23,2,475.8,4,3,2,9,忠实复购客户
14854.0,77,7,2759.83,2,5,5,12,高价值客户
14855.0,118,2,645.65,2,3,3,8,沉睡预警客户
14856.0,35,3,1311.38,3,3,4,10,忠实复购客户
14857.0,58,2,1173.12,3,3,4,10,忠实复购客户
14859.0,11,4,1353.74,5,4,4,13,高价值客户
14860.0,18,1,170.32,4,1,1,6,沉睡预警客户
14861.0,51,1,125.79,3,1,1,5,流失低价值客户
14862.0,24,2,841.1999999999999,4,3,3,10,忠实复购客户
14863.0,28,1,266.76,4,1,2,7,沉睡预警客户
14865.0,6,2,52.2,5,3,1,9,忠实复购客户
14866.0,9,12,14389.9,5,5,5,15,高价值客户
14867.0,184,3,710.28,1,3,3,7,沉睡预警客户
14868.0,2,8,2953.59,5,5,5,15,高价值客户
14869.0,7,2,725.7,5,3,3,11,忠实复购客户
14870.0,260,1,327.25,1,1,2,4,流失低价值客户
14871.0,2,4,522.38,5,4,3,12,高价值客户
14873.0,209,1,519.68,1,1,3,5,流失低价值客户
14875.0,106,2,1465.3200000000002,2,3,4,9,忠实复购客户
14878.0,11,9,1485.54,5,5,4,14,高价值客户
14880.0,76,3,706.19,2,3,3,8,沉睡预警客户
14881.0,18,1,255.4,4,1,2,7,沉睡预警客户
14882.0,25,2,589.7,4,3,3,10,忠实复购客户
14883.0,17,6,761.59,4,5,3,12,高价值客户
14885.0,130,1,765.3199999999999,2,1,3,6,沉睡预警客户
14886.0,251,1,364.8,1,1,2,4,流失低价值客户
14887.0,78,1,1862.0,2,1,4,7,沉睡预警客户
14888.0,206,1,369.2,1,1,2,4,流失低价值客户
14889.0,335,1,135.9,1,1,1,3,流失低价值客户
14890.0,252,1,125.65,1,1,1,3,流失低价值客户
14891.0,147,2,554.38,2,3,3,8,沉睡预警客户
14893.0,8,2,1237.85,5,3,4,12,高价值客户
14894.0,84,1,655.75,2,1,3,6,沉睡预警客户
14895.0,6,20,11138.71,5,5,5,15,高价值客户
14896.0,203,2,468.77,1,3,2,6,沉睡预警客户
14897.0,6,4,1366.38,5,4,4,13,高价值客户
14898.0,22,6,1303.52,4,5,4,13,高价值客户
14901.0,10,9,1421.29,5,5,4,14,高价值客户
14902.0,24,1,332.66,4,1,2,7,沉睡预警客户
14903.0,20,5,2810.63,4,4,5,13,高价值客户
14904.0,1,2,1025.44,5,3,4,12,高价值客户
14905.0,156,2,616.15,2,3,3,8,沉睡预警客户
14907.0,2,7,3501.1,5,5,5,15,高价值客户
14908.0,73,1,277.8,2,1,2,5,流失低价值客户
14910.0,1,4,434.35,5,4,2,11,忠实复购客户
14911.0,0,201,143825.06,5,5,5,15,高价值客户
14912.0,15,2,867.85,4,3,3,10,忠实复购客户
14913.0,34,4,1227.43,3,4,4,11,忠实复购客户
14915.0,90,2,307.48,2,3,2,7,沉睡预警客户
14916.0,69,4,1268.98,3,4,4,11,忠实复购客户
14918.0,114,2,1610.15,2,3,4,9,忠实复购客户
14920.0,211,2,977.77,1,3,4,8,沉睡预警客户
14921.0,29,2,1316.07,4,3,4,11,忠实复购客户
14923.0,49,1,749.1,3,1,3,7,沉睡预警客户
14924.0,244,1,310.05,1,1,2,4,流失低价值客户
14929.0,31,1,223.88,4,1,1,6,沉睡预警客户
14930.0,107,3,2372.86,2,3,5,10,忠实复购客户
14931.0,3,5,1257.68,5,4,4,13,高价值客户
14932.0,364,1,363.53,1,1,2,4,流失低价值客户
14934.0,80,2,1890.94,2,3,4,9,忠实复购客户
14935.0,296,1,1784.71,1,1,4,6,沉睡预警客户
14936.0,32,8,8137.02,3,5,5,13,高价值客户
14937.0,55,3,1621.88,3,3,4,10,忠实复购客户
14944.0,28,12,5900.25,4,5,5,14,高价值客户
14946.0,13,1,100.9,4,1,1,6,沉睡预警客户
14947.0,71,2,290.82,2,3,2,7,沉睡预警客户
14948.0,22,6,1101.97,4,5,4,13,高价值客户
14950.0,18,1,371.2,4,1,2,7,沉睡预警客户
14951.0,78,1,311.69,2,1,2,5,流失低价值客户
14952.0,58,11,8099.49,3,5,5,13,高价值客户
14953.0,24,1,289.82,4,1,2,7,沉睡预警客户
14954.0,11,1,336.17,5,1,2,8,沉睡预警客户
14957.0,252,1,58.49,1,1,1,3,流失低价值客户
14958.0,146,3,499.68,2,3,3,8,沉睡预警客户
14959.0,63,4,695.42,3,4,3,10,忠实复购客户
14960.0,7,2,221.27,5,3,1,9,忠实复购客户
14961.0,9,9,7044.68,5,5,5,15,高价值客户
14962.0,269,1,126.7,1,1,1,3,流失低价值客户
14963.0,8,5,1487.8,5,4,4,13,高价值客户
14964.0,246,1,206.21,1,1,1,3,流失低价值客户
14965.0,95,2,599.0,2,3,3,8,沉睡预警客户
14966.0,13,1,191.32,4,1,1,6,沉睡预警客户
14967.0,48,1,463.8,3,1,2,6,沉睡预警客户
14968.0,29,1,147.59,4,1,1,6,沉睡预警客户
14970.0,67,4,1592.06,3,4,4,11,忠实复购客户
14971.0,34,3,1116.57,3,3,4,10,忠实复购客户
14972.0,127,1,114.77,2,1,1,4,流失低价值客户
14973.0,106,3,1314.45,2,3,4,9,忠实复购客户
14974.0,36,1,114.39,3,1,1,5,流失低价值客户
14975.0,56,1,279.94,3,1,2,6,沉睡预警客户
14976.0,56,7,790.86,3,5,3,11,忠实复购客户
14978.0,71,5,1931.42,2,4,4,10,忠实复购客户
14981.0,245,1,102.12,1,1,1,3,流失低价值客户
14984.0,18,2,213.27,4,3,1,8,沉睡预警客户
14985.0,197,2,296.75,1,3,2,6,沉睡预警客户
14987.0,14,2,326.4,4,3,2,9,忠实复购客户
14988.0,210,1,334.54,1,1,2,4,流失低价值客户
14995.0,37,2,233.23,3,3,1,7,沉睡预警客户
14997.0,45,3,546.1999999999999,3,3,3,9,忠实复购客户
14998.0,169,2,429.87,2,3,2,7,沉睡预警客户
15000.0,46,1,490.52,3,1,3,7,沉睡预警客户
15002.0,114,4,1641.76,2,4,4,10,忠实复购客户
15004.0,146,1,1246.32,2,1,4,7,沉睡预警客户
15005.0,14,28,6316.57,4,5,5,14,高价值客户
15006.0,50,1,502.09,3,1,3,7,沉睡预警客户
15007.0,158,1,156.91,2,1,1,4,流失低价值客户
15009.0,11,3,1261.78,5,3,4,12,高价值客户
15010.0,34,1,308.94,3,1,2,6,沉睡预警客户
15012.0,52,2,423.04,3,3,2,8,沉睡预警客户
15014.0,42,2,260.17,3,3,2,8,沉睡预警客户
15016.0,171,1,170.04,2,1,1,4,流失低价值客户
15017.0,32,1,125.58,3,1,1,5,流失低价值客户
15018.0,37,3,496.21,3,3,3,9,忠实复购客户
15019.0,265,1,266.0,1,1,2,4,流失低价值客户
15021.0,7,9,1914.82,5,5,4,14,高价值客户
15022.0,10,4,905.04,5,4,3,12,高价值客户
15023.0,2,11,6802.76,5,5,5,15,高价值客户
15024.0,8,10,1661.33,5,5,4,14,高价值客户
15025.0,32,1,377.01,3,1,2,6,沉睡预警客户
15026.0,79,3,469.0,2,3,2,7,沉睡预警客户
15027.0,29,4,1066.15,4,4,4,12,高价值客户
15028.0,7,4,627.13,5,4,3,12,高价值客户
15030.0,70,2,518.28,3,3,3,9,忠实复购客户
15031.0,3,4,668.14,5,4,3,12,高价值客户
15032.0,255,3,4959.1,1,3,5,9,忠实复购客户
15033.0,3,10,2586.67,5,5,5,15,高价值客户
15034.0,14,8,4308.61,4,5,5,14,高价值客户
15035.0,88,1,252.73,2,1,2,5,流失低价值客户
15036.0,71,3,465.55,2,3,2,7,沉睡预警客户
15038.0,57,6,705.49,3,5,3,11,忠实复购客户
15039.0,8,47,19914.44,5,5,5,15,高价值客户
15041.0,169,1,180.35,2,1,1,4,流失低价值客户
15042.0,198,1,135.93,1,1,1,3,流失低价值客户
15043.0,30,1,537.0,4,1,3,8,沉睡预警客户
15044.0,18,17,7700.23,4,5,5,14,高价值客户
15045.0,150,2,735.66,2,3,3,8,沉睡预警客户
15046.0,8,15,5213.77,5,5,5,15,高价值客户
15047.0,268,1,343.62,1,1,2,4,流失低价值客户
15048.0,64,4,384.05,3,4,2,9,忠实复购客户
15049.0,272,1,121.17,1,1,1,3,流失低价值客户
15050.0,24,3,1782.09,4,3,4,11,忠实复购客户
15051.0,22,3,1391.61,4,3,4,11,忠实复购客户
15052.0,318,1,215.78,1,1,1,3,流失低价值客户
15053.0,3,3,697.79,5,3,3,11,忠实复购客户
15054.0,11,2,302.1,5,3,2,10,忠实复购客户
15057.0,274,2,1489.5,1,3,4,8,沉睡预警客户
15058.0,24,11,2124.99,4,5,5,14,高价值客户
15059.0,39,9,1337.72,3,5,4,12,高价值客户
15060.0,7,4,303.09,5,4,2,11,忠实复购客户
15061.0,2,48,54534.14,5,5,5,15,高价值客户
15062.0,70,4,987.86,3,4,4,11,忠实复购客户
15063.0,212,1,370.8,1,1,2,4,流失低价值客户
15065.0,36,4,3158.13,3,4,5,12,高价值客户
15066.0,52,1,893.59,3,1,3,7,沉睡预警客户
15067.0,77,3,1744.76,2,3,4,9,忠实复购客户
15068.0,45,2,553.36,3,3,3,9,忠实复购客户
15069.0,178,1,1109.53,2,1,4,7,沉睡预警客户
15070.0,371,1,106.2,1,1,1,3,流失低价值客户
15071.0,92,2,982.07,2,3,4,9,忠实复购客户
15073.0,8,3,1043.41,5,3,4,12,高价值客户
15074.0,104,1,748.87,2,1,3,6,沉睡预警客户
15075.0,76,1,773.03,2,1,3,6,沉睡预警客户
15076.0,171,1,880.85,2,1,3,6,沉睡预警客户
15078.0,6,32,9743.11,5,5,5,15,高价值客户
15079.0,211,4,895.61,1,4,3,8,沉睡预警客户
15081.0,21,5,504.8,4,4,3,11,忠实复购客户
15083.0,255,1,88.2,1,1,1,3,流失低价值客户
15087.0,280,1,306.94,1,1,2,4,流失低价值客户
15088.0,20,2,1160.07,4,3,4,11,忠实复购客户
15089.0,9,6,2420.84,5,5,5,15,高价值客户
15090.0,307,1,381.32,1,1,2,4,流失低价值客户
15091.0,66,1,480.71,3,1,2,6,沉睡预警客户
15092.0,214,2,457.81,1,3,2,6,沉睡预警客户
15093.0,17,6,4597.02,4,5,5,14,高价值客户
15095.0,102,4,1370.6,2,4,4,10,忠实复购客户
15096.0,41,1,219.39,3,1,1,5,流失低价值客户
15097.0,3,1,248.08,5,1,1,7,沉睡预警客户
15098.0,181,3,39916.5,1,3,5,9,忠实复购客户
15099.0,83,1,410.48,2,1,2,5,流失低价值客户
15100.0,332,3,876.0,1,3,3,7,沉睡预警客户
15101.0,7,2,317.53,5,3,2,10,忠实复购客户
15103.0,30,2,703.36,4,3,3,10,忠实复购客户
15104.0,195,2,1027.44,1,3,4,8,沉睡预警客户
15105.0,17,7,2298.93,4,5,5,14,高价值客户
15106.0,16,5,1422.52,4,4,4,12,高价值客户
15107.0,310,6,319.5,1,5,2,8,沉睡预警客户
15108.0,140,4,1300.25,2,4,4,10,忠实复购客户
15109.0,244,1,484.95,1,1,2,4,流失低价值客户
15110.0,22,4,996.1,4,4,4,12,高价值客户
15111.0,28,3,1567.48,4,3,4,11,忠实复购客户
15113.0,8,3,3609.33,5,3,5,13,高价值客户
15114.0,29,10,2760.56,4,5,5,14,高价值客户
15115.0,17,1,340.11,4,1,2,7,沉睡预警客户
15116.0,16,4,1352.75,4,4,4,12,高价值客户
15117.0,13,5,1551.78,4,4,4,12,高价值客户
15118.0,133,1,244.8,2,1,1,4,流失低价值客户
15119.0,244,1,266.40000000000003,1,1,2,4,流失低价值客户
15120.0,132,1,358.82,2,1,2,5,流失低价值客户
15121.0,49,2,457.72,3,3,2,8,沉睡预警客户
15122.0,113,3,1633.78,2,3,4,9,忠实复购客户
15123.0,6,2,2199.31,5,3,5,13,高价值客户
15124.0,21,2,184.19,4,3,1,8,沉睡预警客户
15125.0,24,15,11528.48,4,5,5,14,高价值客户
15127.0,64,1,406.53,3,1,2,6,沉睡预警客户
15128.0,59,4,1471.0,3,4,4,11,忠实复购客户
15129.0,49,11,3447.4,3,5,5,13,高价值客户
15130.0,168,1,330.11,2,1,2,5,流失低价值客户
15132.0,17,5,977.93,4,4,4,12,高价值客户
15133.0,126,3,982.42,2,3,4,9,忠实复购客户
15134.0,13,8,1387.99,4,5,4,13,高价值客户
15135.0,238,1,139.05,1,1,1,3,流失低价值客户
15136.0,1,4,1286.7,5,4,4,13,高价值客户
15139.0,238,2,178.96,1,3,1,5,流失低价值客户
15140.0,51,7,2354.25,3,5,5,13,高价值客户
15142.0,45,1,498.74,3,1,3,7,沉睡预警客户
15143.0,224,1,259.45,1,1,2,4,流失低价值客户
15144.0,7,17,6580.44,5,5,5,15,高价值客户
15145.0,3,4,1194.73,5,4,4,13,高价值客户
15146.0,163,2,1327.16,2,3,4,9,忠实复购客户
15147.0,239,1,623.5,1,1,3,5,流失低价值客户
15148.0,9,1,301.29,5,1,2,8,沉睡预警客户
15149.0,132,1,520.8000000000001,2,1,3,6,沉睡预警客户
15150.0,16,10,5314.47,4,5,5,14,高价值客户
15152.0,8,13,4745.69,5,5,5,15,高价值客户
15153.0,30,1,329.25,4,1,2,7,沉睡预警客户
15154.0,74,1,296.42,2,1,2,5,流失低价值客户
15156.0,0,3,961.49,5,3,4,12,高价值客户
15157.0,2,3,1936.07,5,3,4,12,高价值客户
15158.0,44,1,401.4,3,1,2,6,沉睡预警客户
15159.0,0,30,18641.01,5,5,5,15,高价值客户
15160.0,356,1,158.16,1,1,1,3,流失低价值客户
15163.0,17,2,304.47,4,3,2,9,忠实复购客户
15164.0,67,3,843.05,3,3,3,9,忠实复购客户
15165.0,372,1,487.75,1,1,2,4,流失低价值客户
15167.0,319,1,163.0,1,1,1,3,流失低价值客户
15168.0,24,1,106.56,4,1,1,6,沉睡预警客户
15171.0,330,1,1289.5,1,1,4,6,沉睡预警客户
15172.0,7,5,1624.05,5,4,4,13,高价值客户
15174.0,321,1,135.75,1,1,1,3,流失低价值客户
15175.0,70,1,224.14,3,1,1,5,流失低价值客户
15178.0,259,1,40.5,1,1,1,3,流失低价值客户
15179.0,17,5,2206.95,4,4,5,13,高价值客户
15180.0,366,1,87.5,1,1,1,3,流失低价值客户
15181.0,65,3,689.4799999999999,3,3,3,9,忠实复购客户
15182.0,153,2,622.85,2,3,3,8,沉睡预警客户
15184.0,28,2,406.76,4,3,2,9,忠实复购客户
15185.0,69,1,310.62,3,1,2,6,沉睡预警客户
15186.0,13,2,411.41,4,3,2,9,忠实复购客户
15187.0,0,16,4777.18,5,5,5,15,高价值客户
15189.0,0,41,16225.39,5,5,5,15,高价值客户
15192.0,118,3,1044.32,2,3,4,9,忠实复购客户
15193.0,59,1,499.32,3,1,3,7,沉睡预警客户
15194.0,2,15,7616.53,5,5,5,15,高价值客户
15195.0,1,1,3861.0,5,1,5,11,忠实复购客户
15197.0,9,3,1079.61,5,3,4,12,高价值客户
15198.0,91,2,193.64,2,3,1,6,沉睡预警客户
15199.0,58,4,1268.7,3,4,4,11,忠实复购客户
15201.0,86,5,1236.54,2,4,4,10,忠实复购客户
15203.0,24,6,1827.8,4,5,4,13,高价值客户
15204.0,356,1,316.58,1,1,2,4,流失低价值客户
15205.0,84,2,653.24,2,3,3,8,沉睡预警客户
15206.0,9,4,420.3,5,4,2,11,忠实复购客户
15208.0,0,5,870.12,5,4,3,12,高价值客户
15210.0,224,1,331.18,1,1,2,4,流失低价值客户
15211.0,59,2,894.41,3,3,3,9,忠实复购客户
15212.0,240,1,101.8,1,1,1,3,流失低价值客户
15213.0,317,2,328.35,1,3,2,6,沉睡预警客户
15214.0,0,8,1661.44,5,5,4,14,高价值客户
15215.0,45,3,734.94,3,3,3,9,忠实复购客户
15216.0,86,1,96.6,2,1,1,4,流失低价值客户
15218.0,9,11,5756.89,5,5,5,15,高价值客户
15219.0,175,1,305.75,2,1,2,5,流失低价值客户
15220.0,50,6,1778.96,3,5,4,12,高价值客户
15221.0,365,1,403.25,1,1,2,4,流失低价值客户
15222.0,317,1,585.0,1,1,3,5,流失低价值客户
15223.0,224,2,755.75,1,3,3,7,沉睡预警客户
15224.0,357,2,322.08,1,3,2,6,沉睡预警客户
15225.0,233,1,409.4,1,1,2,4,流失低价值客户
15226.0,309,1,154.41,1,1,1,3,流失低价值客户
15227.0,35,5,1219.4,3,4,4,11,忠实复购客户
15228.0,65,4,3386.71,3,4,5,12,高价值客户
15230.0,238,2,429.6,1,3,2,6,沉睡预警客户
15232.0,112,2,612.06,2,3,3,8,沉睡预警客户
15234.0,275,1,197.0,1,1,1,3,流失低价值客户
15235.0,216,12,2247.51,1,5,5,11,忠实复购客户
15236.0,297,1,321.05,1,1,2,4,流失低价值客户
15237.0,0,4,1412.32,5,4,4,13,高价值客户
15238.0,28,3,1071.99,4,3,4,11,忠实复购客户
15239.0,9,2,780.59,5,3,3,11,忠实复购客户
15240.0,43,5,1706.57,3,4,4,11,忠实复购客户
15241.0,65,8,1756.44,3,5,4,12,高价值客户
15243.0,73,1,316.68,2,1,2,5,流失低价值客户
15244.0,64,2,631.57,3,3,3,9,忠实复购客户
15245.0,133,3,2515.84,2,3,5,10,忠实复购客户
15246.0,237,2,514.15,1,3,3,7,沉睡预警客户
15247.0,121,1,356.0,2,1,2,5,流失低价值客户
15249.0,30,13,6688.46,4,5,5,14,高价值客户
15251.0,8,11,10484.99,5,5,5,15,高价值客户
15252.0,35,2,740.78,3,3,3,9,忠实复购客户
15253.0,15,5,918.2,4,4,3,11,忠实复购客户
15254.0,126,1,300.36,2,1,2,5,流失低价值客户
15255.0,65,1,890.85,3,1,3,7,沉睡预警客户
15256.0,147,1,98.45,2,1,1,4,流失低价值客户
15257.0,282,1,317.15,1,1,2,4,流失低价值客户
15258.0,167,2,623.16,2,3,3,8,沉睡预警客户
15260.0,99,7,1810.77,2,5,4,11,忠实复购客户
15261.0,134,1,254.82,2,1,2,5,流失低价值客户
15262.0,322,1,178.95000000000002,1,1,1,3,流失低价值客户
15263.0,105,1,156.51,2,1,1,4,流失低价值客户
15264.0,63,1,393.74,3,1,2,6,沉睡预警客户
15265.0,150,2,1506.12,2,3,4,9,忠实复购客户
15266.0,337,1,119.3,1,1,1,3,流失低价值客户
15267.0,21,5,1717.36,4,4,4,12,高价值客户
15269.0,22,1,408.8,4,1,2,7,沉睡预警客户
15270.0,14,7,2379.49,4,5,5,14,高价值客户
15271.0,6,15,2507.07,5,5,5,15,高价值客户
15272.0,56,2,721.94,3,3,3,9,忠实复购客户
15274.0,3,2,716.57,5,3,3,11,忠实复购客户
15275.0,36,1,615.14,3,1,3,7,沉睡预警客户
15276.0,65,1,135.31,3,1,1,5,流失低价值客户
15277.0,45,1,255.9,3,1,2,6,沉睡预警客户
15279.0,353,1,290.51,1,1,2,4,流失低价值客户
15280.0,171,1,113.12,2,1,1,4,流失低价值客户
15281.0,57,9,2332.15,3,5,5,13,高价值客户
15286.0,48,1,240.55,3,1,1,5,流失低价值客户
15287.0,21,2,486.69,4,3,2,9,忠实复购客户
15288.0,42,5,2306.52,3,4,5,12,高价值客户
15289.0,28,3,939.78,4,3,3,10,忠实复购客户
15290.0,3,18,7943.22,5,5,5,15,高价值客户
15291.0,24,15,4668.3,4,5,5,14,高价值客户
15292.0,200,1,180.94,1,1,1,3,流失低价值客户
15296.0,49,6,3672.86,3,5,5,13,高价值客户
15297.0,9,3,641.94,5,3,3,11,忠实复购客户
15298.0,1,12,4799.9,5,5,5,15,高价值客户
15299.0,66,7,4507.01,3,5,5,13,高价值客户
15300.0,63,1,496.44,3,1,3,7,沉睡预警客户
15301.0,49,12,5070.35,3,5,5,13,高价值客户
15303.0,289,1,574.02,1,1,3,5,流失低价值客户
15304.0,59,8,694.4,3,5,3,11,忠实复购客户
15306.0,63,3,1174.35,3,3,4,10,忠实复购客户
15307.0,94,1,205.3,2,1,1,4,流失低价值客户
15308.0,273,1,310.47,1,1,2,4,流失低价值客户
15311.0,-1,91,60767.9,5,5,5,15,高价值客户
15312.0,74,4,924.85,2,4,3,9,忠实复购客户
15313.0,109,1,52.0,2,1,1,4,流失低价值客户
15314.0,198,1,327.97,1,1,2,4,流失低价值客户
15315.0,63,2,570.5,3,3,3,9,忠实复购客户
15316.0,325,1,165.0,1,1,1,3,流失低价值客户
15318.0,2,1,312.62,5,1,2,8,沉睡预警客户
15319.0,282,1,204.5,1,1,1,3,流失低价值客户
15320.0,43,1,267.13,3,1,2,6,沉睡预警客户
15321.0,69,3,2748.31,3,3,5,11,忠实复购客户
15322.0,84,1,679.68,2,1,3,6,沉睡预警客户
15325.0,102,1,162.29,2,1,1,4,流失低价值客户
15326.0,332,1,311.71,1,1,2,4,流失低价值客户
15327.0,51,1,208.75,3,1,1,5,流失低价值客户
15329.0,38,3,1049.7,3,3,4,10,忠实复购客户
15330.0,31,2,714.96,4,3,3,10,忠实复购客户
15332.0,365,4,1661.06,1,4,4,9,忠实复购客户
15333.0,207,1,1028.56,1,1,4,6,沉睡预警客户
15334.0,155,3,351.67,2,3,2,7,沉睡预警客户
15335.0,52,1,173.97,3,1,1,5,流失低价值客户
15339.0,65,2,574.07,3,3,3,9,忠实复购客户
15341.0,79,1,2020.52,2,1,4,7,沉睡预警客户
15342.0,128,1,406.09,2,1,2,5,流失低价值客户
15343.0,86,1,364.5,2,1,2,5,流失低价值客户
15344.0,-1,3,563.94,5,3,3,11,忠实复购客户
15345.0,44,1,393.54,3,1,2,6,沉睡预警客户
15346.0,331,1,252.42,1,1,2,4,流失低价值客户
15347.0,365,1,201.6,1,1,1,3,流失低价值客户
15348.0,71,1,158.04,2,1,1,4,流失低价值客户
15349.0,157,2,473.81,2,3,2,7,沉睡预警客户
15350.0,372,1,115.65,1,1,1,3,流失低价值客户
15351.0,11,7,1960.11,5,5,4,14,高价值客户
15353.0,253,2,777.02,1,3,3,7,沉睡预警客户
15355.0,28,2,277.05,4,3,2,9,忠实复购客户
15356.0,30,10,2766.5,4,5,5,14,高价值客户
15358.0,3,22,8347.2,5,5,5,15,高价值客户
15360.0,38,1,427.93,3,1,2,6,沉睡预警客户
15361.0,360,1,418.92,1,1,2,4,流失低价值客户
15363.0,371,1,326.0,1,1,2,4,流失低价值客户
15364.0,94,2,913.19,2,3,3,8,沉睡预警客户
15365.0,24,7,2314.32,4,5,5,14,高价值客户
15366.0,74,2,602.51,2,3,3,8,沉睡预警客户
15367.0,56,4,1877.59,3,4,4,11,忠实复购客户
15368.0,20,1,446.94000000000005,4,1,2,7,沉睡预警客户
15370.0,39,7,2386.05,3,5,5,13,高价值客户
15372.0,136,1,2007.4,2,1,4,7,沉睡预警客户
15373.0,7,12,2415.91,5,5,5,15,高价值客户
15374.0,127,1,168.0,2,1,1,4,流失低价值客户
15376.0,39,3,1233.36,3,3,4,10,忠实复购客户
15379.0,168,7,3703.29,2,5,5,12,高价值客户
15380.0,7,5,1690.2600000000002,5,4,4,13,高价值客户
15381.0,212,2,596.85,1,3,3,7,沉睡预警客户
15382.0,13,6,5955.71,4,5,5,14,高价值客户
15384.0,168,2,642.41,2,3,3,8,沉睡预警客户
15385.0,39,1,316.88,3,1,2,6,沉睡预警客户
15386.0,185,1,394.14,1,1,2,4,流失低价值客户
15388.0,269,1,140.54,1,1,1,3,流失低价值客户
15389.0,171,1,500.0,2,1,3,6,沉睡预警客户
15392.0,3,4,1535.53,5,4,4,13,高价值客户
15393.0,15,2,231.86,4,3,1,8,沉睡预警客户
15394.0,8,4,2183.54,5,4,5,14,高价值客户
15395.0,324,1,107.45,1,1,1,3,流失低价值客户
15396.0,111,1,288.18,2,1,2,5,流失低价值客户
15397.0,288,1,94.0,1,1,1,3,流失低价值客户
15398.0,15,2,1345.53,4,3,4,11,忠实复购客户
15399.0,0,3,815.77,5,3,3,11,忠实复购客户
15400.0,91,5,716.2,2,4,3,9,忠实复购客户
15402.0,147,2,626.77,2,3,3,8,沉睡预警客户
15405.0,188,1,349.1,1,1,2,4,流失低价值客户
15406.0,30,2,510.71,4,3,3,10,忠实复购客户
15407.0,32,4,1056.44,3,4,4,11,忠实复购客户
15408.0,263,1,267.18,1,1,2,4,流失低价值客户
15410.0,83,8,3450.84,2,5,5,12,高价值客户
15411.0,25,4,1358.88,4,4,4,12,高价值客户
15412.0,170,1,190.53,2,1,1,4,流失低价值客户
15414.0,8,3,774.9000000000001,5,3,3,11,忠实复购客户
15415.0,312,1,572.8100000000001,1,1,3,5,流失低价值客户
15416.0,63,4,3984.32,3,4,5,12,高价值客户
15417.0,84,1,508.8,2,1,3,6,沉睡预警客户
15419.0,23,1,135.86,4,1,1,6,沉睡预警客户
15421.0,57,4,950.36,3,4,4,11,忠实复购客户
15422.0,322,2,97.7,1,3,1,5,流失低价值客户
15423.0,37,1,43.5,3,1,1,5,流失低价值客户
15424.0,253,2,383.34,1,3,2,6,沉睡预警客户
15426.0,18,5,1447.39,4,4,4,12,高价值客户
15427.0,32,3,1483.14,3,3,4,10,忠实复购客户
15428.0,14,1,93.78,4,1,1,6,沉睡预警客户
15429.0,25,2,397.35,4,3,2,9,忠实复购客户
15432.0,22,1,171.19,4,1,1,6,沉睡预警客户
15433.0,212,2,533.3,1,3,3,7,沉睡预警客户
15434.0,7,5,1041.48,5,4,4,13,高价值客户
15435.0,21,1,149.29,4,1,1,6,沉睡预警客户
15436.0,11,3,1122.53,5,3,4,12,高价值客户
15437.0,261,1,200.16,1,1,1,3,流失低价值客户
15438.0,130,1,156.58,2,1,1,4,流失低价值客户
15440.0,53,3,383.68,3,3,2,8,沉睡预警客户
15442.0,247,1,594.0,1,1,3,5,流失低价值客户
15443.0,0,7,3236.91,5,5,5,15,高价值客户
15444.0,8,2,1418.26,5,3,4,12,高价值客户
15445.0,263,1,113.5,1,1,1,3,流失低价值客户
15447.0,329,1,155.17,1,1,1,3,流失低价值客户
15448.0,311,1,494.64,1,1,3,5,流失低价值客户
15449.0,25,3,974.52,4,3,4,11,忠实复购客户
15450.0,29,1,429.84,4,1,2,7,沉睡预警客户
15452.0,28,3,538.73,4,3,3,10,忠实复购客户
15453.0,0,7,1388.37,5,5,4,14,高价值客户
15454.0,361,1,179.1,1,1,1,3,流失低价值客户
15456.0,282,3,447.22,1,3,2,6,沉睡预警客户
15457.0,261,1,237.07,1,1,1,3,流失低价值客户
15458.0,24,1,161.64,4,1,1,6,沉睡预警客户
15460.0,353,1,216.76,1,1,1,3,流失低价值客户
15462.0,93,3,234.6,2,3,1,6,沉睡预警客户
15463.0,28,1,126.14,4,1,1,6,沉睡预警客户
15464.0,337,1,1048.85,1,1,4,6,沉睡预警客户
15465.0,18,18,7354.62,4,5,5,14,高价值客户
15466.0,84,1,334.53,2,1,2,5,流失低价值客户
15467.0,8,3,524.88,5,3,3,11,忠实复购客户
15468.0,50,2,467.51,3,3,2,8,沉睡预警客户
15469.0,49,2,538.55,3,3,3,9,忠实复购客户
15471.0,1,1,469.48,5,1,2,8,沉睡预警客户
15472.0,112,1,371.56,2,1,2,5,流失低价值客户
15473.0,13,7,1771.2,4,5,4,13,高价值客户
15475.0,76,1,454.11,2,1,2,5,流失低价值客户
15478.0,39,2,1441.42,3,3,4,10,忠实复购客户
15480.0,115,1,905.5,2,1,3,6,沉睡预警客户
15482.0,14,12,11054.96,4,5,5,14,高价值客户
15483.0,160,4,233.81,2,4,1,7,沉睡预警客户
15484.0,0,4,3594.31,5,4,5,14,高价值客户
15485.0,29,3,2575.0,4,3,5,12,高价值客户
15488.0,91,1,91.32,2,1,1,4,流失低价值客户
15489.0,21,3,1134.28,4,3,4,11,忠实复购客户
15491.0,94,6,3100.09,2,5,5,12,高价值客户
15492.0,27,2,659.4599999999999,4,3,3,10,忠实复购客户
15493.0,31,5,2001.8,4,4,4,12,高价值客户
15494.0,20,2,1299.23,4,3,4,11,忠实复购客户
15497.0,16,2,1262.2,4,3,4,11,忠实复购客户
15498.0,1,27,13316.4,5,5,5,15,高价值客户
15500.0,7,4,1131.56,5,4,4,13,高价值客户
15502.0,14,12,10384.93,4,5,5,14,高价值客户
15503.0,361,1,147.09,1,1,1,3,流失低价值客户
15504.0,80,1,52.83,2,1,1,4,流失低价值客户
15505.0,51,5,3610.96,3,4,5,12,高价值客户
15506.0,21,3,979.26,4,3,4,11,忠实复购客户
15507.0,170,1,492.36,2,1,3,6,沉睡预警客户
15508.0,188,6,1000.27,1,5,4,10,忠实复购客户
15510.0,329,1,250.0,1,1,1,3,流失低价值客户
15511.0,10,5,909.23,5,4,3,12,高价值客户
15512.0,154,2,121.0,2,3,1,6,沉睡预警客户
15513.0,32,19,14758.22,3,5,5,13,高价值客户
15514.0,11,11,4139.46,5,5,5,15,高价值客户
15516.0,43,3,62.43,3,3,1,7,沉睡预警客户
15517.0,232,1,267.03,1,1,2,4,流失低价值客户
15518.0,63,8,1942.45,3,5,4,12,高价值客户
15520.0,0,1,343.5,5,1,2,8,沉睡预警客户
15521.0,39,8,3000.2,3,5,5,13,高价值客户
15522.0,31,2,398.84,4,3,2,9,忠实复购客户
15523.0,83,1,412.0100000000001,2,1,2,5,流失低价值客户
15524.0,23,1,440.0,4,1,2,7,沉睡预警客户
15525.0,1,3,825.92,5,3,3,11,忠实复购客户
15526.0,32,2,148.44,3,3,1,7,沉睡预警客户
15527.0,17,8,2429.78,4,5,5,14,高价值客户
15528.0,253,1,229.33,1,1,1,3,流失低价值客户
15529.0,21,11,3995.23,4,5,5,14,高价值客户
15530.0,20,4,1502.35,4,4,4,12,高价值客户
15531.0,7,2,2007.44,5,3,4,12,高价值客户
15532.0,24,4,1580.93,4,4,4,12,高价值客户
15533.0,18,3,807.5699999999999,4,3,3,10,忠实复购客户
15535.0,172,4,536.4,2,4,3,9,忠实复购客户
15537.0,162,1,110.92,2,1,1,4,流失低价值客户
15539.0,6,1,538.46,5,1,3,9,忠实复购客户
15540.0,10,1,213.3,5,1,1,7,沉睡预警客户
15541.0,113,1,85.13000000000001,2,1,1,4,流失低价值客户
15543.0,287,1,127.86,1,1,1,3,流失低价值客户
15544.0,8,9,3546.71,5,5,5,15,高价值客户
15545.0,53,2,292.72,3,3,2,8,沉睡预警客户
15547.0,6,14,4954.84,5,5,5,15,高价值客户
15549.0,76,3,1693.26,2,3,4,9,忠实复购客户
15550.0,3,4,575.63,5,4,3,12,高价值客户
15551.0,35,1,436.06,3,1,2,6,沉睡预警客户
15552.0,216,1,90.12,1,1,1,3,流失低价值客户
15553.0,59,1,437.23,3,1,2,6,沉睡预警客户
15554.0,276,1,217.2,1,1,1,3,流失低价值客户
15555.0,11,16,4805.17,5,5,5,15,高价值客户
15556.0,23,1,279.77,4,1,2,7,沉睡预警客户
15557.0,27,1,473.65,4,1,2,7,沉睡预警客户
15561.0,10,4,800.59,5,4,3,12,高价值客户
15562.0,350,1,134.55,1,1,1,3,流失低价值客户
15563.0,21,4,1400.44,4,4,4,12,高价值客户
15565.0,49,2,173.16,3,3,1,7,沉睡预警客户
15567.0,17,1,186.01,4,1,1,6,沉睡预警客户
15568.0,1,3,758.29,5,3,3,11,忠实复购客户
15569.0,102,5,1375.71,2,4,4,10,忠实复购客户
15570.0,6,12,4165.52,5,5,5,15,高价值客户
15571.0,10,4,650.4300000000001,5,4,3,12,高价值客户
15572.0,3,7,2552.86,5,5,5,15,高价值客户
15573.0,30,2,607.45,4,3,3,10,忠实复购客户
15574.0,176,4,702.25,2,4,3,9,忠实复购客户
15576.0,36,1,940.67,3,1,3,7,沉睡预警客户
15577.0,150,3,258.88,2,3,2,7,沉睡预警客户
15578.0,161,1,127.1,2,1,1,4,流失低价值客户
15579.0,67,2,348.6,3,3,2,8,沉睡预警客户
15581.0,119,13,3679.97,2,5,5,12,高价值客户
15582.0,23,3,682.9100000000001,4,3,3,10,忠实复购客户
15584.0,22,4,725.11,4,4,3,11,忠实复购客户
15585.0,175,1,455.3,2,1,2,5,流失低价值客户
15587.0,49,4,913.68,3,4,3,10,忠实复购客户
15589.0,254,3,478.53,1,3,2,6,沉睡预警客户
15592.0,45,1,388.58,3,1,2,6,沉睡预警客户
15593.0,69,1,199.8,3,1,1,5,流失低价值客户
15594.0,14,5,1771.78,4,4,4,12,高价值客户
15596.0,99,5,1406.59,2,4,4,10,忠实复购客户
15597.0,34,1,324.57,3,1,2,6,沉睡预警客户
15598.0,52,1,240.68,3,1,1,5,流失低价值客户
15599.0,25,2,761.74,4,3,3,10,忠实复购客户
15601.0,10,14,6776.56,5,5,5,15,高价值客户
15602.0,7,9,1297.87,5,5,4,14,高价值客户
15603.0,77,1,48.48,2,1,1,4,流失低价值客户
15604.0,51,1,216.39,3,1,1,5,流失低价值客户
15605.0,35,5,1198.23,3,4,4,11,忠实复购客户
15606.0,60,9,2920.16,3,5,5,13,高价值客户
15607.0,335,1,104.76,1,1,1,3,流失低价值客户
15608.0,27,4,1093.68,4,4,4,12,高价值客户
15609.0,183,1,298.48,1,1,2,4,流失低价值客户
15610.0,50,1,112.46,3,1,1,5,流失低价值客户
15611.0,8,13,1591.45,5,5,4,14,高价值客户
15612.0,35,2,195.15,3,3,1,7,沉睡预警客户
15615.0,9,23,10399.74,5,5,5,15,高价值客户
15618.0,31,4,776.851,4,4,3,11,忠实复购客户
15619.0,9,1,336.40000000000003,5,1,2,8,沉睡预警客户
15620.0,55,3,1553.18,3,3,4,10,忠实复购客户
15621.0,3,4,1293.03,5,4,4,13,高价值客户
15622.0,42,9,3709.56,3,5,5,13,高价值客户
15623.0,140,1,301.03,2,1,2,5,流失低价值客户
15624.0,115,4,588.13,2,4,3,9,忠实复购客户
15625.0,102,4,1534.26,2,4,4,10,忠实复购客户
15626.0,73,2,675.8,2,3,3,8,沉睡预警客户
15628.0,3,9,2870.24,5,5,5,15,高价值客户
15630.0,44,2,1186.35,3,3,4,10,忠实复购客户
15632.0,14,8,3285.31,4,5,5,14,高价值客户
15634.0,16,1,243.55,4,1,1,6,沉睡预警客户
15636.0,88,2,724.76,2,3,3,8,沉睡预警客户
15637.0,51,1,223.36,3,1,1,5,流失低价值客户
15639.0,133,1,425.32,2,1,2,5,流失低价值客户
15640.0,3,15,12515.66,5,5,5,15,高价值客户
15641.0,104,4,1887.2,2,4,4,10,忠实复购客户
15643.0,190,3,664.0,1,3,3,7,沉睡预警客户
15644.0,165,4,813.0,2,4,3,9,忠实复购客户
15645.0,17,1,612.01,4,1,3,8,沉睡预警客户
15646.0,156,3,447.64,2,3,2,7,沉睡预警客户
15648.0,203,2,657.35,1,3,3,7,沉睡预警客户
15649.0,335,2,816.0,1,3,3,7,沉睡预警客户
15651.0,35,3,646.3,3,3,3,9,忠实复购客户
15652.0,90,1,337.74,2,1,2,5,流失低价值客户
15653.0,91,2,877.4399999999999,2,3,3,8,沉睡预警客户
15654.0,8,2,922.53,5,3,3,11,忠实复购客户
15655.0,242,1,560.6700000000001,1,1,3,5,流失低价值客户
15656.0,44,4,748.5,3,4,3,10,忠实复购客户
15657.0,21,1,30.0,4,1,1,6,沉睡预警客户
15658.0,189,5,1024.1,1,4,4,9,忠实复购客户
15659.0,42,1,306.45,3,1,2,6,沉睡预警客户
15660.0,24,9,1600.86,4,5,4,13,高价值客户
15661.0,316,2,309.8,1,3,2,6,沉睡预警客户
15663.0,105,1,138.14,2,1,1,4,流失低价值客户
15664.0,49,1,386.43,3,1,2,6,沉睡预警客户
15665.0,167,2,2242.01,2,3,5,10,忠实复购客户
15667.0,38,1,301.32,3,1,2,6,沉睡预警客户
15668.0,216,1,76.32000000000001,1,1,1,3,流失低价值客户
15669.0,39,4,684.34,3,4,3,10,忠实复购客户
15670.0,295,1,173.05,1,1,1,3,流失低价值客户
15671.0,17,7,2657.13,4,5,5,14,高价值客户
15673.0,87,4,2881.02,2,4,5,11,忠实复购客户
15674.0,72,5,2446.6,2,4,5,11,忠实复购客户
15675.0,80,3,323.69,2,3,2,7,沉睡预警客户
15676.0,17,3,3435.76,4,3,5,12,高价值客户
15677.0,48,1,657.23,3,1,3,7,沉睡预警客户
15678.0,51,1,352.7,3,1,2,6,沉睡预警客户
15679.0,23,4,781.28,4,4,3,11,忠实复购客户
15680.0,8,3,1333.68,5,3,4,12,高价值客户
15681.0,24,5,1426.16,4,4,4,12,高价值客户
15683.0,116,1,193.75,2,1,1,4,流失低价值客户
15687.0,7,9,2993.1,5,5,5,15,高价值客户
15689.0,118,2,254.1,2,3,2,7,沉睡预警客户
15690.0,3,2,239.76,5,3,1,9,忠实复购客户
15691.0,251,1,136.8,1,1,1,3,流失低价值客户
15692.0,27,1,191.04,4,1,1,6,沉睡预警客户
15694.0,-1,14,6479.4,5,5,5,15,高价值客户
15695.0,265,2,409.98,1,3,2,6,沉睡预警客户
15696.0,32,8,2736.46,3,5,5,13,高价值客户
15699.0,16,1,309.65,4,1,2,7,沉睡预警客户
15700.0,171,2,696.68,2,3,3,8,沉睡预警客户
15701.0,1,4,1542.14,5,4,4,13,高价值客户
15703.0,263,1,211.5,1,1,1,3,流失低价值客户
15704.0,139,4,2293.62,2,4,5,11,忠实复购客户
15705.0,200,1,143.1,1,1,1,3,流失低价值客户
15706.0,62,4,1060.56,3,4,4,11,忠实复购客户
15707.0,34,4,945.58,3,4,4,11,忠实复购客户
15708.0,39,7,3364.24,3,5,5,13,高价值客户
15709.0,282,1,133.25,1,1,1,3,流失低价值客户
15712.0,8,5,1072.36,5,4,4,13,高价值客户
15713.0,142,2,356.7,2,3,2,7,沉睡预警客户
15714.0,10,2,330.88,5,3,2,10,忠实复购客户
15716.0,144,4,1118.81,2,4,4,10,忠实复购客户
15717.0,233,1,150.3,1,1,1,3,流失低价值客户
15719.0,31,13,5045.61,4,5,5,14,高价值客户
15720.0,23,1,598.73,4,1,3,8,沉睡预警客户
15721.0,10,1,507.08,5,1,3,9,忠实复购客户
15722.0,34,5,2222.56,3,4,5,12,高价值客户
15723.0,363,1,203.1,1,1,1,3,流失低价值客户
15724.0,200,2,218.25,1,3,1,5,流失低价值客户
15725.0,14,1,415.25,4,1,2,7,沉睡预警客户
15727.0,15,7,5178.96,4,5,5,14,高价值客户
15729.0,211,1,85.0,1,1,1,3,流失低价值客户
15730.0,64,3,1120.88,3,3,4,10,忠实复购客户
15732.0,211,2,294.12,1,3,2,6,沉睡预警客户
15733.0,281,1,162.3,1,1,1,3,流失低价值客户
15734.0,113,2,1339.45,2,3,4,9,忠实复购客户
15737.0,13,8,1205.12,4,5,4,13,高价值客户
15738.0,17,16,4812.42,4,5,5,14,高价值客户
15739.0,65,1,449.12,3,1,2,6,沉睡预警客户
15740.0,48,1,154.88,3,1,1,5,流失低价值客户
15743.0,15,4,784.46,4,4,3,11,忠实复购客户
15744.0,76,1,34.8,2,1,1,4,流失低价值客户
15745.0,18,4,1094.59,4,4,4,12,高价值客户
15746.0,133,1,196.88,2,1,1,4,流失低价值客户
15747.0,11,3,974.04,5,3,4,12,高价值客户
15748.0,39,1,149.31,3,1,1,5,流失低价值客户
15749.0,234,3,44534.3,1,3,5,9,忠实复购客户
15750.0,1,8,2465.48,5,5,5,15,高价值客户
15752.0,38,7,2637.38,3,5,5,13,高价值客户
15753.0,303,1,79.2,1,2,1,4,流失低价值客户
15754.0,50,3,458.57,3,3,2,8,沉睡预警客户
15755.0,9,6,2364.25,5,5,5,15,高价值客户
15756.0,60,4,532.96,3,4,3,10,忠实复购客户
15757.0,64,2,714.42,3,3,3,9,忠实复购客户
15758.0,23,1,205.25,4,2,1,7,沉睡预警客户
15759.0,217,3,253.04,1,4,2,7,沉睡预警客户
15762.0,64,2,583.75,3,3,3,9,忠实复购客户
15763.0,30,2,1086.92,4,3,4,11,忠实复购客户
15764.0,87,6,3279.97,2,5,5,12,高价值客户
15766.0,63,1,315.06,3,2,2,7,沉睡预警客户
15768.0,114,3,621.83,2,4,3,9,忠实复购客户
15769.0,6,26,56252.72,5,5,5,15,高价值客户
15773.0,4,1,635.6800000000001,5,2,3,10,忠实复购客户
15774.0,67,1,270.8,3,2,2,7,沉睡预警客户
15775.0,244,1,104.9,1,2,1,4,流失低价值客户
15776.0,132,1,241.62,2,2,1,5,流失低价值客户
15777.0,240,4,1047.11,1,4,4,9,忠实复购客户
15780.0,182,3,475.28,1,4,2,7,沉睡预警客户
15781.0,24,3,345.46,4,4,2,10,忠实复购客户
15782.0,8,3,2614.74,5,4,5,14,高价值客户
15783.0,9,1,246.3,5,2,1,8,沉睡预警客户
15785.0,31,5,2328.97,4,4,5,13,高价值客户
15786.0,45,3,4932.2,3,4,5,12,高价值客户
15787.0,25,3,948.05,4,4,4,12,高价值客户
15789.0,357,1,351.3,1,2,2,5,流失低价值客户
15790.0,9,1,220.85,5,2,1,8,沉睡预警客户
15791.0,42,2,1612.69,3,3,4,10,忠实复购客户
15793.0,13,3,965.61,4,4,4,12,高价值客户
15795.0,148,1,610.01,2,2,3,7,沉睡预警客户
15796.0,0,8,2711.56,5,5,5,15,高价值客户
15797.0,112,4,2207.4,2,4,5,11,忠实复购客户
15799.0,74,3,884.14,2,4,3,9,忠实复购客户
15800.0,106,2,699.08,2,3,3,8,沉睡预警客户
15801.0,45,3,1063.95,3,4,4,11,忠实复购客户
15802.0,141,1,451.42,2,2,2,6,沉睡预警客户
15803.0,50,1,415.82,3,2,2,7,沉睡预警客户
15804.0,-1,13,4206.39,5,5,5,15,高价值客户
15805.0,22,17,5528.4800000000005,4,5,5,14,高价值客户
15806.0,45,3,784.58,3,4,3,10,忠实复购客户
15807.0,49,3,903.9,3,4,3,10,忠实复购客户
15808.0,305,4,3734.97,1,4,5,10,忠实复购客户
15809.0,35,5,515.77,3,4,3,10,忠实复购客户
15810.0,77,4,1391.98,2,4,4,10,忠实复购客户
15811.0,21,6,2218.62,4,5,5,14,高价值客户
15812.0,106,5,1801.14,2,4,4,10,忠实复购客户
15813.0,206,2,1303.91,1,3,4,8,沉睡预警客户
15814.0,15,4,1945.33,4,4,4,12,高价值客户
15815.0,62,5,2100.6,3,4,5,12,高价值客户
15819.0,48,4,1905.45,3,4,4,11,忠实复购客户
15820.0,318,1,206.98,1,2,1,4,流失低价值客户
15821.0,43,2,570.96,3,3,3,9,忠实复购客户
15822.0,2,2,885.47,5,3,3,11,忠实复购客户
15823.0,371,1,15.0,1,2,1,4,流失低价值客户
15825.0,171,1,532.94,2,2,3,7,沉睡预警客户
15826.0,55,3,1654.31,3,4,4,11,忠实复购客户
15827.0,72,14,1836.09,2,5,4,11,忠实复购客户
15829.0,98,2,636.14,2,3,3,8,沉睡预警客户
15830.0,36,1,576.0,3,2,3,8,沉睡预警客户
15831.0,57,3,801.76,3,4,3,10,忠实复购客户
15832.0,253,1,836.79,1,2,3,6,沉睡预警客户
15834.0,69,4,2233.75,3,4,5,12,高价值客户
15835.0,43,4,954.09,3,4,4,11,忠实复购客户
15836.0,49,1,137.37,3,2,1,6,沉睡预警客户
15837.0,63,1,391.98,3,2,2,7,沉睡预警客户
15838.0,10,19,33643.08,5,5,5,15,高价值客户
15839.0,32,3,1048.49,3,4,4,11,忠实复购客户
15840.0,57,2,355.56,3,3,2,8,沉睡预警客户
15841.0,71,4,1224.06,2,4,4,10,忠实复购客户
15843.0,302,1,118.95000000000002,1,2,1,4,流失低价值客户
15844.0,45,1,130.73999999999998,3,2,1,6,沉睡预警客户
15845.0,16,8,3711.77,4,5,5,14,高价值客户
15847.0,37,2,389.27,3,3,2,8,沉睡预警客户
15850.0,18,2,238.85,4,3,1,8,沉睡预警客户
15852.0,185,2,160.71,1,3,1,5,流失低价值客户
15853.0,50,1,110.8,3,2,1,6,沉睡预警客户
15854.0,3,12,2974.65,5,5,5,15,高价值客户
15855.0,135,5,712.24,2,4,3,9,忠实复购客户
15856.0,3,27,16387.57,5,5,5,15,高价值客户
15857.0,17,1,297.0,4,2,2,8,沉睡预警客户
15858.0,14,5,1438.85,4,4,4,12,高价值客户
15860.0,39,8,977.21,3,5,4,12,高价值客户
15861.0,11,8,3165.36,5,5,5,15,高价值客户
15862.0,7,4,832.88,5,4,3,12,高价值客户
15863.0,24,2,68.84,4,3,1,8,沉睡预警客户
15864.0,21,6,1936.32,4,5,4,13,高价值客户
15865.0,39,3,895.13,3,4,3,10,忠实复购客户
15866.0,100,1,230.53,2,2,1,5,流失低价值客户
15867.0,4,15,3812.64,5,5,5,15,高价值客户
15869.0,276,2,149.64,1,3,1,5,流失低价值客户
15870.0,31,1,354.09000000000003,4,2,2,8,沉睡预警客户
15872.0,13,2,360.93,4,3,2,9,忠实复购客户
15874.0,62,7,4405.88,3,5,5,13,高价值客户
15877.0,0,2,493.28,5,3,3,11,忠实复购客户
15880.0,368,1,343.28,1,2,2,5,流失低价值客户
15881.0,311,5,501.39,1,4,3,8,沉睡预警客户
15882.0,197,4,516.36,1,4,3,8,沉睡预警客户
15883.0,1,2,396.48,5,3,2,10,忠实复购客户
15885.0,91,3,379.35,2,4,2,8,沉睡预警客户
15886.0,59,1,181.09,3,2,1,6,沉睡预警客户
15888.0,79,1,168.31,2,2,1,5,流失低价值客户
15889.0,155,2,446.87,2,3,2,7,沉睡预警客户
15891.0,225,1,524.52,1,2,3,6,沉睡预警客户
15894.0,252,2,263.55,1,3,2,6,沉睡预警客户
15895.0,148,1,179.17,2,2,1,5,流失低价值客户
15897.0,193,2,222.05,1,3,1,5,流失低价值客户
15898.0,0,5,1388.88,5,4,4,13,高价值客户
15899.0,367,1,56.25,1,2,1,4,流失低价值客户
15900.0,22,1,351.11,4,2,2,8,沉睡预警客户
15901.0,15,3,363.88,4,4,2,10,忠实复购客户
15903.0,8,7,5126.76,5,5,5,15,高价值客户
15904.0,7,1,164.68,5,2,1,8,沉睡预警客户
15906.0,18,7,1567.69,4,5,4,13,高价值客户
15907.0,2,3,967.45,5,4,4,13,高价值客户
15909.0,172,1,191.94,2,2,1,5,流失低价值客户
15910.0,-1,8,1232.18,5,5,4,14,高价值客户
15912.0,177,2,264.62,2,3,2,7,沉睡预警客户
15916.0,15,8,1528.09,4,5,4,13,高价值客户
15917.0,246,1,123.1,1,2,1,4,流失低价值客户
15918.0,189,2,334.23,1,3,2,6,沉睡预警客户
15919.0,18,2,639.89,4,3,3,10,忠实复购客户
15920.0,153,4,167.5,2,4,1,7,沉睡预警客户
15921.0,171,1,336.03000000000003,2,2,2,6,沉睡预警客户
15922.0,372,1,369.5,1,2,2,5,流失低价值客户
15923.0,371,1,127.08,1,2,1,4,流失低价值客户
15925.0,193,1,207.15,1,2,1,4,流失低价值客户
15930.0,66,1,426.63,3,2,2,7,沉睡预警客户
15932.0,3,8,2495.87,5,5,5,15,高价值客户
15933.0,20,3,1107.46,4,4,4,12,高价值客户
15935.0,238,2,416.86,1,3,2,6,沉睡预警客户
15937.0,63,1,145.35,3,2,1,6,沉睡预警客户
15938.0,111,5,404.58,2,4,2,8,沉睡预警客户
15939.0,88,15,6115.01,2,5,5,12,高价值客户
15940.0,310,1,35.8,1,2,1,4,流失低价值客户
15942.0,132,1,337.44,2,2,2,6,沉睡预警客户
15944.0,275,1,325.1,1,2,2,5,流失低价值客户
15945.0,364,1,181.0,1,2,1,4,流失低价值客户
15947.0,81,1,1708.24,2,2,4,8,沉睡预警客户
15948.0,7,2,955.24,5,3,4,12,高价值客户
15949.0,15,2,364.72,4,3,2,9,忠实复购客户
15950.0,30,4,1765.51,4,4,4,12,高价值客户
15951.0,7,2,708.22,5,3,3,11,忠实复购客户
15952.0,32,4,806.57,3,4,3,10,忠实复购客户
15953.0,14,8,1659.38,4,5,4,13,高价值客户
15955.0,23,14,4416.26,4,5,5,14,高价值客户
15957.0,30,1,428.89,4,2,2,8,沉睡预警客户
15958.0,73,1,104.35,2,2,1,5,流失低价值客户
15963.0,18,2,470.76,4,3,2,9,忠实复购客户
15965.0,16,4,845.64,4,4,3,11,忠实复购客户
15967.0,22,2,418.83,4,3,2,9,忠实复购客户
15969.0,1,3,666.1,5,4,3,12,高价值客户
15970.0,302,1,314.1,1,2,2,5,流失低价值客户
15971.0,16,12,4199.85,4,5,5,14,高价值客户
15973.0,365,1,307.82,1,2,2,5,流失低价值客户
15974.0,38,7,3442.15,3,5,5,13,高价值客户
15975.0,83,1,371.01,2,2,2,6,沉睡预警客户
15976.0,164,2,430.94,2,3,2,7,沉睡预警客户
15977.0,16,2,1054.73,4,3,4,11,忠实复购客户
15978.0,76,1,1098.78,2,2,4,8,沉睡预警客户
15980.0,87,3,2398.86,2,4,5,11,忠实复购客户
15981.0,23,8,3408.48,4,5,5,14,高价值客户
15983.0,21,4,1475.02,4,4,4,12,高价值客户
15984.0,1,10,2837.67,5,5,5,15,高价值客户
15985.0,122,2,1142.42,2,3,4,9,忠实复购客户
15986.0,29,1,168.12,4,2,1,7,沉睡预警客户
15987.0,11,7,1451.28,5,5,4,14,高价值客户
15988.0,18,1,158.03,4,2,1,7,沉睡预警客户
15990.0,43,2,792.11,3,3,3,9,忠实复购客户
15992.0,2,1,41.99,5,2,1,8,沉睡预警客户
15993.0,7,7,2797.57,5,5,5,15,高价值客户
15994.0,53,1,427.07,3,2,2,7,沉睡预警客户
15996.0,87,6,1060.68,2,5,4,11,忠实复购客户
15998.0,35,5,3089.97,3,4,5,12,高价值客户
16000.0,1,3,12393.7,5,4,5,14,高价值客户
16003.0,28,5,2735.37,4,4,5,13,高价值客户
16005.0,11,4,615.39,5,4,3,12,高价值客户
16006.0,210,1,101.4,1,2,1,4,流失低价值客户
16007.0,46,4,1701.94,3,4,4,11,忠实复购客户
16008.0,22,3,478.78,4,4,2,10,忠实复购客户
16009.0,21,4,992.71,4,4,4,12,高价值客户
16010.0,244,3,407.5,1,4,2,7,沉睡预警客户
16011.0,7,16,3362.71,5,5,5,15,高价值客户
16012.0,34,3,1415.29,3,4,4,11,忠实复购客户
16013.0,2,47,37130.6,5,5,5,15,高价值客户
16014.0,36,3,662.38,3,4,3,10,忠实复购客户
16015.0,2,3,705.39,5,4,3,12,高价值客户
16016.0,2,8,1508.76,5,5,4,14,高价值客户
16017.0,46,1,211.88,3,2,1,6,沉睡预警客户
16018.0,38,2,408.9,3,3,2,8,沉睡预警客户
16019.0,45,9,3786.24,3,5,5,13,高价值客户
16020.0,15,3,851.01,4,4,3,11,忠实复购客户
16022.0,259,1,628.28,1,2,3,6,沉睡预警客户
16023.0,45,3,719.81,3,4,3,10,忠实复购客户
16024.0,11,1,251.24,5,2,2,9,忠实复购客户
16025.0,28,1,439.66,4,2,2,8,沉睡预警客户
16026.0,42,1,236.09,3,2,1,6,沉睡预警客户
16027.0,90,6,934.62,2,5,3,10,忠实复购客户
16029.0,37,63,81024.84,3,5,5,13,高价值客户
16030.0,308,1,331.24,1,2,2,5,流失低价值客户
16031.0,91,2,548.94,2,3,3,8,沉睡预警客户
16033.0,4,20,8816.4,5,5,5,15,高价值客户
16034.0,195,3,437.7,1,4,2,7,沉睡预警客户
16036.0,86,2,758.92,2,3,3,8,沉睡预警客户
16037.0,268,3,855.02,1,4,3,8,沉睡预警客户
16038.0,6,3,471.78,5,4,2,11,忠实复购客户
16040.0,64,3,1313.55,3,4,4,11,忠实复购客户
16041.0,29,3,3166.4,4,4,5,13,高价值客户
16042.0,21,5,1197.27,4,4,4,12,高价值客户
16043.0,36,4,773.99,3,4,3,10,忠实复购客户
16045.0,118,4,1340.7,2,4,4,10,忠实复购客户
16048.0,372,2,256.44,1,3,2,6,沉睡预警客户
16049.0,39,3,1111.79,3,4,4,11,忠实复购客户
16050.0,172,1,137.9,2,2,1,5,流失低价值客户
16052.0,53,1,362.06,3,2,2,7,沉睡预警客户
16053.0,31,2,1511.95,4,3,4,11,忠实复购客户
16054.0,144,1,783.9,2,2,3,7,沉睡预警客户
16055.0,219,1,134.8,1,2,1,4,流失低价值客户
16056.0,44,1,664.85,3,2,3,8,沉睡预警客户
16057.0,15,7,2263.12,4,5,5,14,高价值客户
16059.0,64,6,1459.86,3,5,4,12,高价值客户
16062.0,8,4,1153.62,5,4,4,13,高价值客户
16063.0,259,1,335.32,1,2,2,5,流失低价值客户
16065.0,364,1,372.09,1,2,2,5,流失低价值客户
16066.0,15,5,1521.87,4,4,4,12,高价值客户
16070.0,21,2,852.15,4,3,3,10,忠实复购客户
16071.0,43,1,326.24,3,2,2,7,沉睡预警客户
16072.0,287,1,584.32,1,2,3,6,沉睡预警客户
16073.0,296,1,122.4,1,2,1,4,流失低价值客户
16076.0,2,10,2234.73,5,5,5,15,高价值客户
16078.0,282,1,79.2,1,2,1,4,流失低价值客户
16079.0,15,3,1352.0,4,4,4,12,高价值客户
16080.0,80,2,217.16,2,3,1,6,沉睡预警客户
16081.0,55,5,2806.9,3,4,5,12,高价值客户
16083.0,99,2,1317.62,2,3,4,9,忠实复购客户
16084.0,298,1,436.18,1,2,2,5,流失低价值客户
16085.0,22,5,981.51,4,4,4,12,高价值客户
16086.0,58,5,1121.39,3,4,4,11,忠实复购客户
16091.0,153,2,315.06,2,3,2,7,沉睡预警客户
16092.0,113,3,817.86,2,4,3,9,忠实复购客户
16093.0,105,1,17.0,2,2,1,5,流失低价值客户
16094.0,10,4,1078.23,5,4,4,13,高价值客户
16096.0,263,1,320.62,1,2,2,5,流失低价值客户
16097.0,239,1,185.05,1,2,1,4,流失低价值客户
16098.0,86,7,2005.63,2,5,4,11,忠实复购客户
16099.0,49,3,731.9,3,4,3,10,忠实复购客户
16101.0,69,1,1290.7,3,2,4,9,忠实复购客户
16102.0,41,3,1842.14,3,4,4,11,忠实复购客户
16103.0,6,6,1429.64,5,5,4,14,高价值客户
16104.0,60,1,302.36,3,2,2,7,沉睡预警客户
16105.0,247,1,336.96,1,2,2,5,流失低价值客户
16106.0,64,1,108.38,3,2,1,6,沉睡预警客户
16107.0,16,7,3204.1600000000003,4,5,5,14,高价值客户
16108.0,83,1,842.5,2,2,3,7,沉睡预警客户
16109.0,217,2,611.88,1,3,3,7,沉睡预警客户
16110.0,44,3,1337.48,3,4,4,11,忠实复购客户
16112.0,142,4,195.74,2,4,1,7,沉睡预警客户
16113.0,182,1,161.38,1,2,1,4,流失低价值客户
16114.0,169,1,135.75000000000003,2,2,1,5,流失低价值客户
16115.0,8,8,1667.97,5,5,4,14,高价值客户
16116.0,210,1,612.78,1,2,3,6,沉睡预警客户
16117.0,188,1,232.21,1,2,1,4,流失低价值客户
16119.0,7,2,423.36,5,3,2,10,忠实复购客户
16120.0,58,4,1309.14,3,4,4,11,忠实复购客户
16121.0,56,2,867.11,3,3,3,9,忠实复购客户
16122.0,72,4,684.4200000000001,2,4,3,9,忠实复购客户
16123.0,50,1,307.78,3,2,2,7,沉睡预警客户
16124.0,316,1,249.0,1,2,1,4,流失低价值客户
16125.0,366,1,289.35,1,2,2,5,流失低价值客户
16126.0,28,4,6287.77,4,4,5,13,高价值客户
16127.0,38,1,656.25,3,2,3,8,沉睡预警客户
16128.0,16,5,1880.22,4,4,4,12,高价值客户
16131.0,50,6,3506.54,3,5,5,13,高价值客户
16133.0,2,33,14589.04,5,5,5,15,高价值客户
16134.0,20,2,618.09,4,3,3,10,忠实复购客户
16135.0,261,1,517.55,1,2,3,6,沉睡预警客户
16136.0,58,3,709.38,3,4,3,10,忠实复购客户
16139.0,17,3,635.41,4,4,3,11,忠实复购客户
16140.0,64,2,725.18,3,3,3,9,忠实复购客户
16141.0,87,1,620.4,2,2,3,7,沉睡预警客户
16142.0,248,1,535.34,1,2,3,6,沉睡预警客户
16143.0,2,6,2424.94,5,5,5,15,高价值客户
16144.0,245,1,175.2,1,2,1,4,流失低价值客户
16145.0,7,11,3799.49,5,5,5,15,高价值客户
16146.0,156,3,734.13,2,4,3,9,忠实复购客户
16147.0,132,1,375.0,2,2,2,6,沉睡预警客户
16148.0,295,1,76.32000000000001,1,2,1,4,流失低价值客户
16149.0,3,2,280.52,5,3,2,10,忠实复购客户
16150.0,41,5,2053.02,3,4,4,11,忠实复购客户
16152.0,267,1,1829.04,1,2,4,7,沉睡预警客户
16153.0,48,5,1824.23,3,4,4,11,忠实复购客户
16156.0,7,9,3122.04,5,5,5,15,高价值客户
16157.0,14,3,656.69,4,4,3,11,忠实复购客户
16159.0,280,1,348.2,1,2,2,5,流失低价值客户
16160.0,64,2,1025.44,3,3,4,10,忠实复购客户
16161.0,0,19,5575.56,5,5,5,15,高价值客户
16162.0,251,1,37.4,1,2,1,4,流失低价值客户
16163.0,231,2,856.6,1,3,3,7,沉睡预警客户
16164.0,16,3,822.48,4,4,3,11,忠实复购客户
16168.0,9,27,3787.6,5,5,5,15,高价值客户
16169.0,7,4,1822.97,5,4,4,13,高价值客户
16170.0,49,6,1885.05,3,5,4,12,高价值客户
16171.0,58,1,73.2,3,2,1,6,沉睡预警客户
16172.0,94,5,1140.21,2,4,4,10,忠实复购客户
16173.0,14,6,1418.32,4,5,4,13,高价值客户
16174.0,125,3,1009.55,2,4,4,10,忠实复购客户
16175.0,93,4,1037.59,2,4,4,10,忠实复购客户
16177.0,49,1,331.95,3,2,2,7,沉睡预警客户
16178.0,137,1,197.9,2,2,1,5,流失低价值客户
16179.0,59,1,215.83,3,2,1,6,沉睡预警客户
16180.0,99,8,10254.18,2,5,5,12,高价值客户
16181.0,72,1,305.54,2,2,2,6,沉睡预警客户
16182.0,71,4,6617.65,2,4,5,11,忠实复购客户
16183.0,66,1,338.71000000000004,3,2,2,7,沉睡预警客户
16184.0,63,6,1158.79,3,5,4,12,高价值客户
16185.0,15,2,529.41,4,3,3,10,忠实复购客户
16186.0,21,12,4006.94,4,5,5,14,高价值客户
16187.0,30,15,6911.4400000000005,4,5,5,14,高价值客户
16188.0,43,4,981.86,3,4,4,11,忠实复购客户
16189.0,14,2,215.48,4,3,1,8,沉睡预警客户
16190.0,39,1,215.08,3,2,1,6,沉睡预警客户
16191.0,1,13,5180.52,5,5,5,15,高价值客户
16193.0,235,1,314.45,1,2,2,5,流失低价值客户
16198.0,74,1,400.681,2,2,2,6,沉睡预警客户
16200.0,3,2,1080.62,5,3,4,12,高价值客户
16201.0,2,4,1863.47,5,4,4,13,高价值客户
16202.0,359,1,365.27,1,2,2,5,流失低价值客户
16203.0,57,4,592.9,3,4,3,10,忠实复购客户
16204.0,22,1,405.71,4,2,2,8,沉睡预警客户
16205.0,29,4,761.38,4,4,3,11,忠实复购客户
16206.0,53,4,537.0600000000001,3,4,3,10,忠实复购客户
16207.0,24,1,394.38,4,2,2,8,沉睡预警客户
16208.0,43,2,664.26,3,3,3,9,忠实复购客户
16209.0,87,5,2262.62,2,4,5,11,忠实复购客户
16210.0,0,18,21086.3,5,5,5,15,高价值客户
16211.0,87,1,547.02,2,2,3,7,沉睡预警客户
16212.0,18,2,690.34,4,3,3,10,忠实复购客户
16213.0,77,1,159.0,2,2,1,5,流失低价值客户
16214.0,169,3,1062.75,2,4,4,10,忠实复购客户
16215.0,79,1,242.35,2,2,1,5,流失低价值客户
16216.0,266,1,914.93,1,2,3,6,沉睡预警客户
16217.0,234,2,304.25,1,3,2,6,沉睡预警客户
16218.0,28,7,3084.68,4,5,5,14,高价值客户
16221.0,35,3,864.86,3,4,3,10,忠实复购客户
16222.0,317,1,846.72,1,2,3,6,沉睡预警客户
16224.0,56,4,1295.3,3,4,4,11,忠实复购客户
16225.0,43,5,1096.32,3,4,4,11,忠实复购客户
16226.0,202,3,255.12,1,4,2,7,沉睡预警客户
16227.0,224,1,314.22,1,2,2,5,流失低价值客户
16229.0,86,2,1010.6,2,3,4,9,忠实复购客户
16230.0,188,2,542.03,1,3,3,7,沉睡预警客户
16232.0,42,4,990.88,3,4,4,11,忠实复购客户
16233.0,70,3,536.6800000000001,3,4,3,10,忠实复购客户
16235.0,39,5,867.3100000000001,3,4,3,10,忠实复购客户
16236.0,77,1,432.2,2,2,2,6,沉睡预警客户
16239.0,55,2,414.2,3,3,2,8,沉睡预警客户
16240.0,23,2,3718.8,4,3,5,12,高价值客户
16241.0,8,13,2607.87,5,5,5,15,高价值客户
16242.0,7,7,3603.21,5,5,5,15,高价值客户
16243.0,32,2,409.1,3,3,2,8,沉睡预警客户
16244.0,210,2,1522.75,1,3,4,8,沉睡预警客户
16245.0,22,3,1413.66,4,4,4,12,高价值客户
16247.0,169,1,114.56,2,2,1,5,流失低价值客户
16248.0,60,1,152.94,3,2,1,6,沉睡预警客户
16249.0,51,5,1800.07,3,4,4,11,忠实复购客户
16250.0,260,2,389.44,1,3,2,6,沉睡预警客户
16253.0,65,2,3683.86,3,3,5,11,忠实复购客户
16255.0,15,8,2619.91,4,5,5,14,高价值客户
16256.0,265,1,752.4300000000001,1,2,3,6,沉睡预警客户
16257.0,175,1,46.95,2,2,1,5,流失低价值客户
16258.0,44,5,5203.51,3,4,5,12,高价值客户
16260.0,49,1,1035.45,3,2,4,9,忠实复购客户
16261.0,16,4,746.83,4,4,3,11,忠实复购客户
16265.0,8,9,5447.0,5,5,5,15,高价值客户
16266.0,72,7,861.89,2,5,3,10,忠实复购客户
16268.0,70,2,667.65,3,3,3,9,忠实复购客户
16270.0,352,1,1141.24,1,2,4,7,沉睡预警客户
16271.0,1,5,1429.24,5,4,4,13,高价值客户
16272.0,115,1,411.7,2,2,2,6,沉睡预警客户
16274.0,372,1,357.95,1,2,2,5,流失低价值客户
16275.0,195,1,559.87,1,2,3,6,沉睡预警客户
16276.0,175,1,810.6000000000001,2,2,3,7,沉睡预警客户
16278.0,99,1,566.38,2,2,3,7,沉睡预警客户
16279.0,20,3,1509.58,4,4,4,12,高价值客户
16281.0,71,1,2062.06,2,2,5,9,忠实复购客户
16282.0,338,1,168.3,1,2,1,4,流失低价值客户
16283.0,4,5,1570.81,5,4,4,13,高价值客户
16284.0,30,2,823.97,4,3,3,10,忠实复购客户
16287.0,168,1,142.5,2,2,1,5,流失低价值客户
16292.0,120,1,302.25,2,2,2,6,沉睡预警客户
16293.0,20,10,2248.99,4,5,5,14,高价值客户
16295.0,8,4,1328.55,5,4,4,13,高价值客户
16297.0,267,1,301.9,1,2,2,5,流失低价值客户
16298.0,21,3,598.2,4,4,3,11,忠实复购客户
16302.0,125,1,233.22,2,2,1,5,流失低价值客户
16303.0,24,3,5360.63,4,4,5,13,高价值客户
16305.0,137,1,361.22,2,2,2,6,沉睡预警客户
16306.0,212,6,632.27,1,5,3,9,忠实复购客户
16308.0,36,4,2560.0,3,4,5,12,高价值客户
16309.0,105,2,706.57,2,3,3,8,沉睡预警客户
16311.0,16,2,616.26,4,3,3,10,忠实复购客户
16313.0,2,2,274.15000000000003,5,3,2,10,忠实复购客户
16315.0,329,1,226.37,1,2,1,4,流失低价值客户
16316.0,63,8,2938.91,3,5,5,13,高价值客户
16317.0,118,3,1341.65,2,4,4,10,忠实复购客户
16318.0,34,1,328.15,3,2,2,7,沉睡预警客户
16319.0,216,1,404.4,1,2,2,5,流失低价值客户
16320.0,171,2,1038.46,2,3,4,9,忠实复购客户
16321.0,71,5,373.65,2,4,2,8,沉睡预警客户
16322.0,0,2,326.75,5,3,2,10,忠实复购客户
16323.0,195,1,207.50000000000003,1,2,1,4,流失低价值客户
16324.0,127,3,428.68,2,4,2,8,沉睡预警客户
16325.0,45,3,594.24,3,4,3,10,忠实复购客户
16326.0,4,14,3110.96,5,5,5,15,高价值客户
16327.0,13,6,3844.22,4,5,5,14,高价值客户
16330.0,16,3,251.91,4,4,2,10,忠实复购客户
16332.0,27,7,1593.2,4,5,4,13,高价值客户
16333.0,6,22,26626.8,5,5,5,15,高价值客户
16337.0,35,1,151.05,3,2,1,6,沉睡预警客户
16338.0,156,1,214.8,2,2,1,5,流失低价值客户
16339.0,283,1,109.95,1,2,1,4,流失低价值客户
16340.0,106,1,549.07,2,2,3,7,沉睡预警客户
16341.0,23,4,1971.87,4,4,4,12,高价值客户
16342.0,74,4,322.41,2,4,2,8,沉睡预警客户
16343.0,15,2,370.48,4,3,2,9,忠实复购客户
16344.0,157,1,101.1,2,2,1,5,流失低价值客户
16345.0,43,1,575.41,3,2,3,8,沉睡预警客户
16347.0,10,2,887.65,5,3,3,11,忠实复购客户
16348.0,31,7,1469.45,4,5,4,13,高价值客户
16349.0,289,1,53.5,1,2,1,4,流失低价值客户
16350.0,20,4,1116.47,4,4,4,12,高价值客户
16351.0,331,1,153.9,1,2,1,4,流失低价值客户
16352.0,16,2,494.44,4,3,3,10,忠实复购客户
16353.0,2,23,6675.71,5,5,5,15,高价值客户
16354.0,62,2,395.8,3,3,2,8,沉睡预警客户
16356.0,196,3,211.77,1,4,1,6,沉睡预警客户
16357.0,32,3,658.88,3,4,3,10,忠实复购客户
16358.0,0,4,2027.5,5,4,4,13,高价值客户
16359.0,6,9,1750.92,5,5,4,14,高价值客户
16360.0,3,6,3512.53,5,5,5,15,高价值客户
16361.0,8,4,896.66,5,4,3,12,高价值客户
16362.0,31,5,734.77,4,4,3,11,忠实复购客户
16363.0,52,1,109.36,3,2,1,6,沉睡预警客户
16364.0,10,2,707.04,5,3,3,11,忠实复购客户
16365.0,16,9,1540.42,4,5,4,13,高价值客户
16366.0,17,1,327.3,4,2,2,8,沉睡预警客户
16367.0,36,2,804.49,3,3,3,9,忠实复购客户
16368.0,1,2,497.43,5,3,3,11,忠实复购客户
16369.0,17,3,1553.66,4,4,4,12,高价值客户
16370.0,81,4,1320.56,2,4,4,10,忠实复购客户
16372.0,32,2,367.93,3,3,2,8,沉睡预警客户
16374.0,65,2,473.03,3,3,2,8,沉睡预警客户
16376.0,7,2,987.01,5,3,4,12,高价值客户
16377.0,266,1,676.2,1,2,3,6,沉睡预警客户
16378.0,246,3,362.95,1,4,2,7,沉睡预警客户
16379.0,3,4,2157.4,5,4,5,14,高价值客户
16380.0,60,1,1780.59,3,2,4,9,忠实复购客户
16383.0,73,2,668.36,2,3,3,8,沉睡预警客户
16384.0,88,2,584.5,2,3,3,8,沉睡预警客户
16385.0,59,3,555.89,3,4,3,10,忠实复购客户
16386.0,27,2,317.2,4,3,2,9,忠实复购客户
16387.0,321,1,94.36,1,2,1,4,流失低价值客户
16389.0,52,4,1382.07,3,4,4,11,忠实复购客户
16392.0,268,1,221.19,1,2,1,4,流失低价值客户
16393.0,1,13,3046.21,5,5,5,15,高价值客户
16394.0,55,5,1555.34,3,4,4,11,忠实复购客户
16395.0,59,5,1486.9,3,4,4,11,忠实复购客户
16398.0,153,2,1705.8,2,3,4,9,忠实复购客户
16399.0,18,2,408.57,4,3,2,9,忠实复购客户
16400.0,93,1,303.93,2,2,2,6,沉睡预警客户
16401.0,0,12,4098.32,5,5,5,15,高价值客户
16402.0,263,2,299.6,1,3,2,6,沉睡预警客户
16403.0,311,1,177.5,1,2,1,4,流失低价值客户
16404.0,69,1,443.05,3,2,2,7,沉睡预警客户
16405.0,301,2,167.25,1,3,1,5,流失低价值客户
16406.0,17,1,163.07,4,2,1,7,沉睡预警客户
16407.0,11,10,2126.93,5,5,5,15,高价值客户
16409.0,35,5,2028.88,3,4,4,11,忠实复购客户
16411.0,18,2,214.65,4,3,1,8,沉睡预警客户
16412.0,52,1,151.83,3,2,1,6,沉睡预警客户
16413.0,55,1,262.2,3,2,2,7,沉睡预警客户
16414.0,20,2,126.25,4,3,1,8,沉睡预警客户
16415.0,43,1,210.35,3,2,1,6,沉睡预警客户
16416.0,25,3,1051.4,4,4,4,12,高价值客户
16418.0,43,3,675.27,3,4,3,10,忠实复购客户
16419.0,111,6,972.23,2,5,4,11,忠实复购客户
16422.0,16,51,34684.4,4,5,5,14,高价值客户
16423.0,23,1,346.12,4,2,2,8,沉睡预警客户
16424.0,190,1,133.56,1,2,1,4,流失低价值客户
16425.0,301,1,302.7,1,2,2,5,流失低价值客户
16426.0,1,10,1908.25,5,5,4,14,高价值客户
16427.0,262,2,241.06,1,3,1,5,流失低价值客户
16429.0,105,1,284.55,2,2,2,6,沉睡预警客户
16430.0,56,1,300.85,3,2,2,7,沉睡预警客户
16431.0,212,3,642.81,1,4,3,8,沉睡预警客户
16432.0,63,1,287.4,3,2,2,7,沉睡预警客户
16433.0,27,1,184.26,4,2,1,7,沉睡预警客户
16434.0,28,7,1522.25,4,5,4,13,高价值客户
16438.0,4,5,798.35,5,4,3,12,高价值客户
16440.0,6,5,3640.67,5,4,5,14,高价值客户
16441.0,66,2,381.2,3,3,2,8,沉睡预警客户
16442.0,0,3,616.79,5,4,3,12,高价值客户
16444.0,45,4,654.67,3,4,3,10,忠实复购客户
16445.0,32,1,230.51,3,2,1,6,沉睡预警客户
16446.0,-1,2,168472.5,5,3,5,13,高价值客户
16447.0,134,1,259.01,2,2,2,6,沉睡预警客户
16448.0,197,1,188.89,1,2,1,4,流失低价值客户
16449.0,196,2,707.69,1,3,3,7,沉睡预警客户
16450.0,148,1,311.92,2,2,2,6,沉睡预警客户
16451.0,86,1,266.97,2,2,2,6,沉睡预警客户
16454.0,43,2,6.9,3,3,1,7,沉睡预警客户
16455.0,62,7,1841.18,3,5,4,12,高价值客户
16456.0,98,5,2158.37,2,4,5,11,忠实复购客户
16457.0,217,1,208.36,1,2,1,4,流失低价值客户
16458.0,1,18,3482.74,5,5,5,15,高价值客户
16460.0,27,3,814.72,4,4,3,11,忠实复购客户
16461.0,176,1,151.42,2,2,1,5,流失低价值客户
16462.0,72,3,136.0,2,4,1,7,沉睡预警客户
16463.0,20,4,1422.4,4,4,4,12,高价值客户
16464.0,18,3,1314.68,4,4,4,12,高价值客户
16466.0,32,7,1603.46,3,5,4,12,高价值客户
16468.0,73,1,74.9,2,2,1,5,流失低价值客户
16469.0,22,4,650.4300000000001,4,4,3,11,忠实复购客户
16470.0,50,4,762.39,3,4,3,10,忠实复购客户
16471.0,273,1,223.95,1,2,1,4,流失低价值客户
16473.0,163,3,316.11,2,4,2,8,沉睡预警客户
16474.0,6,7,1871.5,5,5,4,14,高价值客户
16475.0,87,4,544.3,2,4,3,9,忠实复购客户
16477.0,62,7,2494.46,3,5,5,13,高价值客户
16478.0,24,3,331.0,4,4,2,10,忠实复购客户
16479.0,9,2,300.83,5,3,2,10,忠实复购客户
16480.0,74,1,769.29,2,2,3,7,沉睡预警客户
16482.0,14,1,220.62,4,2,1,7,沉睡预警客户
16483.0,191,1,139.35,1,2,1,4,流失低价值客户
16484.0,172,2,404.3,2,3,2,7,沉睡预警客户
16485.0,76,1,363.65,2,2,2,6,沉睡预警客户
16488.0,32,3,498.8,3,4,3,10,忠实复购客户
16491.0,45,1,731.5,3,2,3,8,沉睡预警客户
16493.0,78,4,1351.63,2,4,4,10,忠实复购客户
16494.0,295,1,826.53,1,2,3,6,沉睡预警客户
16495.0,2,3,684.41,5,4,3,12,高价值客户
16496.0,7,3,1599.52,5,4,4,13,高价值客户
16497.0,48,6,2965.69,3,5,5,13,高价值客户
16498.0,160,2,100.97,2,3,1,6,沉睡预警客户
16499.0,359,2,365.45,1,3,2,6,沉睡预警客户
16500.0,3,6,400.86,5,5,2,12,高价值客户
16503.0,105,4,1431.93,2,4,4,10,忠实复购客户
16504.0,24,1,484.38,4,2,2,8,沉睡预警客户
16505.0,30,1,777.6,4,2,3,9,忠实复购客户
16506.0,18,2,90.3,4,3,1,8,沉睡预警客户
16509.0,295,1,363.7,1,2,2,5,流失低价值客户
16510.0,371,1,248.1,1,2,1,4,流失低价值客户
16511.0,20,3,950.26,4,4,4,12,高价值客户
16513.0,3,4,874.59,5,4,3,12,高价值客户
16515.0,51,5,1627.13,3,4,4,11,忠实复购客户
16516.0,29,1,101.7,4,2,1,7,沉睡预警客户
16517.0,276,1,162.7,1,2,1,4,流失低价值客户
16518.0,60,2,484.32,3,3,2,8,沉睡预警客户
16519.0,24,2,215.08,4,3,1,8,沉睡预警客户
16520.0,185,3,1046.57,1,4,4,9,忠实复购客户
16523.0,0,21,9418.47,5,5,5,15,高价值客户
16525.0,1,26,13027.45,5,5,5,15,高价值客户
16526.0,170,1,290.36,2,2,2,6,沉睡预警客户
16527.0,80,1,228.06000000000003,2,2,1,5,流失低价值客户
16528.0,2,1,244.41,5,2,1,8,沉睡预警客户
16529.0,189,1,455.25,1,2,2,5,流失低价值客户
16531.0,21,7,1244.59,4,5,4,13,高价值客户
16532.0,16,3,6748.8,4,4,5,13,高价值客户
16533.0,18,3,1095.56,4,4,4,12,高价值客户
16535.0,4,1,593.75,5,2,3,10,忠实复购客户
16536.0,109,1,548.97,2,2,3,7,沉睡预警客户
16539.0,1,4,1388.81,5,4,4,13,高价值客户
16542.0,52,1,119.62,3,2,1,6,沉睡预警客户
16545.0,163,1,339.3,2,2,2,6,沉睡预警客户
16546.0,289,2,787.15,1,3,3,7,沉睡预警客户
16549.0,9,10,4154.64,5,5,5,15,高价值客户
16550.0,107,5,2298.97,2,4,5,11,忠实复购客户
16551.0,94,3,922.12,2,4,3,9,忠实复购客户
16552.0,241,2,379.73,1,3,2,6,沉睡预警客户
16553.0,162,12,5719.82,2,5,5,12,高价值客户
16554.0,41,3,837.1,3,4,3,10,忠实复购客户
16555.0,34,2,285.89,3,3,2,8,沉睡预警客户
16556.0,65,7,3313.79,3,5,5,13,高价值客户
16557.0,23,2,281.85,4,3,2,9,忠实复购客户
16558.0,-1,20,8338.49,5,5,5,15,高价值客户
16560.0,25,2,841.41,4,3,3,10,忠实复购客户
16561.0,4,2,511.12,5,3,3,11,忠实复购客户
16563.0,52,1,1077.74,3,2,4,9,忠实复购客户
16565.0,363,1,173.7,1,2,1,4,流失低价值客户
16566.0,14,5,614.66,4,4,3,11,忠实复购客户
16567.0,193,2,865.6,1,3,3,7,沉睡预警客户
16569.0,2,1,124.2,5,2,1,8,沉睡预警客户
16570.0,14,10,3738.4,4,5,5,14,高价值客户
16571.0,25,3,1421.69,4,4,4,12,高价值客户
16572.0,126,3,1009.6,2,4,4,10,忠实复购客户
16573.0,83,2,663.61,2,3,3,8,沉睡预警客户
16574.0,70,1,451.44,3,2,2,7,沉睡预警客户
16581.0,181,1,105.84,1,2,1,4,流失低价值客户
16582.0,112,1,313.62,2,2,2,6,沉睡预警客户
16583.0,372,1,233.45,1,2,1,4,流失低价值客户
16584.0,79,2,936.08,2,3,3,8,沉睡预警客户
16586.0,247,1,463.95,1,2,2,5,流失低价值客户
16587.0,231,1,225.15,1,2,1,4,流失低价值客户
16589.0,70,3,459.24,3,4,2,9,忠实复购客户
16591.0,67,1,213.5,3,2,1,6,沉睡预警客户
16592.0,3,16,4113.68,5,5,5,15,高价值客户
16593.0,49,3,330.03,3,4,2,9,忠实复购客户
16594.0,74,1,181.09,2,2,1,5,流失低价值客户
16595.0,60,1,360.16,3,2,2,7,沉睡预警客户
16596.0,14,2,250.15,4,3,2,9,忠实复购客户
16597.0,3,1,90.04,5,2,1,8,沉睡预警客户
16598.0,284,1,145.04999999999998,1,2,1,4,流失低价值客户
16600.0,3,6,813.52,5,5,3,13,高价值客户
16601.0,39,1,244.8,3,2,1,6,沉睡预警客户
16602.0,35,1,528.08,3,2,3,8,沉睡预警客户
16603.0,73,2,482.47,2,3,2,7,沉睡预警客户
16607.0,16,14,3347.71,4,5,5,14,高价值客户
16609.0,14,7,5493.46,4,5,5,14,高价值客户
16610.0,218,1,75.66,1,2,1,4,流失低价值客户
16611.0,185,1,129.49,1,2,1,4,流失低价值客户
16612.0,31,4,1187.66,4,4,4,12,高价值客户
16613.0,69,1,618.59,3,2,3,8,沉睡预警客户
16614.0,181,1,506.19,1,2,3,6,沉睡预警客户
16616.0,14,2,500.42,4,3,3,10,忠实复购客户
16617.0,234,1,151.85,1,2,1,4,流失低价值客户
16618.0,30,5,2647.59,4,4,5,13,高价值客户
16619.0,262,1,226.21,1,2,1,4,流失低价值客户
16620.0,2,2,178.96,5,3,1,9,忠实复购客户
16621.0,50,4,813.48,3,4,3,10,忠实复购客户
16623.0,244,1,129.45000000000002,1,2,1,4,流失低价值客户
16624.0,79,2,810.5699999999999,2,3,3,8,沉睡预警客户
16625.0,273,1,333.08,1,2,2,5,流失低价值客户
16626.0,-1,17,4413.1,5,5,5,15,高价值客户
16627.0,78,1,322.8,2,2,2,6,沉睡预警客户
16628.0,28,5,2188.05,4,4,5,13,高价值客户
16629.0,72,2,417.73,2,3,2,7,沉睡预警客户
16633.0,16,6,2883.1,4,5,5,14,高价值客户
16634.0,221,2,217.9,1,3,1,5,流失低价值客户
16637.0,31,4,1154.47,4,4,4,12,高价值客户
16638.0,21,10,1680.72,4,5,4,13,高价值客户
16639.0,30,3,1257.51,4,4,4,12,高价值客户
16641.0,104,1,231.1,2,2,1,5,流失低价值客户
16642.0,3,2,688.33,5,3,3,11,忠实复购客户
16643.0,244,1,487.51,1,2,2,5,流失低价值客户
16644.0,176,2,833.78,2,3,3,8,沉睡预警客户
16647.0,168,2,214.06,2,3,1,6,沉睡预警客户
16648.0,41,1,290.66,3,2,2,7,沉睡预警客户
16650.0,70,1,518.42,3,2,3,8,沉睡预警客户
16652.0,57,7,6773.97,3,5,5,13,高价值客户
16653.0,15,2,1212.66,4,3,4,11,忠实复购客户
16654.0,140,4,601.27,2,4,3,9,忠实复购客户
16655.0,16,6,3794.52,4,5,5,14,高价值客户
16656.0,21,15,8625.8,4,5,5,14,高价值客户
16657.0,8,4,933.62,5,4,3,12,高价值客户
16658.0,367,1,123.24,1,2,1,4,流失低价值客户
16659.0,188,1,39.12,1,2,1,4,流失低价值客户
16660.0,15,4,1267.65,4,4,4,12,高价值客户
16665.0,361,1,135.4,1,2,1,4,流失低价值客户
16666.0,18,1,118.98,4,2,1,7,沉睡预警客户
16667.0,67,2,570.13,3,3,3,9,忠实复购客户
16668.0,14,6,306.72,4,5,2,11,忠实复购客户
16669.0,22,3,1374.87,4,4,4,12,高价值客户
16670.0,15,11,4095.9,4,5,5,14,高价值客户
16671.0,27,3,1692.27,4,4,4,12,高价值客户
16672.0,1,20,8134.94,5,5,5,15,高价值客户
16674.0,53,2,319.61,3,3,2,8,沉睡预警客户
16676.0,32,4,1592.12,3,4,4,11,忠实复购客户
16678.0,1,12,3109.99,5,5,5,15,高价值客户
16679.0,365,1,129.75,1,2,1,4,流失低价值客户
16680.0,42,1,183.7,3,2,1,6,沉睡预警客户
16681.0,71,6,1770.34,2,5,4,11,忠实复购客户
16682.0,3,5,1028.0,5,4,4,13,高价值客户
16684.0,3,28,66653.56,5,5,5,15,高价值客户
16685.0,60,2,324.24,3,3,2,8,沉睡预警客户
16686.0,46,7,3062.83,3,5,5,13,高价值客户
16688.0,0,4,1260.86,5,4,4,13,高价值客户
16689.0,74,2,422.6,2,3,2,7,沉睡预警客户
16690.0,71,2,225.58,2,3,1,6,沉睡预警客户
16692.0,255,2,1276.0,1,3,4,8,沉睡预警客户
16693.0,67,2,482.01,3,3,2,8,沉睡预警客户
16696.0,134,4,657.9000000000001,2,4,3,9,忠实复购客户
16697.0,240,1,112.75,1,2,1,4,流失低价值客户
16698.0,225,2,1998.0,1,3,4,8,沉睡预警客户
16700.0,7,13,5076.55,5,5,5,15,高价值客户
16701.0,7,13,5398.3,5,5,5,15,高价值客户
16705.0,-1,20,14034.99,5,5,5,15,高价值客户
16706.0,36,3,531.35,3,4,3,10,忠实复购客户
16708.0,44,1,656.63,3,2,3,8,沉睡预警客户
16709.0,83,5,3029.87,2,4,5,11,忠实复购客户
16710.0,18,10,2483.04,4,5,5,14,高价值客户
16711.0,2,5,1651.03,5,4,4,13,高价值客户
16712.0,8,11,3645.43,5,5,5,15,高价值客户
16713.0,17,15,6923.13,4,5,5,14,高价值客户
16714.0,217,3,1161.53,1,4,4,9,忠实复购客户
16715.0,77,1,301.72,2,2,2,6,沉睡预警客户
16716.0,265,2,901.2,1,3,3,7,沉睡预警客户
16717.0,22,6,3858.38,4,5,5,14,高价值客户
16718.0,368,1,623.75,1,2,3,6,沉睡预警客户
16719.0,13,7,1790.42,4,5,4,13,高价值客户
16720.0,25,1,155.23999999999998,4,2,1,7,沉睡预警客户
16721.0,261,1,292.47,1,2,2,5,流失低价值客户
16722.0,16,13,4730.81,4,5,5,14,高价值客户
16723.0,90,2,589.15,2,3,3,8,沉睡预警客户
16725.0,301,7,781.02,1,5,3,9,忠实复购客户
16726.0,25,5,1382.02,4,4,4,12,高价值客户
16727.0,363,1,272.82,1,2,2,5,流失低价值客户
16728.0,45,4,1054.67,3,4,4,11,忠实复购客户
16729.0,37,21,7239.92,3,5,5,13,高价值客户
16730.0,51,3,743.11,3,4,3,10,忠实复购客户
16732.0,30,1,603.75,4,2,3,9,忠实复购客户
16734.0,51,3,650.51,3,4,3,10,忠实复购客户
16735.0,77,5,2300.56,2,4,5,11,忠实复购客户
16737.0,52,1,417.6,3,2,2,7,沉睡预警客户
16738.0,296,1,3.75,1,2,1,4,流失低价值客户
16739.0,175,1,323.0,2,2,2,6,沉睡预警客户
16742.0,45,1,464.9,3,2,2,7,沉睡预警客户
16743.0,28,7,2238.09,4,5,5,14,高价值客户
16744.0,10,7,1304.76,5,5,4,14,高价值客户
16745.0,85,17,7194.3,2,5,5,12,高价值客户
16746.0,3,18,6697.66,5,5,5,15,高价值客户
16747.0,36,2,836.06,3,3,3,9,忠实复购客户
16748.0,16,5,1515.9,4,4,4,12,高价值客户
16750.0,43,5,623.93,3,4,3,10,忠实复购客户
16751.0,29,1,1764.72,4,2,4,10,忠实复购客户
16752.0,371,1,207.5,1,2,1,4,流失低价值客户
16753.0,57,1,223.92,3,2,1,6,沉睡预警客户
16754.0,371,1,2002.4,1,2,4,7,沉睡预警客户
16755.0,113,3,1496.83,2,4,4,10,忠实复购客户
16756.0,213,1,239.4,1,2,1,4,流失低价值客户
16757.0,317,1,106.83,1,2,1,4,流失低价值客户
16758.0,64,1,369.34,3,2,2,7,沉睡预警客户
16759.0,6,3,789.79,5,4,3,12,高价值客户
16761.0,95,1,316.62,2,2,2,6,沉睡预警客户
16762.0,18,3,1501.38,4,4,4,12,高价值客户
16763.0,197,1,611.85,1,2,3,6,沉睡预警客户
16764.0,2,13,2799.25,5,5,5,15,高价值客户
16765.0,293,1,34.0,1,2,1,4,流失低价值客户
16766.0,272,2,1145.6,1,3,4,8,沉睡预警客户
16767.0,29,11,5580.6,4,5,5,14,高价值客户
16768.0,46,3,478.09,3,4,2,9,忠实复购客户
16769.0,259,1,380.39,1,2,2,5,流失低价值客户
16770.0,56,5,770.1,3,4,3,10,忠实复购客户
16771.0,32,5,2246.81,3,4,5,12,高价值客户
16773.0,56,1,171.59,3,2,1,6,沉睡预警客户
16774.0,66,4,661.52,3,4,3,10,忠实复购客户
16775.0,9,11,1695.66,5,5,4,14,高价值客户
16776.0,59,1,388.28,3,2,2,7,沉睡预警客户
16777.0,79,2,226.35,2,3,1,6,沉睡预警客户
16778.0,73,2,245.94,2,3,1,6,沉睡预警客户
16779.0,1,22,10629.72,5,5,5,15,高价值客户
16780.0,99,2,425.19,2,3,2,7,沉睡预警客户
16781.0,371,1,311.25,1,2,2,5,流失低价值客户
16782.0,9,13,2279.9,5,5,5,15,高价值客户
16784.0,18,1,107.6,4,2,1,7,沉睡预警客户
16788.0,122,2,597.48,2,3,3,8,沉睡预警客户
16789.0,7,1,80.8,5,2,1,8,沉睡预警客户
16790.0,2,6,1545.62,5,5,4,14,高价值客户
16791.0,28,7,1721.78,4,5,4,13,高价值客户
16792.0,281,2,110.38,1,3,1,5,流失低价值客户
16793.0,56,1,243.84,3,2,1,6,沉睡预警客户
16794.0,0,10,1222.71,5,5,4,14,高价值客户
16795.0,364,1,414.88,1,2,2,5,流失低价值客户
16796.0,88,1,305.62,2,2,2,6,沉睡预警客户
16800.0,10,1,1201.49,5,2,4,11,忠实复购客户
16801.0,162,4,1619.73,2,4,4,10,忠实复购客户
16803.0,64,1,332.3,3,2,2,7,沉睡预警客户
16804.0,22,3,536.99,4,4,3,11,忠实复购客户
16805.0,172,2,460.59,2,3,2,7,沉睡预警客户
16806.0,102,4,801.49,2,4,3,9,忠实复购客户
16807.0,141,3,1121.59,2,4,4,10,忠实复购客户
16808.0,98,2,288.42,2,3,2,7,沉睡预警客户
16809.0,22,5,914.69,4,4,3,11,忠实复购客户
16810.0,191,1,309.54,1,2,2,5,流失低价值客户
16811.0,3,2,547.07,5,3,3,11,忠实复购客户
16812.0,359,1,479.35,1,2,2,5,流失低价值客户
16813.0,7,10,1692.98,5,5,4,14,高价值客户
16814.0,13,21,6509.1,4,5,5,14,高价值客户
16816.0,102,4,417.06,2,4,2,8,沉睡预警客户
16817.0,1,9,1604.75,5,5,4,14,高价值客户
16818.0,9,11,3349.57,5,5,5,15,高价值客户
16820.0,94,1,497.61,2,2,3,7,沉睡预警客户
16823.0,226,1,358.38,1,2,2,5,流失低价值客户
16824.0,14,2,460.64,4,3,2,9,忠实复购客户
16825.0,37,2,775.1800000000001,3,3,3,9,忠实复购客户
16826.0,50,1,341.7,3,2,2,7,沉睡预警客户
16828.0,92,2,128.5,2,3,1,6,沉睡预警客户
16829.0,155,1,197.22,2,2,1,5,流失低价值客户
16830.0,37,1,325.91,3,2,2,7,沉睡预警客户
16832.0,183,3,199.15,1,4,1,6,沉睡预警客户
16833.0,0,4,1106.53,5,4,4,13,高价值客户
16834.0,226,1,413.46,1,2,2,5,流失低价值客户
16835.0,127,2,180.85,2,3,1,6,沉睡预警客户
16836.0,38,2,251.87,3,3,2,8,沉睡预警客户
16837.0,30,11,3170.98,4,5,5,14,高价值客户
16838.0,196,2,588.85,1,3,3,7,沉睡预警客户
16839.0,7,34,16594.35,5,5,5,15,高价值客户
16841.0,35,6,1869.82,3,5,4,12,高价值客户
16842.0,99,3,1264.19,2,4,4,10,忠实复购客户
16843.0,41,16,10196.57,3,5,5,13,高价值客户
16846.0,49,1,214.32,3,2,1,6,沉睡预警客户
16847.0,42,1,193.44,3,2,1,6,沉睡预警客户
16848.0,51,1,281.42,3,2,2,7,沉睡预警客户
16849.0,185,1,124.57,1,2,1,4,流失低价值客户
16850.0,332,1,332.41,1,2,2,5,流失低价值客户
16851.0,3,3,342.45,5,4,2,11,忠实复购客户
16852.0,9,2,144.91,5,3,1,9,忠实复购客户
16855.0,22,2,328.4,4,3,2,9,忠实复购客户
16856.0,13,1,35.400000000000006,4,2,1,7,沉睡预警客户
16858.0,367,1,375.69,1,2,2,5,流失低价值客户
16859.0,143,2,747.81,2,3,3,8,沉睡预警客户
16861.0,58,2,173.76000000000002,3,3,1,7,沉睡预警客户
16863.0,30,2,502.8,4,3,3,10,忠实复购客户
16866.0,139,3,207.74,2,4,1,7,沉睡预警客户
16869.0,21,4,825.42,4,4,3,11,忠实复购客户
16871.0,21,6,2812.34,4,5,5,14,高价值客户
16872.0,76,3,680.0200000000001,2,4,3,9,忠实复购客户
16873.0,3,6,7123.62,5,5,5,15,高价值客户
16875.0,66,5,2095.53,3,4,5,12,高价值客户
16877.0,11,6,853.72,5,5,3,13,高价值客户
16878.0,83,1,13.3,2,2,1,5,流失低价值客户
16880.0,29,7,1519.08,4,5,4,13,高价值客户
16881.0,65,1,432.0,3,2,2,7,沉睡预警客户
16882.0,65,3,705.12,3,4,3,10,忠实复购客户
16883.0,186,2,276.73,1,3,2,6,沉睡预警客户
16884.0,36,2,429.84,3,3,2,8,沉睡预警客户
16885.0,14,3,471.51,4,4,2,10,忠实复购客户
16887.0,34,1,194.88,3,2,1,6,沉睡预警客户
16889.0,193,3,1578.67,1,4,4,9,忠实复购客户
16891.0,0,5,809.7,5,4,3,12,高价值客户
16892.0,0,5,525.54,5,4,3,12,高价值客户
16893.0,365,1,145.93,1,2,1,4,流失低价值客户
16895.0,63,1,219.14,3,2,1,6,沉睡预警客户
16897.0,298,2,289.78000000000003,1,3,2,6,沉睡预警客户
16898.0,25,3,508.81,4,4,3,11,忠实复购客户
16899.0,6,6,1281.56,5,5,4,14,高价值客户
16900.0,15,3,887.11,4,4,3,11,忠实复购客户
16902.0,115,1,1706.88,2,2,4,8,沉睡预警客户
16903.0,28,1,373.24,4,2,2,8,沉睡预警客户
16904.0,3,16,3754.27,5,5,5,15,高价值客户
16905.0,4,7,3102.43,5,5,5,15,高价值客户
16906.0,80,4,579.77,2,4,3,9,忠实复购客户
16907.0,28,5,981.65,4,4,4,12,高价值客户
16909.0,71,1,379.14,2,2,2,6,沉睡预警客户
16910.0,3,8,1510.06,5,5,4,14,高价值客户
16912.0,27,11,2575.38,4,5,5,14,高价值客户
16913.0,289,1,113.44,1,2,1,4,流失低价值客户
16914.0,35,1,208.46,3,2,1,6,沉睡预警客户
16915.0,8,6,621.6800000000001,5,5,3,13,高价值客户
16916.0,22,2,576.26,4,3,3,10,忠实复购客户
16917.0,275,1,391.52,1,2,2,5,流失低价值客户
16918.0,48,6,1068.82,3,5,4,12,高价值客户
16919.0,155,11,2596.45,2,5,5,12,高价值客户
16921.0,60,1,169.79,3,2,1,6,沉睡预警客户
16923.0,11,19,7247.61,5,5,5,15,高价值客户
16924.0,20,3,846.75,4,4,3,11,忠实复购客户
16926.0,370,1,230.25,1,2,1,4,流失低价值客户
16927.0,114,3,543.05,2,4,3,9,忠实复购客户
16928.0,79,17,2847.6,2,5,5,12,高价值客户
16929.0,2,7,1295.39,5,5,4,14,高价值客户
16930.0,25,3,380.55,4,4,2,10,忠实复购客户
16931.0,4,21,4604.22,5,5,5,15,高价值客户
16932.0,52,1,161.94,3,2,1,6,沉睡预警客户
16933.0,0,2,563.23,5,3,3,11,忠实复购客户
16934.0,53,2,950.93,3,3,4,10,忠实复购客户
16936.0,24,1,262.68,4,2,2,8,沉睡预警客户
16938.0,7,4,2736.38,5,4,5,14,高价值客户
16940.0,51,3,3049.88,3,4,5,12,高价值客户
16942.0,11,9,1920.59,5,5,4,14,高价值客户
16943.0,210,3,816.73,1,4,3,8,沉睡预警客户
16945.0,20,19,4345.5,4,5,5,14,高价值客户
16947.0,234,1,406.48,1,2,2,5,流失低价值客户
16948.0,137,3,435.02,2,4,2,8,沉睡预警客户
16949.0,2,6,1286.27,5,5,4,14,高价值客户
16950.0,55,3,1178.56,3,4,4,11,忠实复购客户
16951.0,133,3,1277.75,2,4,4,10,忠实复购客户
16952.0,108,2,167.61,2,3,1,6,沉睡预警客户
16953.0,29,1,20.8,4,2,1,7,沉睡预警客户
16954.0,-1,9,2085.08,5,5,5,15,高价值客户
16955.0,183,4,518.67,1,4,3,8,沉睡预警客户
16956.0,16,1,308.74,4,2,2,8,沉睡预警客户
16957.0,238,2,416.64,1,3,2,6,沉睡预警客户
16959.0,86,1,117.35,2,2,1,5,流失低价值客户
16960.0,37,3,507.05,3,4,3,10,忠实复购客户
16961.0,115,1,234.17,2,2,1,5,流失低价值客户
16963.0,186,1,110.55,1,2,1,4,流失低价值客户
16965.0,225,1,201.19,1,2,1,4,流失低价值客户
16966.0,7,7,2154.97,5,5,5,15,高价值客户
16967.0,188,1,319.02,1,2,2,5,流失低价值客户
16968.0,3,2,439.43,5,3,2,10,忠实复购客户
16969.0,38,3,650.41,3,4,3,10,忠实复购客户
16971.0,37,1,357.21,3,2,2,7,沉睡预警客户
16976.0,266,1,251.52,1,2,2,5,流失低价值客户
16978.0,76,1,344.33,2,2,2,6,沉睡预警客户
16979.0,2,6,1852.0,5,5,4,14,高价值客户
16980.0,254,2,1078.96,1,3,4,8,沉睡预警客户
16982.0,59,1,384.06,3,2,2,7,沉睡预警客户
16983.0,11,7,1931.25,5,5,4,14,高价值客户
16984.0,87,2,4481.35,2,3,5,10,忠实复购客户
16985.0,16,10,5464.12,4,5,5,14,高价值客户
16986.0,28,2,1873.2,4,3,4,11,忠实复购客户
16987.0,2,7,1625.05,5,5,4,14,高价值客户
16988.0,4,1,126.12,5,2,1,8,沉睡预警客户
16989.0,6,6,1133.25,5,5,4,14,高价值客户
16990.0,217,1,179.0,1,2,1,4,流失低价值客户
16992.0,9,5,1614.31,5,4,4,13,高价值客户
16996.0,29,6,1456.96,4,5,4,13,高价值客户
16997.0,287,3,702.0,1,4,3,8,沉睡预警客户
16998.0,148,4,295.0,2,4,2,8,沉睡预警客户
16999.0,22,2,484.82,4,3,2,9,忠实复购客户
17001.0,-1,11,3989.57,5,5,5,15,高价值客户
17002.0,84,3,1493.73,2,4,4,10,忠实复购客户
17004.0,45,2,1412.94,3,3,4,10,忠实复购客户
17006.0,3,4,781.78,5,4,3,12,高价值客户
17007.0,49,6,889.9300000000001,3,5,3,11,忠实复购客户
17010.0,17,1,195.36,4,2,1,7,沉睡预警客户
17011.0,29,1,270.9,4,2,2,8,沉睡预警客户
17014.0,7,3,586.33,5,4,3,12,高价值客户
17015.0,27,3,1842.56,4,4,4,12,高价值客户
17017.0,1,20,8694.26,5,5,5,15,高价值客户
17018.0,39,2,920.1,3,3,3,9,忠实复购客户
17019.0,10,4,1272.61,5,4,4,13,高价值客户
17022.0,30,1,71.0,4,2,1,7,沉睡预警客户
17024.0,44,3,95.85,3,4,1,8,沉睡预警客户
17025.0,59,3,357.77,3,4,2,9,忠实复购客户
17026.0,184,2,154.82999999999998,1,3,1,5,流失低价值客户
17027.0,77,6,890.29,2,5,3,10,忠实复购客户
17029.0,109,2,716.0,2,3,3,8,沉睡预警客户
17030.0,62,1,146.87,3,2,1,6,沉睡预警客户
17031.0,10,2,380.35,5,3,2,10,忠实复购客户
17033.0,85,3,1030.14,2,4,4,10,忠实复购客户
17034.0,15,3,745.52,4,4,3,11,忠实复购客户
17035.0,244,2,433.53,1,3,2,6,沉睡预警客户
17037.0,86,1,1267.32,2,2,4,8,沉睡预警客户
17038.0,29,1,112.4,4,2,1,7,沉睡预警客户
17040.0,136,1,449.73,2,2,2,6,沉睡预警客户
17041.0,25,3,1081.57,4,4,4,12,高价值客户
17042.0,1,5,1044.38,5,4,4,13,高价值客户
17043.0,31,4,1735.18,4,4,4,12,高价值客户
17044.0,24,1,948.48,4,2,4,10,忠实复购客户
17045.0,112,3,339.44,2,4,2,8,沉睡预警客户
17046.0,156,1,642.02,2,2,3,7,沉睡预警客户
17047.0,84,3,1100.9,2,4,4,10,忠实复购客户
17048.0,116,3,925.35,2,4,3,9,忠实复购客户
17049.0,1,9,5659.9800000000005,5,5,5,15,高价值客户
17050.0,95,6,3228.84,2,5,5,12,高价值客户
17051.0,193,1,247.14,1,2,1,4,流失低价值客户
17052.0,27,1,413.75,4,2,2,8,沉睡预警客户
17053.0,129,1,498.48,2,2,3,7,沉睡预警客户
17054.0,27,5,1356.33,4,4,4,12,高价值客户
17058.0,80,3,1179.89,2,4,4,10,忠实复购客户
17059.0,28,5,3095.04,4,4,5,13,高价值客户
17060.0,265,1,234.24,1,2,1,4,流失低价值客户
17061.0,72,11,5232.2300000000005,2,5,5,12,高价值客户
17062.0,312,4,538.37,1,4,3,8,沉睡预警客户
17063.0,20,7,1461.14,4,5,4,13,高价值客户
17064.0,57,3,859.35,3,4,3,10,忠实复购客户
17068.0,11,21,4552.14,5,5,5,15,高价值客户
17069.0,27,9,2709.7000000000003,4,5,5,14,高价值客户
17070.0,113,1,312.14,2,2,2,6,沉睡预警客户
17071.0,27,9,2429.03,4,5,5,14,高价值客户
17073.0,16,4,1446.09,4,4,4,12,高价值客户
17075.0,16,4,834.12,4,4,3,11,忠实复购客户
17076.0,35,3,841.0799999999999,3,4,3,10,忠实复购客户
17078.0,35,2,378.2,3,3,2,8,沉睡预警客户
17079.0,77,1,118.8,2,2,1,5,流失低价值客户
17080.0,21,2,287.62,4,3,2,9,忠实复购客户
17081.0,24,2,290.16,4,3,2,9,忠实复购客户
17082.0,32,2,2003.85,3,3,4,10,忠实复购客户
17083.0,108,3,1405.78,2,4,4,10,忠实复购客户
17084.0,34,2,2949.75,3,3,5,11,忠实复购客户
17085.0,122,5,1566.65,2,4,4,10,忠实复购客户
17086.0,6,6,2050.08,5,5,4,14,高价值客户
17088.0,27,4,1991.01,4,4,4,12,高价值客户
17090.0,3,7,2043.95,5,5,4,14,高价值客户
17091.0,1,9,3827.76,5,5,5,15,高价值客户
17092.0,49,4,1777.78,3,4,4,11,忠实复购客户
17094.0,321,1,302.0,1,2,2,5,流失低价值客户
17095.0,21,3,1324.16,4,4,4,12,高价值客户
17096.0,14,4,1022.13,4,4,4,12,高价值客户
17097.0,1,8,954.42,5,5,4,14,高价值客户
17100.0,17,2,971.74,4,3,4,11,忠实复购客户
17101.0,9,4,1621.73,5,4,4,13,高价值客户
17102.0,260,1,25.5,1,2,1,4,流失低价值客户
17105.0,158,2,665.78,2,3,3,8,沉睡预警客户
17107.0,32,6,10815.43,3,5,5,13,高价值客户
17109.0,28,6,885.04,4,5,3,12,高价值客户
17110.0,164,1,163.29999999999998,2,2,1,5,流失低价值客户
17111.0,46,1,248.61,3,2,1,6,沉睡预警客户
17114.0,4,8,808.62,5,5,3,13,高价值客户
17115.0,7,3,837.5,5,4,3,12,高价值客户
17117.0,287,1,116.2,1,2,1,4,流失低价值客户
17118.0,316,1,157.02,1,2,1,4,流失低价值客户
17119.0,2,2,606.91,5,3,3,11,忠实复购客户
17120.0,232,1,307.46,1,2,2,5,流失低价值客户
17122.0,118,1,138.32,2,2,1,5,流失低价值客户
17123.0,160,1,345.3,2,2,2,6,沉睡预警客户
17124.0,184,1,298.89,1,2,2,5,流失低价值客户
17125.0,49,1,259.35,3,2,2,7,沉睡预警客户
17126.0,151,5,1004.75,2,4,4,10,忠实复购客户
17128.0,333,1,157.09,1,2,1,4,流失低价值客户
17131.0,4,5,2463.17,5,4,5,14,高价值客户
17133.0,14,7,4892.24,4,5,5,14,高价值客户
17134.0,105,2,425.0,2,3,2,7,沉睡预警客户
17135.0,15,7,1139.73,4,5,4,13,高价值客户
17138.0,274,1,380.5,1,2,2,5,流失低价值客户
17139.0,14,12,10668.47,4,5,5,14,高价值客户
17140.0,246,1,465.32,1,2,2,5,流失低价值客户
17142.0,238,1,579.0,1,2,3,6,沉睡预警客户
17144.0,0,2,984.57,5,3,4,12,高价值客户
17146.0,104,3,749.78,2,4,3,9,忠实复购客户
17147.0,21,4,1714.59,4,4,4,12,高价值客户
17148.0,50,1,124.88,3,2,1,6,沉睡预警客户
17152.0,193,3,1689.5,1,4,4,9,忠实复购客户
17153.0,23,1,213.78,4,2,1,7,沉睡预警客户
17154.0,74,1,329.34,2,2,2,6,沉睡预警客户
17155.0,16,2,251.7,4,3,2,9,忠实复购客户
17157.0,6,2,319.0,5,3,2,10,忠实复购客户
17158.0,31,3,1266.97,4,4,4,12,高价值客户
17159.0,20,3,1538.88,4,4,4,12,高价值客户
17160.0,30,6,3518.03,4,5,5,14,高价值客户
17162.0,27,10,1715.46,4,5,4,13,高价值客户
17163.0,20,2,293.1,4,3,2,9,忠实复购客户
17164.0,31,7,2467.35,4,5,5,14,高价值客户
17165.0,283,1,158.68,1,2,1,4,流失低价值客户
17166.0,37,2,206.34,3,3,1,7,沉睡预警客户
17169.0,56,2,835.78,3,3,3,9,忠实复购客户
17171.0,288,1,224.91,1,2,1,4,流失低价值客户
17172.0,77,1,317.76,2,2,2,6,沉睡预警客户
17173.0,4,8,3766.6,5,5,5,15,高价值客户
17174.0,216,1,59.9,1,2,1,4,流失低价值客户
17175.0,43,4,1443.69,3,4,4,11,忠实复购客户
17176.0,200,1,306.13,1,2,2,5,流失低价值客户
17179.0,177,3,711.79,2,4,3,9,忠实复购客户
17180.0,55,4,796.03,3,4,3,10,忠实复购客户
17181.0,56,2,239.92,3,3,1,7,沉睡预警客户
17183.0,6,6,3347.31,5,5,5,15,高价值客户
17186.0,45,2,144.0,3,3,1,7,沉睡预警客户
17187.0,225,1,203.95,1,2,1,4,流失低价值客户
17188.0,10,7,2474.23,5,5,5,15,高价值客户
17189.0,105,2,384.4,2,3,2,7,沉睡预警客户
17190.0,57,2,444.74,3,3,2,8,沉睡预警客户
17191.0,27,7,2095.13,4,5,5,14,高价值客户
17193.0,34,7,1699.3,3,5,4,12,高价值客户
17194.0,272,2,262.62,1,3,2,6,沉睡预警客户
17197.0,28,1,1013.01,4,2,4,10,忠实复购客户
17198.0,22,3,692.22,4,4,3,11,忠实复购客户
17201.0,52,1,342.63,3,2,2,7,沉睡预警客户
17203.0,34,6,3563.85,3,5,5,13,高价值客户
17204.0,174,4,1564.56,2,4,4,10,忠实复购客户
17205.0,52,1,384.08,3,2,2,7,沉睡预警客户
17206.0,52,1,204.24,3,2,1,6,沉睡预警客户
17211.0,25,8,2317.2200000000003,4,5,5,14,高价值客户
17212.0,252,1,226.85,1,2,1,4,流失低价值客户
17213.0,39,7,2781.23,3,5,5,13,高价值客户
17214.0,59,6,1069.12,3,5,4,12,高价值客户
17217.0,233,1,113.5,1,2,1,4,流失低价值客户
17218.0,3,10,1960.72,5,5,4,14,高价值客户
17219.0,30,1,114.23,4,2,1,7,沉睡预警客户
17220.0,23,14,3198.25,4,5,5,14,高价值客户
17221.0,6,2,335.13,5,3,2,10,忠实复购客户
17222.0,64,1,354.15,3,2,2,7,沉睡预警客户
17223.0,309,2,426.79,1,3,2,6,沉睡预警客户
17226.0,307,1,393.49,1,2,2,5,流失低价值客户
17227.0,17,6,939.32,4,5,3,12,高价值客户
17228.0,14,8,1906.09,4,5,4,13,高价值客户
17229.0,95,2,318.76,2,3,2,7,沉睡预警客户
17230.0,263,8,3638.41,1,5,5,11,忠实复购客户
17231.0,11,10,3174.32,5,5,5,15,高价值客户
17232.0,1,2,421.52,5,3,2,10,忠实复购客户
17233.0,34,1,190.88,3,2,1,6,沉睡预警客户
17234.0,181,1,149.89,1,2,1,4,流失低价值客户
17235.0,24,2,550.06,4,3,3,10,忠实复购客户
17236.0,11,6,916.13,5,5,3,13,高价值客户
17237.0,10,2,314.69,5,3,2,10,忠实复购客户
17238.0,1,17,3744.65,5,5,5,15,高价值客户
17239.0,311,1,382.5,1,2,2,5,流失低价值客户
17242.0,107,2,1135.04,2,3,4,9,忠实复购客户
17243.0,0,26,8676.85,5,5,5,15,高价值客户
17244.0,52,1,954.9,3,2,4,9,忠实复购客户
17245.0,203,1,171.45,1,2,1,4,流失低价值客户
17247.0,14,1,282.19,4,2,2,8,沉睡预警客户
17248.0,119,1,318.65,2,2,2,6,沉睡预警客户
17250.0,2,2,384.52,5,3,2,10,忠实复购客户
17251.0,361,1,283.28000000000003,1,2,2,5,流失低价值客户
17252.0,115,2,353.86,2,3,2,7,沉睡预警客户
17253.0,17,1,178.26,4,2,1,7,沉睡预警客户
17254.0,3,2,272.44,5,3,2,10,忠实复购客户
17255.0,39,2,298.41,3,3,2,8,沉睡预警客户
17256.0,106,2,240.0,2,3,1,6,沉睡预警客户
17259.0,147,2,603.37,2,3,3,8,沉睡预警客户
17262.0,51,5,1253.36,3,4,4,11,忠实复购客户
17263.0,207,1,63.44,1,2,1,4,流失低价值客户
17265.0,137,2,562.9,2,3,3,8,沉睡预警客户
17266.0,1,3,310.64,5,4,2,11,忠实复购客户
17267.0,126,2,317.62,2,3,2,7,沉睡预警客户
17268.0,106,4,763.64,2,4,3,9,忠实复购客户
17272.0,41,4,2148.63,3,4,5,12,高价值客户
17274.0,34,1,111.98,3,2,1,6,沉睡预警客户
17277.0,226,2,1065.35,1,3,4,8,沉睡预警客户
17278.0,240,1,246.04,1,2,1,4,流失低价值客户
17279.0,56,1,187.83,3,2,1,6,沉睡预警客户
17282.0,129,3,1703.41,2,4,4,10,忠实复购客户
17284.0,59,6,1652.58,3,5,4,12,高价值客户
17286.0,20,1,153.92,4,2,1,7,沉睡预警客户
17287.0,25,7,1064.11,4,5,4,13,高价值客户
17288.0,8,7,1419.73,5,5,4,14,高价值客户
17289.0,30,3,944.41,4,4,4,12,高价值客户
17290.0,2,2,525.24,5,3,3,11,忠实复购客户
17291.0,307,1,550.8000000000001,1,2,3,6,沉睡预警客户
17293.0,7,9,1875.11,5,5,4,14,高价值客户
17295.0,27,3,556.95,4,4,3,11,忠实复购客户
17297.0,16,1,131.78,4,2,1,7,沉睡预警客户
17298.0,100,2,498.42,2,3,3,8,沉睡预警客户
17299.0,10,4,669.11,5,4,3,12,高价值客户
17301.0,20,1,197.63,4,2,1,7,沉睡预警客户
17302.0,13,5,1135.63,4,4,4,12,高价值客户
17303.0,360,1,250.04,1,2,1,4,流失低价值客户
17306.0,9,19,8631.31,5,5,5,15,高价值客户
17309.0,94,1,82.75,2,2,1,5,流失低价值客户
17311.0,77,2,1384.85,2,3,4,9,忠实复购客户
17312.0,137,3,644.3,2,4,3,9,忠实复购客户
17313.0,30,1,2328.84,4,2,5,11,忠实复购客户
17314.0,23,8,2527.92,4,5,5,14,高价值客户
17315.0,0,38,6292.26,5,5,5,15,高价值客户
17317.0,45,3,2600.34,3,4,5,12,高价值客户
17320.0,99,3,1200.62,2,4,4,10,忠实复购客户
17321.0,7,2,700.86,5,3,3,11,忠实复购客户
17323.0,14,7,921.07,4,5,3,12,高价值客户
17324.0,16,4,990.23,4,4,4,12,高价值客户
17325.0,279,1,96.8,1,2,1,4,流失低价值客户
17329.0,13,2,523.11,4,3,3,10,忠实复购客户
17330.0,21,2,363.9,4,3,2,9,忠实复购客户
17331.0,122,1,175.2,2,2,1,5,流失低价值客户
17333.0,84,1,494.25,2,2,3,7,沉睡预警客户
17334.0,301,2,307.02,1,3,2,6,沉睡预警客户
17337.0,150,4,2027.87,2,4,4,10,忠实复购客户
17338.0,16,8,6643.93,4,5,5,14,高价值客户
17339.0,93,2,243.36,2,3,1,6,沉睡预警客户
17340.0,28,11,12353.29,4,5,5,14,高价值客户
17341.0,155,3,781.36,2,4,3,9,忠实复购客户
17343.0,354,1,193.64,1,2,1,4,流失低价值客户
17344.0,45,1,160.57,3,2,1,6,沉睡预警客户
17345.0,14,4,537.74,4,4,3,11,忠实复购客户
17346.0,2,15,2676.56,5,5,5,15,高价值客户
17347.0,85,1,228.96,2,2,1,5,流失低价值客户
17348.0,13,5,1159.52,4,4,4,12,高价值客户
17349.0,178,1,110.75,2,2,1,5,流失低价值客户
17350.0,7,4,1286.07,5,4,4,13,高价值客户
17351.0,35,3,587.15,3,4,3,10,忠实复购客户
17353.0,128,2,1740.0,2,3,4,9,忠实复购客户
17354.0,49,1,1393.06,3,2,4,9,忠实复购客户
17356.0,310,1,178.22,1,2,1,4,流失低价值客户
17357.0,23,2,388.14,4,3,2,9,忠实复购客户
17358.0,302,2,365.85,1,3,2,6,沉睡预警客户
17359.0,10,1,127.86,5,2,1,8,沉睡预警客户
17360.0,16,3,585.79,4,4,3,11,忠实复购客户
17361.0,48,3,488.2,3,4,2,9,忠实复购客户
17362.0,238,2,312.23,1,3,2,6,沉睡预警客户
17364.0,-1,11,4481.18,5,5,5,15,高价值客户
17365.0,11,8,4801.56,5,5,5,15,高价值客户
17367.0,237,1,168.4,1,2,1,4,流失低价值客户
17368.0,22,8,1912.67,4,5,4,13,高价值客户
17370.0,71,4,446.18,2,4,2,8,沉睡预警客户
17371.0,16,3,423.89,4,4,2,10,忠实复购客户
17372.0,39,8,1342.68,3,5,4,12,高价值客户
17373.0,39,4,646.92,3,4,3,10,忠实复购客户
17374.0,217,2,495.77,1,3,3,7,沉睡预警客户
17375.0,198,3,400.1,1,4,2,7,沉睡预警客户
17376.0,69,2,203.2,3,3,1,7,沉睡预警客户
17377.0,22,20,4100.92,4,5,5,14,高价值客户
17379.0,10,1,404.66,5,2,2,9,忠实复购客户
17381.0,7,29,20275.61,5,5,5,15,高价值客户
17382.0,64,1,65.4,3,2,1,6,沉睡预警客户
17383.0,3,1,199.29,5,2,1,8,沉睡预警客户
17384.0,18,2,336.40000000000003,4,3,2,9,忠实复购客户
17385.0,13,1,261.11,4,2,2,8,沉睡预警客户
17386.0,6,6,2686.42,5,5,5,15,高价值客户
17387.0,18,2,784.11,4,3,3,10,忠实复购客户
17388.0,76,4,1259.5600000000002,2,4,4,10,忠实复购客户
17389.0,-1,34,31833.68,5,5,5,15,高价值客户
17391.0,162,2,508.8,2,3,3,8,沉睡预警客户
17392.0,305,2,457.91,1,3,2,6,沉睡预警客户
17394.0,218,1,203.87,1,2,1,4,流失低价值客户
17396.0,38,8,7330.8,3,5,5,13,高价值客户
17397.0,21,2,696.41,4,3,3,10,忠实复购客户
17398.0,113,3,653.38,2,4,3,9,忠实复购客户
17400.0,125,5,2129.96,2,4,5,11,忠实复购客户
17402.0,3,13,2633.85,5,5,5,15,高价值客户
17403.0,35,1,281.62,3,2,2,7,沉睡预警客户
17404.0,3,15,31906.82,5,5,5,15,高价值客户
17405.0,0,3,1031.41,5,4,4,13,高价值客户
17406.0,332,3,2200.42,1,4,5,10,忠实复购客户
17408.0,162,1,32.65,2,2,1,5,流失低价值客户
17409.0,183,2,771.85,1,3,3,7,沉睡预警客户
17410.0,15,5,1214.72,4,4,4,12,高价值客户
17411.0,11,3,778.94,5,4,3,12,高价值客户
17412.0,1,7,1258.06,5,5,4,14,高价值客户
17414.0,42,2,778.0,3,3,3,9,忠实复购客户
17415.0,78,1,507.84,2,2,3,7,沉睡预警客户
17416.0,28,7,6893.42,4,5,5,14,高价值客户
17418.0,41,2,463.46,3,3,2,8,沉睡预警客户
17419.0,10,12,4226.57,5,5,5,15,高价值客户
17420.0,49,3,598.83,3,4,3,10,忠实复购客户
17422.0,15,6,1979.37,4,5,4,13,高价值客户
17423.0,45,2,698.41,3,3,3,9,忠实复购客户
17425.0,18,2,759.17,4,3,3,10,忠实复购客户
17426.0,7,6,5037.26,5,5,5,15,高价值客户
17427.0,70,1,100.8,3,2,1,6,沉睡预警客户
17428.0,-1,28,17256.85,5,5,5,15,高价值客户
17429.0,127,3,524.9200000000001,2,4,3,9,忠实复购客户
17430.0,31,2,265.76,4,3,2,9,忠实复购客户
17431.0,312,1,403.3,1,2,2,5,流失低价值客户
17432.0,17,2,365.76,4,3,2,9,忠实复购客户
17433.0,87,1,303.16,2,2,2,6,沉睡预警客户
17434.0,1,7,2373.82,5,5,5,15,高价值客户
17436.0,0,2,216.3,5,3,1,9,忠实复购客户
17438.0,252,1,388.4500000000001,1,2,2,5,流失低价值客户
17440.0,155,3,186.42,2,4,1,7,沉睡预警客户
17442.0,35,6,2248.56,3,5,5,13,高价值客户
17443.0,218,1,534.24,1,2,3,6,沉睡预警客户
17444.0,146,3,2940.04,2,4,5,11,忠实复购客户
17446.0,175,2,120.9,2,3,1,6,沉睡预警客户
17447.0,39,2,541.53,3,3,3,9,忠实复购客户
17449.0,1,7,2520.86,5,5,5,15,高价值客户
17450.0,7,46,194550.79,5,5,5,15,高价值客户
17451.0,0,7,1721.4,5,5,4,14,高价值客户
17453.0,16,2,486.72,4,3,2,9,忠实复购客户
17454.0,191,4,517.53,1,4,3,8,沉睡预警客户
17455.0,202,1,131.7,1,2,1,4,流失低价值客户
17456.0,364,1,249.86,1,2,1,4,流失低价值客户
17457.0,125,5,1737.7,2,4,4,10,忠实复购客户
17458.0,14,1,316.5,4,2,2,8,沉睡预警客户
17459.0,42,2,657.3,3,3,3,9,忠实复购客户
17460.0,93,6,622.4300000000001,2,5,3,10,忠实复购客户
17461.0,21,3,757.46,4,4,3,11,忠实复购客户
17462.0,59,2,675.69,3,3,3,9,忠实复购客户
17463.0,15,5,1896.41,4,4,4,12,高价值客户
17464.0,157,1,289.96,2,2,2,6,沉睡预警客户
17466.0,9,2,763.28,5,3,3,11,忠实复购客户
17468.0,9,2,137.0,5,3,1,9,忠实复购客户
17469.0,15,5,1870.97,4,4,4,12,高价值客户
17470.0,43,5,1125.07,3,4,4,11,忠实复购客户
17472.0,190,3,710.29,1,4,3,8,沉睡预警客户
17475.0,78,1,194.37,2,2,1,5,流失低价值客户
17480.0,76,1,511.82,2,2,3,7,沉睡预警客户
17481.0,2,4,1255.59,5,4,4,13,高价值客户
17483.0,64,3,414.04,3,4,2,9,忠实复购客户
17486.0,260,1,396.87,1,2,2,5,流失低价值客户
17489.0,57,2,376.64,3,3,2,8,沉睡预警客户
17490.0,-1,7,2092.32,5,5,5,15,高价值客户
17491.0,0,10,3558.87,5,5,5,15,高价值客户
17492.0,247,1,374.57,1,2,2,5,流失低价值客户
17495.0,6,2,497.56,5,3,3,11,忠实复购客户
17496.0,357,1,271.05,1,2,2,5,流失低价值客户
17498.0,74,1,272.22,2,2,2,6,沉睡预警客户
17499.0,288,1,622.88,1,2,3,6,沉睡预警客户
17500.0,16,3,1138.0,4,4,4,12,高价值客户
17501.0,219,2,288.6,1,3,2,6,沉睡预警客户
17502.0,8,4,689.1,5,4,3,12,高价值客户
17503.0,1,2,558.96,5,3,3,11,忠实复购客户
17504.0,205,9,2997.03,1,5,5,11,忠实复购客户
17505.0,160,2,1145.84,2,3,4,9,忠实复购客户
17506.0,74,1,302.2,2,2,2,6,沉睡预警客户
17507.0,260,2,605.58,1,3,3,7,沉睡预警客户
17508.0,279,1,387.31,1,2,2,5,流失低价值客户
17509.0,56,8,6115.14,3,5,5,13,高价值客户
17510.0,23,1,308.48,4,2,2,8,沉睡预警客户
17511.0,1,31,91062.38,5,5,5,15,高价值客户
17512.0,27,10,2924.99,4,5,5,14,高价值客户
17513.0,71,1,513.2,2,2,3,7,沉睡预警客户
17514.0,127,1,208.65,2,2,1,5,流失低价值客户
17515.0,30,4,639.02,4,4,3,11,忠实复购客户
17516.0,14,5,768.08,4,4,3,11,忠实复购客户
17517.0,307,1,153.94,1,2,1,4,流失低价值客户
17519.0,16,6,1844.02,4,5,4,13,高价值客户
17520.0,52,1,546.81,3,2,3,8,沉睡预警客户
17521.0,28,3,723.2099999999999,4,4,3,11,忠实复购客户
17522.0,0,5,1070.71,5,4,4,13,高价值客户
17523.0,10,4,652.74,5,4,3,12,高价值客户
17524.0,360,1,145.0,1,2,1,4,流失低价值客户
17525.0,358,1,422.7000000000001,1,2,2,5,流失低价值客户
17526.0,3,4,1195.9,5,4,4,13,高价值客户
17527.0,52,4,939.37,3,4,3,10,忠实复购客户
17528.0,0,8,3628.5,5,5,5,15,高价值客户
17530.0,0,10,2385.0,5,5,5,15,高价值客户
17531.0,189,1,296.7,1,2,2,5,流失低价值客户
17534.0,52,1,223.36,3,2,1,6,沉睡预警客户
17535.0,279,1,164.4,1,2,1,4,流失低价值客户
17536.0,176,1,76.5,2,2,1,5,流失低价值客户
17537.0,28,2,897.62,4,3,3,10,忠实复购客户
17538.0,24,1,98.42,4,2,1,7,沉睡预警客户
17540.0,23,2,578.9,4,3,3,10,忠实复购客户
17542.0,268,1,170.75,1,2,1,4,流失低价值客户
17545.0,42,3,645.96,3,4,3,10,忠实复购客户
17548.0,232,1,103.3,1,2,1,4,流失低价值客户
17549.0,22,2,148.86,4,3,1,8,沉睡预警客户
17550.0,196,3,267.16,1,4,2,7,沉睡预警客户
17551.0,358,1,306.84,1,2,2,5,流失低价值客户
17552.0,59,4,930.41,3,4,3,10,忠实复购客户
17553.0,128,1,1487.6,2,2,4,8,沉睡预警客户
17554.0,0,5,1952.45,5,4,4,13,高价值客户
17555.0,18,2,483.26,4,3,2,9,忠实复购客户
17556.0,204,1,157.9,1,2,1,4,流失低价值客户
17557.0,13,3,541.46,4,4,3,11,忠实复购客户
17560.0,93,5,854.95,2,4,3,9,忠实复购客户
17561.0,18,1,167.62,4,2,1,7,沉睡预警客户
17562.0,13,7,1122.38,4,5,4,13,高价值客户
17564.0,23,3,454.01,4,4,2,10,忠实复购客户
17566.0,7,2,901.21,5,3,3,11,忠实复购客户
17567.0,6,8,4331.48,5,5,5,15,高价值客户
17569.0,331,1,344.14,1,2,2,5,流失低价值客户
17571.0,49,4,1498.51,3,4,4,11,忠实复购客户
17572.0,70,4,226.75000000000003,3,4,1,8,沉睡预警客户
17573.0,28,3,380.6,4,4,2,10,忠实复购客户
17574.0,241,1,185.65,1,2,1,4,流失低价值客户
17576.0,7,19,3622.68,5,5,5,15,高价值客户
17578.0,217,1,143.46,1,2,1,4,流失低价值客户
17579.0,3,3,448.9,5,4,2,11,忠实复购客户
17580.0,251,3,215.72,1,4,1,6,沉睡预警客户
17581.0,-1,25,11045.04,5,5,5,15,高价值客户
17582.0,235,1,175.27,1,2,1,4,流失低价值客户
17584.0,6,2,1242.3,5,3,4,12,高价值客户
17585.0,108,4,1133.07,2,4,4,10,忠实复购客户
17588.0,99,3,1240.2,2,4,4,10,忠实复购客户
17589.0,59,4,2404.17,3,4,5,12,高价值客户
17590.0,1,3,1479.22,5,4,4,13,高价值客户
17591.0,72,7,2225.9700000000003,2,5,5,12,高价值客户
17593.0,2,5,3927.34,5,4,5,14,高价值客户
17594.0,84,2,993.18,2,3,4,9,忠实复购客户
17595.0,11,2,388.79,5,3,2,10,忠实复购客户
17596.0,22,7,2827.93,4,5,5,14,高价值客户
17597.0,212,1,2044.37,1,2,4,7,沉睡预警客户
17600.0,16,1,161.67000000000002,4,2,1,7,沉睡预警客户
17601.0,238,1,116.01,1,2,1,4,流失低价值客户
17602.0,1,6,5102.97,5,5,5,15,高价值客户
17603.0,77,1,394.72,2,2,2,6,沉睡预警客户
17604.0,216,2,309.36,1,3,2,6,沉睡预警客户
17608.0,32,2,193.42,3,3,1,7,沉睡预警客户
17609.0,39,5,1112.22,3,4,4,11,忠实复购客户
17611.0,6,15,3984.22,5,5,5,15,高价值客户
17612.0,52,6,2048.45,3,5,4,12,高价值客户
17613.0,21,14,4559.15,4,5,5,14,高价值客户
17614.0,56,1,390.07,3,2,2,7,沉睡预警客户
17615.0,129,3,329.6,2,4,2,8,沉睡预警客户
17616.0,172,3,571.1999999999999,2,4,3,9,忠实复购客户
17618.0,4,3,971.58,5,4,4,13,高价值客户
17619.0,311,1,218.52,1,2,1,4,流失低价值客户
17620.0,58,1,81.44,3,2,1,6,沉睡预警客户
17621.0,20,3,1379.9,4,4,4,12,高价值客户
17623.0,31,1,527.0500000000001,4,2,3,9,忠实复购客户
17624.0,13,2,843.48,4,3,3,10,忠实复购客户
17625.0,17,4,2047.0,4,4,4,12,高价值客户
17628.0,80,1,75.75,2,2,1,5,流失低价值客户
17629.0,4,8,1814.12,5,5,4,14,高价值客户
17630.0,168,2,503.6,2,3,3,8,沉睡预警客户
17631.0,0,3,528.33,5,4,3,12,高价值客户
17633.0,30,4,1324.84,4,4,4,12,高价值客户
17634.0,35,9,2361.9700000000003,3,5,5,13,高价值客户
17636.0,18,1,285.56,4,2,2,8,沉睡预警客户
17637.0,30,2,547.0600000000001,4,3,3,10,忠实复购客户
17639.0,275,1,108.5,1,2,1,4,流失低价值客户
17640.0,85,1,621.66,2,2,3,7,沉睡预警客户
17642.0,118,2,712.29,2,3,3,8,沉睡预警客户
17643.0,372,1,101.55,1,2,1,4,流失低价值客户
17644.0,0,11,2895.64,5,5,5,15,高价值客户
17646.0,218,3,1008.39,1,4,4,9,忠实复购客户
17647.0,64,1,133.06,3,2,1,6,沉睡预警客户
17648.0,59,4,1797.5,3,4,4,11,忠实复购客户
17649.0,137,1,868.49,2,2,3,7,沉睡预警客户
17650.0,20,1,166.08,4,2,1,7,沉睡预警客户
17651.0,10,10,3945.0,5,5,5,15,高价值客户
17652.0,24,12,4867.72,4,5,5,14,高价值客户
17653.0,35,4,1207.56,3,4,4,11,忠实复购客户
17654.0,276,1,117.55,1,2,1,4,流失低价值客户
17655.0,9,7,2638.94,5,5,5,15,高价值客户
17656.0,72,5,1674.69,2,4,4,10,忠实复购客户
17658.0,24,2,595.42,4,3,3,10,忠实复购客户
17659.0,16,12,2999.46,4,5,5,14,高价值客户
17660.0,140,1,196.0,2,2,1,5,流失低价值客户
17663.0,24,7,1802.91,4,5,4,13,高价值客户
17664.0,17,2,604.64,4,3,3,10,忠实复购客户
17666.0,2,2,728.16,5,3,3,11,忠实复购客户
17667.0,65,5,2055.51,3,4,4,11,忠实复购客户
17668.0,0,2,347.75,5,3,2,10,忠实复购客户
17669.0,41,7,3406.7200000000003,3,5,5,13,高价值客户
17670.0,226,1,205.7,1,2,1,4,流失低价值客户
17671.0,14,4,1572.71,4,4,4,12,高价值客户
17672.0,49,2,3178.17,3,3,5,11,忠实复购客户
17673.0,0,6,1629.12,5,5,4,14,高价值客户
17674.0,73,2,551.0400000000001,2,3,3,8,沉睡预警客户
17675.0,0,31,20374.28,5,5,5,15,高价值客户
17676.0,3,6,1387.68,5,5,4,14,高价值客户
17677.0,0,30,16363.23,5,5,5,15,高价值客户
17678.0,262,1,298.11,1,2,2,5,流失低价值客户
17679.0,51,2,1992.11,3,3,4,10,忠实复购客户
17680.0,22,1,184.4,4,2,1,7,沉睡预警客户
17682.0,9,6,2474.33,5,5,5,15,高价值客户
17684.0,42,1,239.41,3,2,1,6,沉睡预警客户
17685.0,15,7,3191.53,4,5,5,14,高价值客户
17686.0,6,7,5739.46,5,5,5,15,高价值客户
17690.0,29,15,4757.95,4,5,5,14,高价值客户
17691.0,357,2,290.40000000000003,1,3,2,6,沉睡预警客户
17692.0,126,4,740.9399999999999,2,4,3,9,忠实复购客户
17693.0,136,1,200.47,2,2,1,5,流失低价值客户
17694.0,140,1,283.12,2,2,2,6,沉睡预警客户
17695.0,130,2,765.34,2,3,3,8,沉睡预警客户
17696.0,37,8,2285.71,3,5,5,13,高价值客户
17697.0,235,1,338.95,1,2,2,5,流失低价值客户
17698.0,259,1,154.95,1,2,1,4,流失低价值客户
17700.0,15,4,2534.64,4,4,5,13,高价值客户
17701.0,251,1,417.95,1,2,2,5,流失低价值客户
17702.0,29,4,1824.37,4,4,4,12,高价值客户
17703.0,34,3,798.74,3,4,3,10,忠实复购客户
17704.0,167,2,885.19,2,3,3,8,沉睡预警客户
17705.0,2,9,1823.52,5,5,4,14,高价值客户
17706.0,3,17,10504.49,5,5,5,15,高价值客户
17707.0,184,2,152.4,1,3,1,5,流失低价值客户
17708.0,186,2,267.08,1,3,2,6,沉睡预警客户
17709.0,168,1,137.45000000000002,2,2,1,5,流失低价值客户
17711.0,9,2,385.1,5,3,2,10,忠实复购客户
17712.0,43,1,522.91,3,2,3,8,沉睡预警客户
17714.0,319,1,153.0,1,2,1,4,流失低价值客户
17715.0,199,1,326.4,1,2,2,5,流失低价值客户
17716.0,21,11,5655.99,4,5,5,14,高价值客户
17718.0,231,1,139.35,1,2,1,4,流失低价值客户
17719.0,36,15,5396.04,3,5,5,13,高价值客户
17720.0,25,4,1195.94,4,4,4,12,高价值客户
17722.0,95,4,2424.04,2,4,5,11,忠实复购客户
17723.0,126,6,3276.4,2,5,5,12,高价值客户
17724.0,70,3,1033.0,3,4,4,11,忠实复购客户
17725.0,15,11,3439.08,4,5,5,14,高价值客户
17727.0,14,1,1060.25,4,2,4,10,忠实复购客户
17728.0,2,3,2876.01,5,4,5,14,高价值客户
17730.0,2,13,5298.4800000000005,5,5,5,15,高价值客户
17731.0,78,4,1240.11,2,4,4,10,忠实复购客户
17732.0,371,1,303.97,1,2,2,5,流失低价值客户
17733.0,37,2,692.19,3,3,3,9,忠实复购客户
17734.0,52,3,700.63,3,4,3,10,忠实复购客户
17735.0,1,19,13110.02,5,5,5,15,高价值客户
17736.0,8,3,377.44,5,4,2,11,忠实复购客户
17737.0,8,2,168.24,5,3,1,9,忠实复购客户
17738.0,18,4,1879.05,4,4,4,12,高价值客户
17739.0,10,7,2791.35,5,5,5,15,高价值客户
17742.0,112,2,355.11,2,3,2,7,沉睡预警客户
17744.0,2,6,2322.4,5,5,5,15,高价值客户
17746.0,239,1,110.25,1,2,1,4,流失低价值客户
17747.0,111,1,71.4,2,2,1,5,流失低价值客户
17749.0,177,2,674.52,2,3,3,8,沉睡预警客户
17750.0,4,9,1797.57,5,5,4,14,高价值客户
17752.0,358,1,80.64,1,2,1,4,流失低价值客户
17754.0,-1,5,1772.26,5,4,4,13,高价值客户
17757.0,0,30,5605.29,5,5,5,15,高价值客户
17758.0,18,8,3456.7000000000003,4,5,5,14,高价值客户
17759.0,16,3,834.99,4,4,3,11,忠实复购客户
17760.0,20,2,287.59,4,3,2,9,忠实复购客户
17761.0,31,1,712.78,4,2,3,9,忠实复购客户
17763.0,262,1,15.0,1,2,1,4,流失低价值客户
17764.0,49,2,818.82,3,3,3,9,忠实复购客户
17765.0,157,3,371.88,2,4,2,8,沉睡预警客户
17767.0,14,1,271.2,4,2,2,8,沉睡预警客户
17768.0,7,3,2273.1800000000003,5,4,5,14,高价值客户
17769.0,11,10,3997.98,5,5,5,15,高价值客户
17770.0,197,5,1143.27,1,4,4,9,忠实复购客户
17771.0,55,2,245.81,3,3,1,7,沉睡预警客户
17772.0,9,2,182.77,5,3,1,9,忠实复购客户
17774.0,95,4,1225.41,2,4,4,10,忠实复购客户
17775.0,253,1,56.4,1,2,1,4,流失低价值客户
17777.0,23,3,665.86,4,4,3,11,忠实复购客户
17779.0,20,3,658.57,4,4,3,11,忠实复购客户
17781.0,158,2,188.02,2,3,1,6,沉睡预警客户
17783.0,71,2,283.47,2,3,2,7,沉睡预警客户
17785.0,52,1,131.94,3,2,1,6,沉睡预警客户
17786.0,84,2,278.74,2,3,2,7,沉睡预警客户
17787.0,151,4,1865.19,2,4,4,10,忠实复购客户
17788.0,72,2,1117.9,2,3,4,9,忠实复购客户
17789.0,280,1,225.9,1,2,1,4,流失低价值客户
17790.0,25,14,1965.55,4,5,4,13,高价值客户
17791.0,28,1,106.1,4,2,1,7,沉睡预警客户
17793.0,24,1,323.04,4,2,2,8,沉睡预警客户
17795.0,178,2,350.39,2,3,2,7,沉睡预警客户
17796.0,39,4,697.9,3,4,3,10,忠实复购客户
17797.0,21,3,780.43,4,4,3,11,忠实复购客户
17799.0,21,10,3055.93,4,5,5,14,高价值客户
17800.0,36,9,1199.01,3,5,4,12,高价值客户
17802.0,81,3,1285.04,2,4,4,10,忠实复购客户
17805.0,72,1,512.31,2,2,3,7,沉睡预警客户
17806.0,10,1,546.04,5,2,3,10,忠实复购客户
17809.0,15,12,5411.91,4,5,5,14,高价值客户
17811.0,3,39,7837.73,5,5,5,15,高价值客户
17812.0,11,4,732.16,5,4,3,12,高价值客户
17813.0,13,5,1770.88,4,4,4,12,高价值客户
17816.0,35,4,36.56,3,4,1,8,沉睡预警客户
17817.0,3,3,387.68,5,4,2,11,忠实复购客户
17819.0,70,7,3704.87,3,5,5,13,高价值客户
17824.0,50,1,298.4,3,2,2,7,沉睡预警客户
17827.0,4,5,1995.46,5,4,4,13,高价值客户
17828.0,21,4,1820.09,4,4,4,12,高价值客户
17829.0,297,1,889.24,1,2,3,6,沉睡预警客户
17830.0,0,3,398.7,5,4,2,11,忠实复购客户
17831.0,32,1,35.400000000000006,3,2,1,6,沉睡预警客户
17832.0,48,1,155.37,3,2,1,6,沉睡预警客户
17835.0,1,3,350.64,5,4,2,11,忠实复购客户
17836.0,46,1,110.21,3,2,1,6,沉睡预警客户
17837.0,41,8,1593.38,3,5,4,12,高价值客户
17838.0,25,5,2779.3,4,4,5,13,高价值客户
17839.0,41,1,338.8,3,2,2,7,沉睡预警客户
17841.0,0,124,40991.57,5,5,5,15,高价值客户
17843.0,302,1,205.48,1,2,1,4,流失低价值客户
17844.0,105,1,51.56,2,2,1,5,流失低价值客户
17846.0,84,1,2033.1,2,2,4,8,沉睡预警客户
17848.0,80,9,901.2,2,5,3,10,忠实复购客户
17849.0,217,4,605.8000000000001,1,4,3,8,沉睡预警客户
17850.0,371,34,5391.21,1,5,5,11,忠实复购客户
17852.0,10,2,114.34,5,3,1,9,忠实复购客户
17854.0,184,2,311.26,1,3,2,6,沉睡预警客户
17855.0,371,1,208.97,1,2,1,4,流失低价值客户
17856.0,0,4,1418.03,5,4,4,13,高价值客户
17857.0,3,23,26879.04,5,5,5,15,高价值客户
17858.0,4,12,5155.66,5,5,5,15,高价值客户
17859.0,303,1,148.21,1,2,1,4,流失低价值客户
17860.0,367,1,252.8,1,2,2,5,流失低价值客户
17861.0,2,8,2100.8,5,5,5,15,高价值客户
17862.0,322,1,330.9,1,2,2,5,流失低价值客户
17863.0,58,6,3160.0,3,5,5,13,高价值客户
17864.0,11,3,597.5,5,4,3,12,高价值客户
17865.0,29,20,10526.32,4,5,5,14,高价值客户
17866.0,141,1,329.65,2,2,2,6,沉睡预警客户
17867.0,29,6,1197.1,4,5,4,13,高价值客户
17869.0,106,5,428.18,2,4,2,8,沉睡预警客户
17870.0,1,12,1894.35,5,5,4,14,高价值客户
17871.0,203,1,155.9,1,2,1,4,流失低价值客户
17873.0,79,5,1859.16,2,4,4,10,忠实复购客户
17874.0,184,6,683.46,1,5,3,9,忠实复购客户
17877.0,169,1,237.61,2,2,1,5,流失低价值客户
17878.0,42,1,379.45,3,2,2,7,沉睡预警客户
17879.0,172,1,178.51999999999998,2,2,1,5,流失低价值客户
17880.0,363,1,458.92,1,2,2,5,流失低价值客户
17881.0,303,1,133.35,1,2,1,4,流失低价值客户
17883.0,2,4,671.77,5,4,3,12,高价值客户
17884.0,2,4,717.45,5,4,3,12,高价值客户
17885.0,11,1,190.19,5,2,1,8,沉睡预警客户
17886.0,30,3,899.61,4,4,3,11,忠实复购客户
17887.0,128,1,111.35,2,2,1,5,流失低价值客户
17888.0,20,8,726.05,4,5,3,12,高价值客户
17889.0,211,2,203.87,1,3,1,5,流失低价值客户
17890.0,321,2,602.09,1,3,3,7,沉睡预警客户
17891.0,161,1,203.86,2,2,1,5,流失低价值客户
17892.0,55,3,244.1,3,4,1,8,沉睡预警客户
17893.0,224,1,112.25,1,2,1,4,流失低价值客户
17894.0,70,8,1119.81,3,5,4,12,高价值客户
17895.0,43,1,98.0,3,2,1,6,沉睡预警客户
17896.0,22,1,256.32,4,2,2,8,沉睡预警客户
17897.0,171,3,566.6,2,4,3,9,忠实复购客户
17898.0,84,2,152.06,2,3,1,6,沉睡预警客户
17899.0,158,1,155.79999999999998,2,2,1,5,流失低价值客户
17900.0,189,2,112.2,1,3,1,5,流失低价值客户
17901.0,28,1,110.38,4,2,1,7,沉睡预警客户
17904.0,20,1,191.67,4,2,1,7,沉睡预警客户
17905.0,70,4,800.24,3,4,3,10,忠实复购客户
17906.0,246,1,72.9,1,2,1,4,流失低价值客户
17908.0,372,1,243.28,1,2,1,4,流失低价值客户
17911.0,8,1,366.23,5,2,2,9,忠实复购客户
17912.0,309,5,311.01,1,4,2,7,沉睡预警客户
17913.0,57,2,411.6,3,3,2,8,沉睡预警客户
17914.0,2,1,336.43,5,2,2,9,忠实复购客户
17917.0,44,3,341.28,3,4,2,9,忠实复购客户
17919.0,87,1,1304.04,2,2,4,8,沉睡预警客户
17920.0,3,17,4204.1,5,5,5,15,高价值客户
17921.0,63,4,826.52,3,4,3,10,忠实复购客户
17923.0,281,1,207.50000000000003,1,2,1,4,流失低价值客户
17924.0,10,7,2962.5,5,5,5,15,高价值客户
17925.0,371,1,244.08,1,2,1,4,流失低价值客户
17926.0,132,2,397.29,2,3,2,7,沉睡预警客户
17928.0,44,2,212.54,3,3,1,7,沉睡预警客户
17929.0,10,4,843.0,5,4,3,12,高价值客户
17930.0,34,5,1740.48,3,4,4,11,忠实复购客户
17931.0,133,2,408.36,2,3,2,7,沉睡预警客户
17932.0,28,3,1331.57,4,4,4,12,高价值客户
17934.0,50,2,704.25,3,3,3,9,忠实复购客户
17935.0,137,2,145.79,2,3,1,6,沉睡预警客户
17936.0,4,1,389.84,5,2,2,9,忠实复购客户
17937.0,7,7,4301.22,5,5,5,15,高价值客户
17939.0,158,1,99.14,2,2,1,5,流失低价值客户
17940.0,48,10,4106.44,3,5,5,13,高价值客户
17941.0,129,1,304.56,2,2,2,6,沉睡预警客户
17942.0,6,1,77.50000000000001,5,2,1,8,沉睡预警客户
17946.0,232,2,149.57999999999998,1,3,1,5,流失低价值客户
17947.0,36,1,176.68,3,2,1,6,沉睡预警客户
17948.0,146,1,358.56000000000006,2,2,2,6,沉睡预警客户
17949.0,0,45,58510.48,5,5,5,15,高价值客户
17950.0,71,3,482.2,2,4,2,8,沉睡预警客户
17951.0,38,3,1008.54,3,4,4,11,忠实复购客户
17954.0,4,12,2332.72,5,5,5,15,高价值客户
17955.0,197,4,557.3,1,4,3,8,沉睡预警客户
17956.0,248,1,12.75,1,2,1,4,流失低价值客户
17957.0,65,1,111.68,3,2,1,6,沉睡预警客户
17958.0,115,1,508.46,2,2,3,7,沉睡预警客户
17960.0,170,1,73.78,2,2,1,5,流失低价值客户
17961.0,20,39,1296.44,4,5,4,13,高价值客户
17962.0,141,1,102.83,2,2,1,5,流失低价值客户
17964.0,30,2,471.7,4,3,2,9,忠实复购客户
17965.0,36,14,2622.57,3,5,5,13,高价值客户
17966.0,36,5,1098.43,3,4,4,11,忠实复购客户
17967.0,370,1,123.07,1,2,1,4,流失低价值客户
17968.0,372,1,277.35,1,2,2,5,流失低价值客户
17969.0,165,2,228.2,2,3,1,6,沉睡预警客户
17970.0,210,1,582.59,1,2,3,6,沉睡预警客户
17972.0,240,1,136.04,1,2,1,4,流失低价值客户
17973.0,50,1,337.04,3,2,2,7,沉睡预警客户
17974.0,23,3,740.79,4,4,3,11,忠实复购客户
17975.0,14,13,4488.81,4,5,5,14,高价值客户
17976.0,371,1,353.19,1,2,2,5,流失低价值客户
17977.0,28,1,288.14,4,2,2,8,沉睡预警客户
17978.0,364,1,300.92,1,2,2,5,流失低价值客户
17979.0,34,4,757.71,3,4,3,10,忠实复购客户
17980.0,164,3,811.45,2,4,3,9,忠实复购客户
17984.0,144,1,152.68,2,2,1,5,流失低价值客户
17985.0,21,1,634.95,4,2,3,9,忠实复购客户
17986.0,55,1,20.8,3,2,1,6,沉睡预警客户
17987.0,184,1,198.57,1,2,1,4,流失低价值客户
17988.0,10,7,201.12,5,5,1,11,忠实复购客户
17990.0,235,3,630.84,1,4,3,8,沉睡预警客户
17991.0,224,2,93.35,1,3,1,5,流失低价值客户
17994.0,120,4,678.49,2,4,3,9,忠实复购客户
17995.0,280,1,76.1,1,2,1,4,流失低价值客户
17997.0,73,8,1970.67,2,5,4,11,忠实复购客户
17999.0,36,2,382.06,3,3,2,8,沉睡预警客户
18001.0,11,2,417.23,5,3,2,10,忠实复购客户
18004.0,361,1,169.47,1,2,1,4,流失低价值客户
18005.0,2,2,249.72,5,3,1,9,忠实复购客户
18006.0,22,1,444.68,4,2,2,8,沉睡预警客户
18008.0,69,9,2116.19,3,5,5,13,高价值客户
18009.0,234,1,257.34,1,2,2,5,流失低价值客户
18010.0,255,1,174.8,1,2,1,4,流失低价值客户
18011.0,372,1,102.79,1,2,1,4,流失低价值客户
18013.0,154,2,187.29,2,3,1,6,沉睡预警客户
18014.0,27,1,166.42,4,2,1,7,沉睡预警客户
18015.0,3,1,120.03,5,2,1,8,沉睡预警客户
18016.0,31,5,1483.56,4,4,4,12,高价值客户
18017.0,80,3,523.0,2,4,3,9,忠实复购客户
18018.0,107,2,122.14,2,3,1,6,沉睡预警客户
18019.0,50,1,38.45,3,2,1,6,沉睡预警客户
18022.0,34,1,668.11,3,2,3,8,沉睡预警客户
18024.0,151,2,389.78,2,3,2,7,沉睡预警客户
18027.0,97,1,115.31,2,2,1,5,流失低价值客户
18030.0,3,2,230.65,5,3,1,9,忠实复购客户
18032.0,333,1,73.5,1,2,1,4,流失低价值客户
18033.0,64,1,97.97,3,2,1,6,沉睡预警客户
18034.0,20,2,422.88,4,3,2,9,忠实复购客户
18035.0,34,3,730.4,3,4,3,10,忠实复购客户
18036.0,31,3,405.62,4,4,2,10,忠实复购客户
18037.0,153,6,70.02,2,5,1,8,沉睡预警客户
18040.0,18,2,357.2,4,3,2,9,忠实复购客户
18041.0,10,21,4183.39,5,5,5,15,高价值客户
18042.0,52,1,165.04999999999998,3,2,1,6,沉睡预警客户
18043.0,23,3,559.51,4,4,3,11,忠实复购客户
18044.0,3,10,2088.6,5,5,5,15,高价值客户
18045.0,44,1,189.4,3,2,1,6,沉睡预警客户
18048.0,202,2,172.29,1,3,1,5,流失低价值客户
18050.0,358,1,74.4,1,2,1,4,流失低价值客户
18053.0,69,1,300.02,3,2,2,7,沉睡预警客户
18055.0,6,10,6784.1900000000005,5,5,5,15,高价值客户
18056.0,287,1,363.65,1,2,2,5,流失低价值客户
18058.0,8,1,170.16,5,2,1,8,沉睡预警客户
18059.0,22,3,306.46,4,4,2,10,忠实复购客户
18061.0,20,10,2119.41,4,5,5,14,高价值客户
18062.0,172,3,720.52,2,4,3,9,忠实复购客户
18064.0,132,2,814.0,2,3,3,8,沉睡预警客户
18065.0,4,14,2392.83,5,5,5,15,高价值客户
18066.0,74,1,318.0,2,2,2,6,沉睡预警客户
18067.0,39,1,396.33,3,2,2,7,沉睡预警客户
18068.0,288,1,101.7,1,2,1,4,流失低价值客户
18069.0,25,5,2036.67,4,4,4,12,高价值客户
18071.0,256,2,453.0,1,3,2,6,沉睡预警客户
18072.0,184,1,247.44,1,2,1,4,流失低价值客户
18073.0,113,12,3877.52,2,5,5,12,高价值客户
18074.0,372,1,489.6,1,2,2,5,流失低价值客户
18075.0,22,10,2611.75,4,5,5,14,高价值客户
18077.0,7,11,2633.01,5,5,5,15,高价值客户
18078.0,216,2,336.13,1,3,2,6,沉睡预警客户
18079.0,44,4,3651.97,3,4,5,12,高价值客户
18080.0,17,2,1231.5,4,3,4,11,忠实复购客户
18081.0,35,3,343.45,3,4,2,9,忠实复购客户
18082.0,24,1,703.37,4,2,3,9,忠实复购客户
18084.0,15,1,90.48,4,2,1,7,沉睡预警客户
18085.0,329,2,689.95,1,3,3,7,沉睡预警客户
18086.0,273,1,101.34,1,2,1,4,流失低价值客户
18087.0,97,2,4055.7199999999993,2,3,5,10,忠实复购客户
18088.0,60,1,167.67000000000002,3,2,1,6,沉睡预警客户
18092.0,1,11,9068.26,5,5,5,15,高价值客户
18093.0,92,4,2106.52,2,4,5,11,忠实复购客户
18094.0,80,7,3017.3,2,5,5,12,高价值客户
18095.0,311,2,580.0500000000001,1,3,3,7,沉睡预警客户
18096.0,10,3,911.15,5,4,3,12,高价值客户
18097.0,6,6,2697.8,5,5,5,15,高价值客户
18099.0,126,1,168.31,2,2,1,5,流失低价值客户
18101.0,10,2,223.65,5,3,1,9,忠实复购客户
18102.0,-1,60,259657.3,5,5,5,15,高价值客户
18104.0,36,1,754.64,3,2,3,8,沉睡预警客户
18105.0,36,1,113.48,3,2,1,6,沉睡预警客户
18106.0,328,1,430.7,1,2,2,5,流失低价值客户
18108.0,253,1,271.0,1,2,2,5,流失低价值客户
18109.0,0,26,8052.97,5,5,5,15,高价值客户
18110.0,18,1,236.3,4,2,1,7,沉睡预警客户
18112.0,11,2,352.69,5,3,2,10,忠实复购客户
18113.0,367,1,76.32000000000001,1,2,1,4,流失低价值客户
18114.0,289,1,220.1,1,2,1,4,流失低价值客户
18116.0,66,8,1418.03,3,5,4,12,高价值客户
18117.0,24,1,320.72,4,2,2,8,沉睡预警客户
18118.0,9,26,5653.82,5,5,5,15,高价值客户
18119.0,366,1,181.12,1,2,1,4,流失低价值客户
18120.0,213,1,111.15,1,2,1,4,流失低价值客户
18121.0,148,2,673.1,2,3,3,8,沉睡预警客户
18122.0,7,6,1826.21,5,5,4,14,高价值客户
18123.0,23,2,589.4399999999999,4,3,3,10,忠实复购客户
18125.0,28,4,1142.99,4,4,4,12,高价值客户
18126.0,59,1,206.83,3,2,1,6,沉睡预警客户
18127.0,18,3,348.73,4,4,2,10,忠实复购客户
18129.0,242,1,112.55,1,2,1,4,流失低价值客户
18130.0,14,3,1059.39,4,4,4,12,高价值客户
18133.0,211,1,931.5,1,2,3,6,沉睡预警客户
18135.0,28,5,681.9100000000001,4,4,3,11,忠实复购客户
18136.0,62,3,784.33,3,4,3,10,忠实复购客户
18138.0,294,1,152.65,1,2,1,4,流失低价值客户
18139.0,16,6,8438.34,4,5,5,14,高价值客户
18142.0,156,2,1019.52,2,3,4,9,忠实复购客户
18143.0,115,2,1000.16,2,3,4,9,忠实复购客户
18144.0,6,12,2888.75,5,5,5,15,高价值客户
18145.0,11,4,2861.55,5,4,5,14,高价值客户
18146.0,139,2,160.35000000000002,2,3,1,6,沉睡预警客户
18147.0,44,2,179.34,3,3,1,7,沉睡预警客户
18149.0,49,3,612.0799999999999,3,4,3,10,忠实复购客户
18150.0,31,3,566.58,4,4,3,11,忠实复购客户
18151.0,133,2,653.35,2,3,3,8,沉睡预警客户
18154.0,2,2,399.19,5,3,2,10,忠实复购客户
18155.0,74,3,371.62,2,4,2,8,沉睡预警客户
18156.0,11,2,734.94,5,3,3,11,忠实复购客户
18158.0,8,2,453.4,5,3,2,10,忠实复购客户
18159.0,300,1,530.15,1,2,3,6,沉睡预警客户
18160.0,56,2,638.0600000000001,3,3,3,9,忠实复购客户
18161.0,14,5,1618.69,4,4,4,12,高价值客户
18164.0,36,1,399.65,3,2,2,7,沉睡预警客户
18165.0,176,1,302.46000000000004,2,2,2,6,沉睡预警客户
18167.0,22,3,1384.86,4,4,4,12,高价值客户
18168.0,175,6,1169.94,2,5,4,11,忠实复购客户
18169.0,59,1,202.65,3,2,1,6,沉睡预警客户
18170.0,32,3,980.31,3,4,4,11,忠实复购客户
18171.0,57,5,1231.31,3,4,4,11,忠实复购客户
18172.0,13,20,7561.68,4,5,5,14,高价值客户
18173.0,85,4,2106.84,2,4,5,11,忠实复购客户
18174.0,6,1,104.0,5,2,1,8,沉睡预警客户
18176.0,357,1,476.35,1,2,2,5,流失低价值客户
18177.0,30,6,1341.42,4,5,4,13,高价值客户
18178.0,127,4,1590.81,2,4,4,10,忠实复购客户
18179.0,8,6,1793.17,5,5,4,14,高价值客户
18180.0,3,6,1843.75,5,5,4,14,高价值客户
18181.0,23,1,382.8,4,2,2,8,沉睡预警客户
18183.0,226,2,632.07,1,3,3,7,沉睡预警客户
18184.0,14,1,49.8,4,2,1,7,沉睡预警客户
18185.0,248,1,304.25,1,2,2,5,流失低价值客户
18188.0,14,3,2001.04,4,4,4,12,高价值客户
18189.0,76,2,1090.24,2,3,4,9,忠实复购客户
18190.0,191,2,284.46000000000004,1,3,2,6,沉睡预警客户
18191.0,260,1,207.8,1,2,1,4,流失低价值客户
18192.0,70,1,957.97,3,2,4,9,忠实复购客户
18193.0,164,1,243.76,2,2,1,5,流失低价值客户
18194.0,81,1,973.84,2,2,4,8,沉睡预警客户
18196.0,94,2,689.13,2,3,3,8,沉睡预警客户
18198.0,3,17,5425.56,5,5,5,15,高价值客户
18200.0,105,1,163.8,2,2,1,5,流失低价值客户
18202.0,198,3,1396.99,1,4,4,9,忠实复购客户
18203.0,156,1,160.42,2,2,1,5,流失低价值客户
18204.0,70,3,1993.7,3,4,4,11,忠实复购客户
18205.0,35,2,517.36,3,3,3,9,忠实复购客户
18209.0,27,1,139.10000000000002,4,2,1,7,沉睡预警客户
18210.0,0,6,2621.38,5,5,5,15,高价值客户
18211.0,24,5,600.07,4,4,3,11,忠实复购客户
18212.0,325,1,248.42,1,2,1,4,流失低价值客户
18213.0,235,1,232.48,1,2,1,4,流失低价值客户
18215.0,88,1,299.34000000000003,2,2,2,6,沉睡预警客户
18216.0,30,1,481.75,4,2,2,8,沉睡预警客户
18217.0,28,2,621.75,4,3,3,10,忠实复购客户
18218.0,210,2,662.08,1,3,3,7,沉睡预警客户
18219.0,1,10,2069.77,5,5,5,15,高价值客户
18220.0,225,1,305.28000000000003,1,2,2,5,流失低价值客户
18221.0,21,5,1041.61,4,4,4,12,高价值客户
18222.0,91,1,443.0,2,2,2,6,沉睡预警客户
18223.0,3,14,6484.54,5,5,5,15,高价值客户
18224.0,262,1,158.95000000000002,1,2,1,4,流失低价值客户
18225.0,2,12,5509.12,5,5,5,15,高价值客户
18226.0,43,11,5228.05,3,5,5,13,高价值客户
18227.0,216,1,93.75,1,2,1,4,流失低价值客户
18228.0,55,2,779.9,3,3,3,9,忠实复购客户
18229.0,10,20,7276.9,5,5,5,15,高价值客户
18230.0,8,7,2810.2000000000003,5,5,5,15,高价值客户
18231.0,191,5,2083.27,1,4,5,10,忠实复购客户
18232.0,80,4,592.97,2,4,3,9,忠实复购客户
18233.0,324,1,440.0,1,2,2,5,流失低价值客户
18235.0,70,3,1796.48,3,4,4,11,忠实复购客户
18236.0,28,6,882.24,4,5,3,12,高价值客户
18237.0,1,5,987.1,5,4,4,13,高价值客户
18239.0,217,5,1561.61,1,4,4,9,忠实复购客户
18240.0,45,1,422.58,3,2,2,7,沉睡预警客户
18241.0,8,17,2073.09,5,5,5,15,高价值客户
18242.0,71,4,2232.49,2,4,5,11,忠实复购客户
18245.0,6,7,2567.06,5,5,5,15,高价值客户
18246.0,22,2,596.1,4,3,3,10,忠实复购客户
18248.0,121,2,804.02,2,3,3,8,沉睡预警客户
18249.0,16,1,95.34,4,2,1,7,沉睡预警客户
18250.0,309,1,349.27,1,2,2,5,流失低价值客户
18251.0,86,1,4314.72,2,2,5,9,忠实复购客户
18252.0,49,2,526.67,3,3,3,9,忠实复购客户
18255.0,88,1,103.3,2,2,1,5,流失低价值客户
18257.0,38,8,2337.63,3,5,5,13,高价值客户
18259.0,23,3,2338.6000000000004,4,4,5,13,高价值客户
18260.0,171,6,2643.2000000000003,2,5,5,12,高价值客户
18261.0,42,2,324.24,3,3,2,8,沉睡预警客户
18262.0,139,1,149.48,2,2,1,5,流失低价值客户
18263.0,24,3,1213.16,4,4,4,12,高价值客户
18265.0,71,2,801.51,2,3,3,8,沉睡预警客户
18268.0,133,1,25.5,2,2,1,5,流失低价值客户
18269.0,365,1,168.6,1,2,1,4,流失低价值客户
18270.0,37,2,283.15000000000003,3,3,2,8,沉睡预警客户
18272.0,1,6,3078.58,5,5,5,15,高价值客户
18273.0,1,3,204.0,5,4,1,10,忠实复购客户
18274.0,29,1,175.92,4,2,1,7,沉睡预警客户
18276.0,42,1,335.86,3,2,2,7,沉睡预警客户
18277.0,57,1,110.38,3,2,1,6,沉睡预警客户
18278.0,72,1,173.9,2,2,1,5,流失低价值客户
18280.0,276,1,180.6,1,2,1,4,流失低价值客户
18281.0,179,1,80.82,1,2,1,4,流失低价值客户
18282.0,6,2,178.05,5,3,1,9,忠实复购客户
18283.0,2,16,2094.88,5,5,5,15,高价值客户
18287.0,41,3,1837.28,3,4,4,11,忠实复购客户
