CustomerID,first_buy,last_buy,F_freq,M_money
12346.0,2011-01-18 10:01:00,2011-01-18 10:01:00,1,77183.6
12347.0,2010-12-07 14:57:00,2011-12-07 15:52:00,7,4310.0
12348.0,2010-12-16 19:09:00,2011-09-25 13:13:00,4,1797.24
12349.0,2011-11-21 09:51:00,2011-11-21 09:51:00,1,1757.55
12350.0,2011-02-02 16:01:00,2011-02-02 16:01:00,1,334.4
12352.0,2011-02-16 12:33:00,2011-11-03 14:37:00,8,2506.04
12353.0,2011-05-19 17:47:00,2011-05-19 17:47:00,1,89.0
12354.0,2011-04-21 13:11:00,2011-04-21 13:11:00,1,1079.4
12355.0,2011-05-09 13:49:00,2011-05-09 13:49:00,1,459.4
12356.0,2011-01-18 09:50:00,2011-11-17 08:40:00,3,2811.43
12357.0,2011-11-06 16:07:00,2011-11-06 16:07:00,1,6207.67
12358.0,2011-07-12 10:04:00,2011-12-08 10:26:00,2,1168.0600000000002
12359.0,2011-01-12 12:43:00,2011-10-13 12:47:00,4,6372.58
12360.0,2011-05-23 09:43:00,2011-10-18 15:22:00,3,2662.06
12361.0,2011-02-25 13:51:00,2011-02-25 13:51:00,1,189.9
12362.0,2011-02-17 10:30:00,2011-12-06 15:40:00,10,5226.23
12363.0,2011-04-11 13:29:00,2011-08-22 10:18:00,2,552.0
12364.0,2011-08-19 15:24:00,2011-12-02 10:22:00,4,1313.1
12365.0,2011-02-21 13:51:00,2011-02-21 14:04:00,2,641.38
12367.0,2011-12-05 16:48:00,2011-12-05 16:48:00,1,168.9
12370.0,2010-12-14 12:58:00,2011-10-19 14:51:00,4,3545.69
12371.0,2011-10-11 10:43:00,2011-10-26 10:16:00,2,1887.96
12372.0,2011-02-16 12:46:00,2011-09-29 12:12:00,3,1298.04
12373.0,2011-02-01 13:10:00,2011-02-01 13:10:00,1,364.6
12374.0,2011-11-14 15:37:00,2011-11-14 15:37:00,1,742.9300000000001
12375.0,2011-09-02 14:23:00,2011-11-29 10:36:00,2,457.5
12377.0,2010-12-20 09:37:00,2011-01-28 15:45:00,2,1628.12
12378.0,2011-08-02 10:34:00,2011-08-02 10:34:00,1,4008.62
12379.0,2011-06-22 16:32:00,2011-09-19 10:09:00,2,852.24
12380.0,2011-06-07 09:49:00,2011-11-18 11:27:00,4,2724.81
12381.0,2011-08-12 09:57:00,2011-12-05 12:44:00,5,1845.31
12383.0,2010-12-22 14:28:00,2011-06-08 08:02:00,5,1850.56
12384.0,2011-08-10 11:23:00,2011-11-11 08:39:00,2,585.27
12386.0,2010-12-08 09:53:00,2011-01-06 12:37:00,2,401.9
12388.0,2011-01-17 11:12:00,2011-11-24 12:30:00,6,2780.6600000000003
12390.0,2011-09-21 09:33:00,2011-09-21 09:33:00,1,549.84
12391.0,2011-11-18 12:07:00,2011-11-18 12:07:00,1,460.89
12393.0,2011-01-11 09:47:00,2011-09-28 15:41:00,4,1582.6000000000001
12394.0,2011-05-06 14:01:00,2011-10-07 08:08:00,2,1272.48
12395.0,2010-12-03 16:35:00,2011-11-20 15:21:00,12,3018.63
12397.0,2011-07-27 14:21:00,2011-11-04 09:52:00,2,2409.9
12398.0,2011-10-25 10:27:00,2011-10-25 10:27:00,1,1635.66
12399.0,2011-03-23 09:42:00,2011-08-12 13:15:00,4,1108.65
12401.0,2011-02-09 13:50:00,2011-02-09 13:50:00,1,84.3
12402.0,2011-01-20 13:49:00,2011-01-20 13:49:00,1,225.6
12403.0,2011-10-21 10:51:00,2011-10-21 10:51:00,1,427.7
12405.0,2011-07-14 08:52:00,2011-07-14 08:52:00,1,1710.39
12406.0,2011-06-09 10:23:00,2011-11-17 19:22:00,2,3415.3
12407.0,2011-03-20 13:21:00,2011-10-21 10:11:00,5,1708.12
12408.0,2011-03-24 14:46:00,2011-11-07 12:27:00,5,2888.55
12409.0,2011-06-10 12:19:00,2011-09-22 10:38:00,3,11072.67
12410.0,2011-02-04 10:38:00,2011-02-04 10:39:00,2,693.33
12412.0,2011-06-23 13:51:00,2011-09-26 10:16:00,3,1226.88
12413.0,2011-01-06 16:12:00,2011-10-04 09:00:00,3,758.1
12414.0,2011-02-02 14:51:00,2011-05-06 14:51:00,3,562.41
12415.0,2011-01-06 11:12:00,2011-11-15 14:22:00,21,124914.53
12417.0,2010-12-17 11:51:00,2011-12-06 14:52:00,9,3649.1
12418.0,2011-08-19 11:08:00,2011-08-19 11:08:00,1,668.58
12420.0,2011-10-07 08:55:00,2011-10-07 08:55:00,1,600.39
12421.0,2011-01-24 15:09:00,2011-11-24 09:07:00,4,807.04
12422.0,2011-01-19 09:13:00,2011-09-05 09:48:00,3,803.5600000000001
12423.0,2010-12-21 10:54:00,2011-12-09 10:10:00,8,1859.31
12424.0,2011-06-30 12:06:00,2011-06-30 12:06:00,2,1760.96
12425.0,2011-09-22 17:31:00,2011-09-22 17:31:00,1,777.2
12426.0,2011-05-29 12:26:00,2011-05-29 12:26:00,1,582.73
12427.0,2010-12-03 10:44:00,2011-11-18 08:56:00,3,825.8
12428.0,2011-03-01 09:33:00,2011-11-14 08:22:00,9,7956.46
12429.0,2010-12-09 12:05:00,2011-11-30 17:22:00,4,3750.4
12430.0,2011-10-27 15:09:00,2011-10-27 15:09:00,1,256.4
12431.0,2010-12-01 10:03:00,2011-11-04 11:55:00,15,6487.45
12432.0,2011-06-20 13:27:00,2011-10-28 11:43:00,5,5059.32
12433.0,2010-12-01 13:24:00,2011-12-09 10:02:00,7,13375.87
12434.0,2011-03-24 13:05:00,2011-09-16 12:38:00,2,806.14
12435.0,2011-03-17 07:40:00,2011-09-21 09:06:00,2,7829.89
12436.0,2011-09-01 12:09:00,2011-09-01 12:09:00,1,509.01000000000005
12437.0,2011-01-12 14:13:00,2011-12-08 11:35:00,18,4951.41
12438.0,2011-07-22 13:29:00,2011-11-25 13:28:00,2,2906.85
12441.0,2010-12-08 10:45:00,2010-12-08 10:45:00,1,173.55
12442.0,2011-12-06 14:22:00,2011-12-06 14:22:00,1,172.06
12444.0,2011-06-21 14:00:00,2011-11-18 13:23:00,5,5005.46
12445.0,2011-11-17 18:43:00,2011-11-17 18:43:00,1,133.4
12446.0,2011-10-13 12:50:00,2011-10-13 12:50:00,1,1002.3100000000001
12447.0,2011-04-10 13:25:00,2011-04-10 13:25:00,1,476.49
12448.0,2011-10-26 13:46:00,2011-10-26 13:46:00,1,449.45
12449.0,2011-06-05 15:37:00,2011-11-17 13:46:00,4,4067.29
12450.0,2011-06-19 14:36:00,2011-07-06 14:41:00,2,197.88
12451.0,2011-01-19 09:05:00,2011-11-29 08:40:00,5,9035.52
12452.0,2011-11-23 08:05:00,2011-11-23 10:28:00,2,430.57
12453.0,2011-07-28 14:08:00,2011-07-28 14:08:00,1,707.09
12454.0,2011-10-14 17:13:00,2011-10-14 17:13:00,1,3528.34
12455.0,2011-02-16 09:56:00,2011-09-27 15:31:00,6,2466.86
12456.0,2011-03-30 09:12:00,2011-10-26 14:41:00,3,3181.04
12457.0,2011-04-14 18:57:00,2011-10-04 13:13:00,7,2363.23
12458.0,2011-02-28 10:55:00,2011-09-29 15:25:00,2,947.4
12461.0,2011-07-08 10:23:00,2011-09-06 16:57:00,2,826.88
12462.0,2011-02-09 14:44:00,2011-11-21 09:11:00,2,1189.59
12463.0,2011-04-12 12:47:00,2011-10-17 13:44:00,4,1344.78
12464.0,2011-02-03 13:30:00,2011-11-29 13:33:00,8,1212.05
12465.0,2011-06-23 13:37:00,2011-11-22 16:34:00,2,742.1899999999999
12468.0,2011-01-27 13:29:00,2011-06-05 11:36:00,2,729.5400000000001
12471.0,2010-12-10 09:35:00,2011-12-07 15:43:00,30,19824.05
12472.0,2010-12-05 14:19:00,2011-11-07 14:01:00,7,6572.11
12473.0,2011-06-01 10:15:00,2011-11-10 13:46:00,5,3938.55
12474.0,2011-01-14 10:06:00,2011-11-22 14:39:00,18,7375.79
12475.0,2011-10-17 10:10:00,2011-10-17 10:10:00,1,723.38
12476.0,2010-12-13 14:39:00,2011-11-24 12:40:00,11,6816.42
12477.0,2011-02-11 12:45:00,2011-11-17 09:51:00,6,13219.74
12478.0,2011-12-06 09:56:00,2011-12-06 09:56:00,1,680.99
12479.0,2011-11-28 13:26:00,2011-11-28 13:26:00,1,527.2
12480.0,2011-01-07 15:27:00,2011-11-11 14:52:00,4,3281.63
12481.0,2010-12-09 10:13:00,2011-11-17 08:29:00,10,5596.32
12483.0,2011-01-04 14:20:00,2011-11-22 17:02:00,8,2484.98
12484.0,2011-01-07 14:04:00,2011-11-07 11:37:00,6,4541.72
12488.0,2011-09-25 10:34:00,2011-11-30 08:50:00,3,1298.66
12489.0,2011-01-07 13:13:00,2011-01-07 13:13:00,1,334.93
12490.0,2011-01-14 09:13:00,2011-12-04 16:07:00,10,5417.93
12491.0,2011-11-01 12:18:00,2011-11-01 12:18:00,1,460.40000000000003
12492.0,2011-08-26 14:51:00,2011-10-07 15:15:00,2,263.21000000000004
12493.0,2011-05-26 14:53:00,2011-06-27 10:17:00,2,433.74
12494.0,2010-12-09 11:31:00,2011-11-24 09:34:00,7,1246.1000000000001
12497.0,2011-09-19 12:29:00,2011-09-19 12:29:00,1,1043.1
12498.0,2011-10-13 09:30:00,2011-11-18 12:53:00,3,403.70000000000005
12500.0,2011-01-10 09:48:00,2011-11-16 16:20:00,11,4257.82
12501.0,2011-01-07 12:28:00,2011-01-07 12:28:00,1,2169.39
12502.0,2011-02-03 10:41:00,2011-09-05 11:52:00,5,3723.87
12504.0,2011-11-09 14:56:00,2011-11-21 16:02:00,2,482.04999999999995
12506.0,2011-04-21 08:54:00,2011-04-21 08:54:00,1,73.5
12507.0,2011-02-14 09:24:00,2011-07-28 17:09:00,3,1304.81
12508.0,2011-11-10 16:27:00,2011-11-13 15:37:00,2,398.27
12509.0,2011-02-28 14:45:00,2011-02-28 14:45:00,1,176.5
12510.0,2011-01-18 14:04:00,2011-07-20 10:15:00,2,982.5699999999999
12512.0,2011-10-04 14:53:00,2011-10-04 14:55:00,2,138.03
12513.0,2011-08-19 10:51:00,2011-08-19 10:51:00,1,612.29
12514.0,2011-03-17 16:38:00,2011-03-17 16:38:00,1,1017.68
12515.0,2010-12-21 15:43:00,2010-12-21 15:43:00,1,383.7
12516.0,2011-06-12 11:37:00,2011-09-23 09:13:00,2,1312.06
12517.0,2011-06-02 15:13:00,2011-11-11 14:04:00,5,2502.84
12518.0,2011-08-21 13:18:00,2011-12-09 10:13:00,5,2056.89
12519.0,2011-10-07 09:26:00,2011-10-07 09:26:00,1,340.84
12520.0,2011-03-11 11:35:00,2011-09-21 15:23:00,5,2634.26
12521.0,2011-07-20 10:51:00,2011-07-20 10:51:00,1,599.68
12522.0,2011-10-19 14:41:00,2011-10-31 15:30:00,2,192.72
12523.0,2011-01-12 09:43:00,2011-11-20 12:55:00,11,1789.77
12524.0,2011-01-10 10:35:00,2011-11-30 15:31:00,8,4485.72
12526.0,2011-09-06 14:19:00,2011-12-09 12:09:00,3,1316.66
12527.0,2011-01-18 12:05:00,2011-09-19 11:55:00,3,348.71000000000004
12528.0,2011-01-31 09:05:00,2011-11-30 14:40:00,6,1933.48
12530.0,2011-01-07 10:04:00,2011-10-11 12:34:00,4,1662.28
12531.0,2011-11-25 11:12:00,2011-11-25 11:12:00,1,125.22
12532.0,2011-11-09 13:47:00,2011-11-09 13:47:00,1,349.83000000000004
12534.0,2011-08-01 10:26:00,2011-08-01 10:26:00,1,1089.18
12535.0,2011-06-06 12:47:00,2011-09-09 08:48:00,2,716.35
12536.0,2011-10-11 14:52:00,2011-10-27 14:20:00,3,12601.83
12538.0,2011-11-10 17:16:00,2011-11-10 17:16:00,1,363.95
12539.0,2011-01-10 09:11:00,2011-11-17 13:30:00,4,5568.35
12540.0,2010-12-13 09:39:00,2011-11-20 11:31:00,17,13400.24
12541.0,2011-03-04 09:32:00,2011-11-10 10:40:00,3,981.18
12544.0,2011-11-03 16:15:00,2011-11-03 16:15:00,1,372.7
12545.0,2011-03-25 12:04:00,2011-09-25 13:39:00,2,1000.39
12546.0,2011-09-23 09:44:00,2011-10-24 12:09:00,2,1161.5
12547.0,2011-03-04 12:46:00,2011-05-26 12:38:00,2,207.79999999999998
12548.0,2011-06-26 15:35:00,2011-06-26 15:35:00,1,95.19999999999999
12550.0,2011-09-21 14:35:00,2011-09-21 14:35:00,1,964.83
12551.0,2010-12-17 11:23:00,2010-12-17 11:23:00,1,168.0
12552.0,2011-10-31 12:11:00,2011-11-01 10:02:00,2,437.82
12553.0,2011-01-14 10:42:00,2011-12-01 16:38:00,10,3692.28
12556.0,2011-07-11 13:35:00,2011-10-20 13:06:00,2,603.71
12557.0,2010-12-03 12:20:00,2011-11-23 16:59:00,5,11990.960000000001
12558.0,2011-12-02 10:41:00,2011-12-02 10:41:00,1,269.96
12559.0,2011-01-24 10:12:00,2011-02-02 09:49:00,2,561.71
12560.0,2011-07-19 15:55:00,2011-12-04 13:54:00,3,2134.01
12561.0,2011-02-10 11:39:00,2011-02-10 11:39:00,1,238.85
12562.0,2011-05-25 12:44:00,2011-12-01 17:20:00,7,3781.7400000000002
12564.0,2011-03-23 14:55:00,2011-03-23 14:55:00,1,456.9
12565.0,2011-02-24 10:34:00,2011-02-24 10:34:00,1,145.92
12566.0,2011-09-14 14:30:00,2011-09-14 14:30:00,1,351.65
12567.0,2010-12-05 11:57:00,2011-11-17 11:02:00,10,9401.28
12569.0,2011-04-01 13:47:00,2011-12-07 16:24:00,32,4124.69
12571.0,2011-08-10 12:35:00,2011-10-31 10:19:00,2,519.61
12572.0,2011-10-19 08:20:00,2011-12-01 09:20:00,2,1020.42
12573.0,2011-04-26 15:52:00,2011-04-26 15:52:00,1,160.54
12574.0,2011-01-28 09:20:00,2011-01-28 09:20:00,1,218.45000000000002
12576.0,2011-02-08 11:31:00,2011-11-04 10:11:00,5,1315.83
12577.0,2010-12-15 16:21:00,2011-11-04 13:24:00,3,657.8
12578.0,2011-01-13 15:34:00,2011-11-18 13:30:00,2,2794.51
12579.0,2011-09-22 17:15:00,2011-09-22 17:15:00,1,440.42
12580.0,2011-04-07 10:24:00,2011-04-07 10:24:00,1,415.7
12581.0,2011-10-31 08:56:00,2011-10-31 08:56:00,1,197.71
12582.0,2011-02-24 11:42:00,2011-04-15 08:45:00,2,511.36
12583.0,2010-12-01 08:45:00,2011-12-07 08:07:00,15,7281.38
12584.0,2011-03-04 15:15:00,2011-12-06 09:35:00,9,2338.15
12585.0,2010-12-23 12:58:00,2011-04-19 13:39:00,2,2040.1
12586.0,2011-11-22 16:24:00,2011-11-22 16:24:00,1,196.94000000000003
12587.0,2011-12-02 12:47:00,2011-12-02 12:47:00,1,144.0
12588.0,2011-10-31 15:01:00,2011-10-31 15:01:00,1,214.89999999999998
12589.0,2011-07-18 12:05:00,2011-11-11 10:19:00,2,646.68
12590.0,2011-05-12 14:46:00,2011-05-12 14:52:00,2,9864.26
12591.0,2011-01-26 14:35:00,2011-01-26 14:35:00,1,452.85
12592.0,2011-05-10 13:44:00,2011-09-08 15:04:00,2,437.6
12593.0,2011-05-05 09:29:00,2011-08-23 12:43:00,3,418.09999999999997
12594.0,2011-01-21 09:52:00,2011-11-02 12:20:00,10,3338.2200000000003
12596.0,2011-04-11 13:22:00,2011-10-19 13:02:00,2,618.27
12597.0,2011-03-16 14:00:00,2011-11-20 13:33:00,4,3811.22
12598.0,2011-02-28 11:58:00,2011-11-30 12:18:00,8,3023.08
12599.0,2011-02-08 13:28:00,2011-11-10 13:34:00,7,1032.58
12600.0,2010-12-03 12:57:00,2011-11-11 10:29:00,10,2599.04
12601.0,2011-01-11 10:38:00,2011-06-03 10:17:00,5,577.0600000000001
12602.0,2011-10-12 11:22:00,2011-10-12 11:22:00,1,153.12
12603.0,2011-11-18 10:42:00,2011-11-18 10:42:00,1,739.1999999999999
12604.0,2011-03-23 12:06:00,2011-09-21 14:08:00,2,254.18
12607.0,2011-10-10 16:06:00,2011-10-10 16:06:00,1,1579.51
12609.0,2011-01-25 15:13:00,2011-09-22 16:34:00,3,1126.85
12610.0,2011-08-05 13:52:00,2011-11-17 09:34:00,5,2099.54
12611.0,2011-10-18 13:12:00,2011-10-18 13:12:00,1,1193.32
12612.0,2011-09-26 15:35:00,2011-09-26 15:35:00,1,704.0400000000001
12613.0,2011-03-22 15:42:00,2011-10-13 14:59:00,5,3344.38
12614.0,2011-03-07 10:22:00,2011-03-07 10:22:00,1,315.6
12615.0,2011-06-24 13:35:00,2011-12-07 15:02:00,4,2291.19
12616.0,2011-02-15 14:17:00,2011-09-05 15:17:00,2,713.3
12617.0,2011-11-10 14:39:00,2011-11-10 14:39:00,1,355.53
12618.0,2011-11-18 11:10:00,2011-11-18 11:10:00,1,177.31
12619.0,2011-03-31 13:10:00,2011-11-23 14:52:00,9,3641.24
12620.0,2011-05-19 12:10:00,2011-11-25 10:20:00,3,1339.41
12621.0,2010-12-09 10:16:00,2011-12-08 11:25:00,20,13689.67
12622.0,2011-04-21 16:39:00,2011-04-21 16:39:00,1,180.1
12623.0,2011-03-08 13:50:00,2011-03-08 13:50:00,1,305.1
12624.0,2011-06-15 12:34:00,2011-08-25 15:04:00,2,641.13
12625.0,2011-01-24 13:27:00,2011-05-12 09:54:00,2,2683.82
12626.0,2011-01-17 11:01:00,2011-11-16 16:06:00,9,6620.48
12627.0,2011-07-22 13:59:00,2011-11-29 12:07:00,7,4478.53
12628.0,2011-10-06 09:28:00,2011-12-05 13:15:00,3,786.46
12630.0,2011-10-27 10:41:00,2011-11-30 10:48:00,2,1270.88
12631.0,2011-10-13 13:53:00,2011-10-13 13:53:00,1,640.5
12633.0,2011-02-25 08:44:00,2011-10-12 11:40:00,4,2163.98
12635.0,2011-07-08 08:43:00,2011-09-11 11:04:00,2,1689.18
12637.0,2011-01-20 10:47:00,2011-10-03 13:46:00,8,6021.9
12638.0,2011-11-06 13:11:00,2011-11-06 13:11:00,1,671.69
12639.0,2011-04-15 12:48:00,2011-04-15 12:48:00,1,486.1
12640.0,2011-09-19 12:01:00,2011-11-16 11:52:00,3,1174.58
12641.0,2011-08-16 13:26:00,2011-08-16 13:26:00,1,185.9
12642.0,2011-08-24 09:23:00,2011-11-14 15:03:00,3,1013.26
12643.0,2011-01-11 11:48:00,2011-08-03 12:56:00,6,3344.64
12644.0,2011-08-02 10:33:00,2011-08-02 10:33:00,1,477.91
12645.0,2011-01-27 13:08:00,2011-11-06 12:38:00,4,1775.18
12646.0,2011-10-21 12:52:00,2011-12-05 10:14:00,2,1346.97
12647.0,2010-12-05 14:02:00,2011-11-17 12:56:00,12,3722.82
12648.0,2011-07-08 11:55:00,2011-07-08 11:55:00,1,318.05
12649.0,2011-05-11 14:37:00,2011-08-24 14:41:00,3,623.51
12650.0,2011-12-06 16:34:00,2011-12-06 16:34:00,1,314.44
12651.0,2011-01-09 12:46:00,2011-01-09 12:46:00,1,114.0
12652.0,2011-01-12 15:00:00,2011-01-12 15:00:00,1,919.98
12653.0,2011-02-16 10:53:00,2011-07-14 10:41:00,2,2209.85
12654.0,2011-02-17 13:16:00,2011-11-29 10:10:00,5,601.98
12656.0,2011-04-20 09:20:00,2011-11-22 13:42:00,5,4051.17
12657.0,2011-09-22 11:40:00,2011-11-28 15:47:00,4,1643.18
12658.0,2011-11-21 10:22:00,2011-11-21 10:22:00,1,686.05
12659.0,2011-11-10 11:53:00,2011-11-10 11:53:00,1,91.68
12660.0,2011-11-28 13:26:00,2011-11-28 13:26:00,1,245.1
12662.0,2010-12-01 13:04:00,2011-12-09 11:59:00,11,3849.78
12664.0,2011-01-21 11:42:00,2011-12-01 17:07:00,9,4881.88
12665.0,2011-01-19 08:34:00,2011-01-19 08:34:00,1,63.0
12667.0,2011-10-12 17:00:00,2011-10-12 17:00:00,1,620.13
12668.0,2010-12-19 12:46:00,2011-11-28 10:56:00,4,3807.15
12669.0,2011-03-28 10:15:00,2011-07-12 09:54:00,3,2744.0299999999997
12670.0,2011-04-21 10:16:00,2011-11-29 15:23:00,5,2996.05
12672.0,2011-01-14 09:20:00,2011-01-14 09:20:00,1,225.9
12673.0,2011-01-17 11:46:00,2011-12-04 13:55:00,2,610.52
12674.0,2011-05-16 09:10:00,2011-11-01 12:12:00,4,1970.6
12676.0,2011-02-01 15:41:00,2011-11-15 12:25:00,6,1331.39
12678.0,2010-12-21 11:00:00,2011-10-28 13:04:00,12,17628.46
12679.0,2011-03-01 12:26:00,2011-10-12 12:30:00,4,1113.02
12680.0,2011-08-18 15:44:00,2011-12-09 12:50:00,4,862.81
12681.0,2010-12-07 10:08:00,2011-11-25 11:33:00,22,13787.54
12682.0,2010-12-03 13:59:00,2011-12-06 10:00:00,31,12288.22
12683.0,2010-12-09 10:37:00,2011-12-05 16:31:00,15,8476.57
12684.0,2011-05-10 12:55:00,2011-12-02 09:53:00,7,2283.63
12685.0,2011-09-07 10:28:00,2011-11-11 13:46:00,6,2863.08
12686.0,2010-12-03 09:51:00,2010-12-03 09:51:00,1,89.14
12688.0,2011-08-18 08:49:00,2011-08-18 08:49:00,1,4873.81
12689.0,2011-08-04 10:04:00,2011-11-14 08:31:00,2,1247.61
12690.0,2011-05-18 09:09:00,2011-05-18 09:09:00,1,389.01
12691.0,2010-12-17 14:46:00,2011-11-11 16:49:00,6,1035.8
12693.0,2011-01-24 12:58:00,2011-08-04 17:51:00,4,855.91
12694.0,2011-06-09 17:48:00,2011-09-30 13:06:00,2,869.67
12695.0,2011-05-13 13:15:00,2011-12-02 13:22:00,4,582.1
12697.0,2011-06-23 15:44:00,2011-11-11 08:47:00,3,957.59
12700.0,2011-05-08 16:10:00,2011-12-02 10:47:00,4,4939.99
12701.0,2011-04-11 13:02:00,2011-09-21 10:47:00,2,797.71
12702.0,2011-11-20 10:36:00,2011-11-20 10:36:00,1,219.0
12703.0,2011-09-29 17:52:00,2011-09-29 17:52:00,1,283.55
12704.0,2011-06-23 10:20:00,2011-12-02 13:15:00,8,2340.84
12705.0,2010-12-17 15:58:00,2011-11-24 13:17:00,9,6868.29
12707.0,2011-02-21 08:38:00,2011-02-21 08:38:00,1,603.42
12708.0,2010-12-06 10:43:00,2011-11-10 09:52:00,10,2712.91
12709.0,2010-12-08 09:49:00,2011-11-24 15:38:00,15,9736.52
12710.0,2011-05-22 14:05:00,2011-09-04 12:00:00,3,1149.02
12712.0,2010-12-03 14:30:00,2011-11-11 08:19:00,13,4396.13
12713.0,2011-12-09 12:16:00,2011-12-09 12:16:00,1,848.55
12714.0,2011-02-18 10:53:00,2011-11-30 15:43:00,5,4708.86
12715.0,2011-08-25 15:22:00,2011-08-25 15:22:00,1,353.86
12716.0,2011-07-29 13:28:00,2011-12-06 08:55:00,2,1053.49
12717.0,2011-04-08 10:32:00,2011-07-11 14:47:00,2,1030.98
12718.0,2011-09-29 16:38:00,2011-09-29 16:38:00,1,238.25
12719.0,2011-10-05 14:50:00,2011-12-04 13:45:00,2,644.95
12720.0,2010-12-05 15:21:00,2011-12-07 08:03:00,25,5781.7300000000005
12721.0,2010-12-20 11:38:00,2011-11-08 12:13:00,6,2656.13
12722.0,2011-07-12 11:55:00,2011-09-15 14:50:00,4,997.63
12723.0,2011-10-05 15:52:00,2011-12-06 10:19:00,5,725.07
12724.0,2011-01-11 15:00:00,2011-12-04 16:02:00,4,1031.41
12725.0,2010-12-03 15:45:00,2010-12-03 15:45:00,1,427.8
12726.0,2010-12-17 12:56:00,2011-11-11 13:35:00,7,2609.1
12727.0,2011-01-23 15:17:00,2011-11-29 11:46:00,7,3980.7
12728.0,2011-01-11 13:31:00,2011-09-29 15:31:00,4,836.33
12729.0,2011-08-18 11:40:00,2011-08-18 11:40:00,1,453.01
12731.0,2010-12-10 10:56:00,2011-11-16 11:59:00,12,18895.91
12732.0,2011-06-13 11:33:00,2011-06-13 11:33:00,1,236.26000000000002
12733.0,2011-04-19 16:19:00,2011-04-19 16:19:00,1,383.95
12734.0,2010-12-22 12:47:00,2010-12-22 12:47:00,1,110.39999999999999
12735.0,2011-01-06 14:26:00,2011-01-28 13:37:00,2,779.5699999999999
12736.0,2011-01-11 07:57:00,2011-01-11 07:57:00,1,234.0
12738.0,2010-12-02 18:27:00,2010-12-02 18:27:00,1,155.35
12739.0,2011-09-01 17:45:00,2011-09-22 13:00:00,2,1013.04
12740.0,2011-10-07 10:44:00,2011-10-07 10:44:00,1,427.6
12743.0,2011-07-28 16:06:00,2011-07-28 16:21:00,2,546.43
12744.0,2011-01-25 13:26:00,2011-10-19 11:18:00,7,21279.29
12747.0,2010-12-05 15:38:00,2011-12-07 14:34:00,11,4196.01
12748.0,2010-12-01 12:48:00,2011-12-09 12:20:00,210,33719.73
12749.0,2011-05-10 15:25:00,2011-12-06 09:56:00,5,4090.88
12750.0,2011-08-03 09:13:00,2011-08-03 09:13:00,1,275.88
12752.0,2011-09-19 13:32:00,2011-09-19 13:32:00,1,4366.78
12753.0,2010-12-12 11:44:00,2011-11-17 10:52:00,6,21429.39
12754.0,2011-02-04 10:31:00,2011-04-18 09:00:00,3,3010.74
12755.0,2010-12-09 10:44:00,2011-03-04 12:42:00,2,3811.95
12756.0,2011-09-14 09:31:00,2011-09-14 09:31:00,1,112.08
12757.0,2011-05-12 19:01:00,2011-11-24 12:30:00,13,7857.1
12758.0,2011-03-08 12:05:00,2011-08-15 10:22:00,2,2791.59
12759.0,2011-03-09 08:09:00,2011-10-18 14:49:00,3,1531.44
12762.0,2011-11-14 14:23:00,2011-12-02 10:23:00,2,1898.52
12763.0,2010-12-05 15:46:00,2011-07-24 14:12:00,2,494.08
12764.0,2011-01-27 10:19:00,2011-01-27 10:19:00,1,1693.88
12766.0,2010-12-08 13:53:00,2011-12-06 08:46:00,7,6989.63
12769.0,2011-04-15 10:25:00,2011-04-15 10:25:00,1,1143.6
12770.0,2011-05-13 09:33:00,2011-05-13 09:33:00,1,1351.45
12772.0,2011-10-11 09:19:00,2011-10-11 09:19:00,1,892.47
12775.0,2011-02-01 13:45:00,2011-11-22 16:33:00,5,1386.04
12778.0,2011-01-31 14:35:00,2011-11-20 11:30:00,6,822.23
12779.0,2010-12-03 13:40:00,2011-11-02 11:43:00,8,3981.36
12781.0,2011-02-28 08:43:00,2011-10-07 10:37:00,2,826.74
12782.0,2010-12-17 11:30:00,2011-12-05 09:16:00,5,2330.92
12783.0,2011-09-25 15:35:00,2011-12-07 15:56:00,6,2225.91
12784.0,2011-11-24 12:53:00,2011-11-30 15:38:00,2,574.42
12785.0,2010-12-10 13:48:00,2010-12-10 13:48:00,1,311.95
12787.0,2011-05-31 09:36:00,2011-11-30 08:44:00,3,463.66
12789.0,2011-10-05 13:34:00,2011-10-05 13:34:00,1,91.85
12790.0,2011-05-31 14:14:00,2011-05-31 14:14:00,1,324.92
12791.0,2010-12-01 11:27:00,2010-12-01 11:27:00,1,192.60000000000002
12792.0,2011-03-28 11:36:00,2011-03-28 11:36:00,1,400.53999999999996
12793.0,2010-12-03 15:14:00,2011-01-09 12:12:00,2,545.48
12794.0,2011-09-02 12:01:00,2011-10-17 14:54:00,2,860.41
12795.0,2011-11-21 10:27:00,2011-11-21 10:27:00,1,430.48
12797.0,2010-12-09 10:55:00,2010-12-09 10:55:00,1,254.03
12798.0,2011-06-22 10:11:00,2011-11-29 15:52:00,3,6977.04
12802.0,2011-06-06 09:36:00,2011-06-06 09:36:00,1,427.58
12808.0,2010-12-06 10:27:00,2011-11-03 10:05:00,3,483.65000000000003
12809.0,2011-06-15 10:51:00,2011-06-15 10:51:00,1,489.31
12811.0,2011-02-28 15:39:00,2011-03-24 09:42:00,3,514.85
12812.0,2011-10-26 09:54:00,2011-10-26 09:54:00,1,229.64000000000001
12814.0,2011-08-30 12:11:00,2011-08-30 12:11:00,1,125.92
12815.0,2011-05-25 13:34:00,2011-07-15 10:21:00,2,1063.46
12816.0,2011-06-16 13:24:00,2011-09-05 12:41:00,2,572.2
12817.0,2011-03-03 16:28:00,2011-03-03 16:28:00,1,166.04
12818.0,2011-03-23 12:06:00,2011-03-23 12:06:00,1,1542.0800000000002
12820.0,2011-01-17 12:34:00,2011-12-06 15:12:00,4,942.34
12821.0,2011-05-09 15:51:00,2011-05-09 15:51:00,1,92.72
12822.0,2011-09-13 13:46:00,2011-09-30 10:04:00,2,948.88
12823.0,2011-02-16 12:15:00,2011-09-26 07:35:00,5,1759.5
12824.0,2011-10-11 12:49:00,2011-10-11 12:49:00,1,397.12
12826.0,2010-12-09 15:21:00,2011-12-07 10:25:00,7,1474.72
12827.0,2011-10-26 15:44:00,2011-12-04 12:17:00,3,430.15000000000003
12828.0,2011-08-01 16:16:00,2011-12-07 08:45:00,6,1018.71
12829.0,2010-12-14 14:54:00,2011-01-07 11:13:00,2,293.0
12830.0,2011-06-21 10:53:00,2011-11-02 11:54:00,6,6814.64
12831.0,2011-03-22 13:02:00,2011-03-22 13:02:00,1,215.04999999999998
12832.0,2011-09-02 13:48:00,2011-11-07 13:30:00,2,383.03
12833.0,2011-07-17 13:46:00,2011-07-17 13:46:00,1,417.38
12834.0,2011-03-02 09:49:00,2011-03-02 09:49:00,1,312.38
12836.0,2011-02-01 11:19:00,2011-10-11 15:10:00,4,2612.86
12837.0,2011-06-19 16:07:00,2011-06-19 16:07:00,1,134.1
12838.0,2010-12-01 11:57:00,2011-11-06 12:20:00,2,683.13
12839.0,2010-12-07 15:48:00,2011-12-07 12:33:00,14,5591.42
12840.0,2011-04-27 12:21:00,2011-07-19 09:29:00,4,2726.77
12841.0,2010-12-03 10:43:00,2011-12-05 11:13:00,25,4022.35
12842.0,2011-02-04 12:36:00,2011-09-30 15:33:00,2,1118.99
12843.0,2011-03-20 14:38:00,2011-10-05 12:09:00,8,1702.26
12844.0,2011-08-01 13:11:00,2011-11-10 13:31:00,2,325.96000000000004
12845.0,2011-02-22 14:10:00,2011-03-17 13:34:00,4,354.09
12847.0,2011-11-17 13:16:00,2011-11-17 13:16:00,1,871.54
12849.0,2011-03-16 12:26:00,2011-11-08 13:41:00,2,1050.8899999999999
12851.0,2011-09-04 12:41:00,2011-09-04 12:41:00,1,135.18
12852.0,2011-02-18 08:47:00,2011-02-18 08:47:00,1,311.55
12853.0,2011-01-28 10:28:00,2011-07-28 11:29:00,6,1957.1000000000001
12854.0,2011-01-25 13:35:00,2011-09-22 12:15:00,3,1324.5
12855.0,2010-12-02 09:37:00,2010-12-02 09:37:00,1,38.1
12856.0,2011-10-07 12:38:00,2011-12-02 10:52:00,6,2179.93
12857.0,2011-02-10 12:32:00,2011-05-13 10:20:00,2,1106.4
12863.0,2011-10-18 14:15:00,2011-10-18 14:15:00,1,521.2
12864.0,2011-07-24 13:03:00,2011-07-24 13:03:00,1,147.12
12865.0,2011-08-08 10:11:00,2011-11-13 14:31:00,2,1568.23
12866.0,2011-03-01 14:11:00,2011-03-01 14:11:00,1,559.12
12867.0,2010-12-14 16:39:00,2011-11-13 15:30:00,7,4036.82
12868.0,2010-12-01 12:50:00,2011-06-07 10:42:00,6,1607.0600000000002
12871.0,2011-05-16 13:32:00,2011-09-16 15:07:00,2,380.64
12872.0,2010-12-09 14:44:00,2011-01-17 10:52:00,2,599.97
12873.0,2011-03-02 14:58:00,2011-03-02 14:58:00,1,374.0
12875.0,2010-12-12 12:03:00,2011-07-19 15:30:00,2,343.2300000000001
12876.0,2011-05-27 13:34:00,2011-10-13 12:26:00,2,2218.02
12877.0,2010-12-16 12:23:00,2011-12-06 10:30:00,12,1535.77
12878.0,2011-03-18 14:02:00,2011-04-17 13:07:00,2,854.99
12879.0,2011-09-09 12:11:00,2011-10-26 12:24:00,3,573.22
12881.0,2011-03-09 11:44:00,2011-03-09 11:44:00,1,298.0
12882.0,2011-11-06 11:22:00,2011-11-30 16:18:00,2,1463.04
12883.0,2011-09-11 15:18:00,2011-11-15 09:32:00,4,703.47
12884.0,2011-09-12 13:10:00,2011-09-12 13:10:00,1,309.05
12885.0,2011-08-08 11:45:00,2011-10-07 13:40:00,3,1175.22
12886.0,2011-05-04 11:21:00,2011-10-03 10:09:00,2,1378.4
12888.0,2011-03-29 14:31:00,2011-05-09 16:02:00,2,354.12
12890.0,2011-11-15 17:26:00,2011-11-15 17:26:00,1,380.46999999999997
12891.0,2011-02-20 11:28:00,2011-06-07 12:31:00,3,331.0
12893.0,2011-11-09 12:34:00,2011-11-09 12:34:00,1,188.14
12895.0,2011-09-14 08:35:00,2011-10-28 13:51:00,2,372.8
12897.0,2011-02-11 11:40:00,2011-05-19 12:13:00,2,216.5
12901.0,2011-03-14 10:41:00,2011-12-01 10:07:00,28,17654.54
12902.0,2011-03-20 12:06:00,2011-03-20 12:06:00,1,138.68
12904.0,2011-06-20 13:18:00,2011-11-21 14:34:00,2,509.58
12906.0,2011-09-22 15:03:00,2011-11-28 09:55:00,5,2919.81
12908.0,2011-01-31 12:37:00,2011-06-16 15:39:00,2,750.0
12909.0,2011-03-31 12:51:00,2011-10-31 12:43:00,5,2178.67
12910.0,2011-04-12 10:01:00,2011-11-16 14:28:00,8,3075.04
12912.0,2011-10-30 11:35:00,2011-12-07 08:55:00,5,1662.3
12913.0,2010-12-06 16:36:00,2011-12-05 12:11:00,5,2483.63
12915.0,2010-12-02 12:33:00,2011-07-14 11:34:00,2,363.65
12916.0,2011-01-23 10:43:00,2011-07-24 10:35:00,4,3006.15
12917.0,2011-08-03 16:42:00,2011-08-03 16:42:00,1,594.0
12919.0,2011-06-23 09:22:00,2011-12-01 13:47:00,6,1335.19
12920.0,2011-11-22 15:05:00,2011-11-22 15:05:00,1,164.23
12921.0,2010-12-01 15:06:00,2011-11-30 16:22:00,37,16587.09
12922.0,2011-07-01 15:35:00,2011-07-01 15:35:00,1,405.38
12923.0,2011-10-06 16:20:00,2011-10-06 16:20:00,1,176.97
12924.0,2011-01-16 11:49:00,2011-09-12 13:55:00,4,933.7
12925.0,2011-09-26 11:05:00,2011-12-05 11:11:00,2,694.05
12928.0,2010-12-15 15:45:00,2011-11-04 14:24:00,5,2062.7000000000003
12929.0,2011-02-01 12:08:00,2011-02-01 12:08:00,1,117.85
12930.0,2011-06-21 13:25:00,2011-09-22 15:18:00,2,415.8
12931.0,2010-12-17 09:45:00,2011-11-18 12:39:00,15,42055.96
12933.0,2011-03-01 11:30:00,2011-11-15 16:38:00,3,607.53
12935.0,2011-01-24 13:58:00,2011-12-07 17:25:00,7,2160.7
12936.0,2011-09-22 13:51:00,2011-11-22 17:32:00,4,1063.9
12937.0,2011-03-17 14:19:00,2011-11-24 15:05:00,4,1504.27
12938.0,2011-11-14 11:21:00,2011-11-14 11:21:00,1,114.14
12939.0,2011-01-09 11:20:00,2011-10-06 14:33:00,8,11581.8
12940.0,2011-09-13 10:16:00,2011-10-16 12:09:00,2,913.54
12942.0,2010-12-09 09:34:00,2011-07-31 14:39:00,3,683.9
12944.0,2010-12-20 10:41:00,2011-11-04 11:04:00,2,604.51
12945.0,2011-02-24 14:15:00,2011-02-24 14:15:00,1,462.95
12947.0,2010-12-01 16:21:00,2011-07-19 10:06:00,6,1603.99
12948.0,2011-03-20 10:17:00,2011-11-23 17:10:00,7,2064.95
12949.0,2011-04-01 13:20:00,2011-11-09 11:25:00,8,4167.22
12950.0,2011-11-15 13:48:00,2011-12-07 13:17:00,3,1843.0
12951.0,2011-01-13 10:33:00,2011-12-01 12:14:00,6,1064.07
12952.0,2011-09-22 16:37:00,2011-12-04 10:35:00,4,1387.79
12953.0,2011-11-30 09:24:00,2011-11-30 09:24:00,1,329.85
12955.0,2011-03-17 09:03:00,2011-12-08 16:29:00,11,4757.16
12956.0,2011-02-06 16:08:00,2011-02-06 16:08:00,1,108.07
12957.0,2011-01-04 12:18:00,2011-11-30 09:53:00,8,4017.54
12962.0,2011-08-18 13:38:00,2011-12-02 15:55:00,2,266.39
12963.0,2010-12-09 09:14:00,2011-12-01 12:55:00,8,1856.63
12965.0,2011-09-11 15:31:00,2011-09-11 15:31:00,1,771.91
12966.0,2011-11-30 12:38:00,2011-11-30 12:38:00,1,160.18
12967.0,2010-12-03 09:49:00,2010-12-16 19:10:00,2,1660.9
12968.0,2011-08-19 15:44:00,2011-08-19 15:44:00,1,135.95
12970.0,2011-01-21 14:04:00,2011-12-02 14:30:00,4,452.24
12971.0,2010-12-02 16:42:00,2011-12-06 12:20:00,86,11189.91
12974.0,2011-05-26 09:33:00,2011-05-26 09:33:00,1,144.8
12976.0,2011-05-12 09:55:00,2011-05-12 09:55:00,1,738.6
12977.0,2011-07-06 16:40:00,2011-07-06 16:40:00,1,39.24
12980.0,2010-12-16 11:36:00,2011-07-05 09:34:00,9,7374.900000000001
12981.0,2011-07-29 14:14:00,2011-11-10 12:00:00,2,372.21999999999997
12982.0,2011-04-11 11:51:00,2011-04-11 11:51:00,1,390.54
12984.0,2011-11-21 12:37:00,2011-11-21 12:37:00,1,97.5
12985.0,2011-11-11 12:44:00,2011-12-09 10:46:00,2,1239.38
12987.0,2011-05-26 12:00:00,2011-09-27 12:03:00,2,558.7
12988.0,2011-02-20 14:31:00,2011-02-20 14:31:00,1,535.32
12989.0,2010-12-10 13:24:00,2011-12-06 15:28:00,15,6924.11
12990.0,2011-02-02 15:39:00,2011-11-08 13:01:00,3,409.5
12991.0,2011-08-19 14:39:00,2011-11-16 15:34:00,2,503.76
12993.0,2011-02-14 14:29:00,2011-11-16 15:49:00,4,414.76
12994.0,2011-03-16 08:31:00,2011-12-05 15:43:00,3,974.42
12995.0,2011-09-15 15:44:00,2011-09-15 15:44:00,1,211.32
12997.0,2011-01-26 15:49:00,2011-11-17 15:47:00,4,1226.89
12999.0,2011-04-08 10:26:00,2011-05-27 13:24:00,3,455.88
13000.0,2010-12-10 10:26:00,2011-08-25 10:43:00,3,534.85
13001.0,2011-01-17 12:45:00,2011-12-05 14:51:00,13,9818.82
13002.0,2011-01-25 15:18:00,2011-01-25 15:18:00,1,120.94999999999999
13003.0,2011-05-09 08:23:00,2011-08-26 10:50:00,3,149.05
13004.0,2010-12-17 08:20:00,2011-11-28 11:27:00,18,5655.91
13005.0,2011-04-07 13:32:00,2011-06-19 10:53:00,2,513.7
13006.0,2011-10-14 13:49:00,2011-10-14 13:49:00,1,81.57
13008.0,2011-01-20 14:24:00,2011-01-20 14:24:00,1,229.46999999999997
13011.0,2010-12-02 17:22:00,2010-12-02 17:22:00,1,50.550000000000004
13012.0,2011-02-18 09:43:00,2011-11-30 13:05:00,8,1661.8400000000001
13013.0,2010-12-03 12:28:00,2011-12-08 15:01:00,13,4810.9400000000005
13014.0,2011-03-03 18:28:00,2011-11-29 12:27:00,10,3466.2799999999997
13015.0,2011-04-04 14:28:00,2011-10-17 13:19:00,5,3346.28
13016.0,2011-08-08 15:00:00,2011-09-27 14:08:00,3,789.89
13017.0,2011-12-02 15:53:00,2011-12-02 15:53:00,1,204.0
13018.0,2011-02-17 11:05:00,2011-11-23 13:28:00,28,7277.7
13021.0,2010-12-16 10:12:00,2011-12-05 16:37:00,9,2616.38
13023.0,2011-08-02 09:34:00,2011-10-06 16:27:00,2,689.9
13026.0,2011-03-09 11:35:00,2011-12-08 16:58:00,5,975.36
13027.0,2010-12-20 12:45:00,2011-08-18 09:39:00,6,6912.0
13028.0,2011-10-25 14:09:00,2011-11-17 11:10:00,2,661.3199999999999
13029.0,2010-12-21 13:53:00,2011-11-09 09:13:00,3,1247.5
13030.0,2010-12-06 14:31:00,2011-11-28 14:30:00,2,799.48
13032.0,2011-09-13 16:40:00,2011-10-18 15:54:00,2,1010.18
13033.0,2010-12-17 14:23:00,2010-12-17 14:23:00,1,190.55
13034.0,2010-12-05 14:52:00,2011-10-16 12:21:00,2,642.77
13035.0,2011-03-24 09:21:00,2011-09-27 08:57:00,2,921.88
13037.0,2011-03-28 15:42:00,2011-07-24 15:46:00,3,881.07
13038.0,2011-02-22 11:43:00,2011-09-20 14:37:00,3,908.46
13040.0,2011-11-06 13:53:00,2011-12-01 10:38:00,2,676.99
13043.0,2011-03-11 14:52:00,2011-03-11 14:52:00,1,516.42
13044.0,2011-02-21 15:20:00,2011-02-21 15:20:00,1,560.47
13045.0,2011-09-01 15:04:00,2011-09-01 15:04:00,1,305.28000000000003
13046.0,2011-03-18 15:43:00,2011-11-09 08:36:00,2,629.3100000000001
13047.0,2010-12-01 08:34:00,2011-11-08 12:06:00,10,3237.54
13048.0,2011-01-16 14:36:00,2011-11-25 13:23:00,4,1835.91
13049.0,2011-01-25 16:33:00,2011-10-06 15:31:00,2,656.6800000000001
13050.0,2010-12-08 09:30:00,2011-11-25 09:18:00,17,5836.86
13052.0,2011-05-11 14:12:00,2011-05-11 14:12:00,1,348.15000000000003
13055.0,2011-05-10 08:58:00,2011-09-22 14:26:00,3,1214.41
13058.0,2011-07-11 12:01:00,2011-11-15 12:43:00,3,271.40000000000003
13059.0,2011-04-04 10:40:00,2011-04-04 10:40:00,1,183.4
13060.0,2011-03-31 11:37:00,2011-03-31 11:37:00,1,307.53
13061.0,2011-09-28 16:04:00,2011-09-28 16:04:00,1,248.61
13062.0,2011-06-01 15:12:00,2011-06-01 15:12:00,1,346.98
13064.0,2011-01-16 13:41:00,2011-11-27 12:31:00,4,1119.49
13065.0,2010-12-01 16:52:00,2010-12-01 16:52:00,1,205.86
13066.0,2011-11-07 17:06:00,2011-11-15 12:57:00,2,470.8
13067.0,2011-09-18 13:38:00,2011-09-18 13:38:00,1,115.46000000000001
13068.0,2011-01-24 08:20:00,2011-11-29 15:00:00,2,344.0
13069.0,2010-12-05 11:02:00,2011-12-09 08:39:00,24,4436.12
13070.0,2011-05-31 13:45:00,2011-05-31 13:45:00,1,228.8
13072.0,2011-03-18 08:12:00,2011-03-18 08:12:00,1,177.15
13075.0,2011-08-02 10:19:00,2011-08-02 10:19:00,1,919.61
13077.0,2010-12-08 14:59:00,2011-12-08 19:24:00,4,729.27
13078.0,2010-12-08 09:07:00,2011-12-06 15:36:00,26,12627.94
13079.0,2011-07-22 14:41:00,2011-12-05 16:53:00,5,220.10000000000002
13080.0,2011-06-13 14:59:00,2011-06-13 14:59:00,1,58.08
13081.0,2010-12-03 17:20:00,2011-11-28 10:54:00,11,28337.38
13082.0,2011-01-05 15:42:00,2011-08-05 16:16:00,9,3613.63
13083.0,2011-09-25 10:46:00,2011-12-05 15:01:00,2,303.75
13085.0,2011-02-17 13:57:00,2011-07-05 12:11:00,2,416.08000000000004
13089.0,2010-12-05 10:27:00,2011-12-07 09:02:00,97,58825.83
13090.0,2010-12-02 07:48:00,2011-12-01 12:39:00,14,8910.82
13091.0,2011-11-11 15:54:00,2011-11-11 15:54:00,1,345.82
13092.0,2010-12-15 12:27:00,2011-09-30 11:18:00,5,477.83
13093.0,2010-12-01 15:00:00,2011-03-09 12:14:00,8,7832.47
13094.0,2010-12-06 10:34:00,2011-11-18 14:07:00,12,1927.3200000000002
13095.0,2011-09-30 12:03:00,2011-09-30 12:03:00,1,74.39999999999999
13097.0,2010-12-14 15:13:00,2011-11-07 10:43:00,10,6010.42
13098.0,2011-01-26 13:46:00,2011-12-08 14:14:00,28,28882.44
13099.0,2011-09-01 17:40:00,2011-09-01 17:40:00,1,207.35999999999999
13101.0,2011-04-19 14:37:00,2011-04-19 14:37:00,1,101.19
13102.0,2010-12-09 13:38:00,2011-12-08 12:52:00,24,6424.09
13103.0,2011-10-31 09:38:00,2011-10-31 09:38:00,1,243.94
13104.0,2010-12-20 11:58:00,2011-12-06 13:10:00,6,1098.48
13106.0,2011-07-29 15:12:00,2011-07-29 15:12:00,1,76.5
13107.0,2011-01-10 12:28:00,2011-10-26 14:52:00,4,1531.62
13108.0,2010-12-02 10:35:00,2010-12-02 10:35:00,1,350.06
13109.0,2011-07-05 14:56:00,2011-10-11 10:16:00,2,786.54
13110.0,2011-02-01 15:24:00,2011-11-08 14:30:00,7,1488.67
13113.0,2010-12-08 13:21:00,2011-12-09 12:49:00,24,12245.960000000001
13115.0,2011-06-08 16:15:00,2011-11-28 12:38:00,4,2294.78
13116.0,2011-07-24 14:33:00,2011-07-24 14:33:00,1,501.14
13117.0,2010-12-02 13:11:00,2011-11-18 12:02:00,8,984.91
13118.0,2011-02-24 12:32:00,2011-11-20 12:46:00,5,1197.81
13120.0,2011-04-15 10:19:00,2011-04-15 10:19:00,1,30.599999999999998
13121.0,2011-03-15 16:47:00,2011-03-15 16:47:00,1,283.73
13122.0,2011-04-13 14:12:00,2011-09-06 15:53:00,2,922.39
13124.0,2010-12-15 15:00:00,2011-09-11 12:45:00,3,3866.33
13126.0,2010-12-08 11:42:00,2011-12-05 10:00:00,8,2099.64
13127.0,2011-09-23 10:26:00,2011-09-23 10:26:00,1,259.17
13130.0,2011-09-06 15:30:00,2011-09-06 15:30:00,1,64.0
13131.0,2011-06-05 10:54:00,2011-11-16 13:21:00,3,1073.3
13132.0,2011-03-23 12:44:00,2011-03-23 12:44:00,1,77.3
13133.0,2011-02-08 15:48:00,2011-03-11 10:31:00,2,109.8
13134.0,2011-04-13 12:57:00,2011-09-15 10:35:00,4,1793.58
13135.0,2011-05-27 10:52:00,2011-05-27 10:52:00,1,3096.0
13136.0,2011-05-11 12:47:00,2011-10-14 13:41:00,5,2607.61
13137.0,2011-02-04 11:54:00,2011-11-29 12:09:00,8,3650.41
13138.0,2010-12-02 15:03:00,2011-11-17 16:51:00,6,962.39
13139.0,2011-03-25 11:57:00,2011-11-23 13:54:00,7,5064.94
13140.0,2010-12-08 15:12:00,2011-08-23 15:33:00,3,423.72
13141.0,2011-01-28 13:04:00,2011-09-16 09:54:00,5,2388.75
13142.0,2011-11-20 16:07:00,2011-11-20 16:07:00,1,307.09
13144.0,2011-01-11 11:15:00,2011-01-11 11:15:00,1,110.95
13145.0,2010-12-02 18:06:00,2011-10-31 12:45:00,4,618.52
13146.0,2011-11-13 15:29:00,2011-11-13 15:29:00,1,228.91
13147.0,2011-09-01 12:28:00,2011-11-29 13:59:00,4,712.8000000000001
13148.0,2010-12-10 13:06:00,2011-11-10 15:23:00,12,3707.12
13149.0,2011-02-23 13:57:00,2011-11-25 13:09:00,4,1676.06
13151.0,2011-02-17 12:29:00,2011-02-17 12:29:00,1,1257.8700000000001
13153.0,2011-12-04 12:14:00,2011-12-04 12:14:00,1,486.22
13155.0,2010-12-06 12:44:00,2011-11-06 15:41:00,4,971.76
13157.0,2011-02-14 14:03:00,2011-10-21 13:50:00,4,1741.22
13158.0,2011-01-25 09:58:00,2011-09-06 11:58:00,4,1201.06
13159.0,2011-08-16 11:44:00,2011-12-01 11:20:00,4,1437.85
13160.0,2011-11-17 13:07:00,2011-11-17 13:07:00,1,91.8
13161.0,2011-01-30 14:03:00,2011-01-30 14:03:00,1,112.75
13162.0,2011-01-09 10:43:00,2011-08-09 15:59:00,4,1688.29
13165.0,2010-12-23 14:06:00,2011-10-24 15:05:00,2,1021.48
13166.0,2011-03-01 15:16:00,2011-03-01 15:16:00,1,417.2
13167.0,2011-07-19 12:13:00,2011-11-21 12:24:00,4,791.33
13168.0,2011-01-25 13:55:00,2011-11-03 12:56:00,4,1319.19
13169.0,2011-04-01 14:24:00,2011-10-07 12:11:00,2,712.88
13170.0,2011-11-13 12:19:00,2011-11-13 12:19:00,1,116.00999999999999
13171.0,2011-02-13 14:16:00,2011-11-18 10:27:00,3,468.40999999999997
13173.0,2010-12-07 14:30:00,2011-12-05 15:51:00,2,353.65
13174.0,2010-12-05 16:24:00,2011-11-23 14:35:00,3,2817.03
13176.0,2011-10-24 15:43:00,2011-10-24 15:43:00,1,492.84
13177.0,2011-10-06 09:56:00,2011-10-06 09:56:00,1,282.45
13178.0,2010-12-14 12:22:00,2011-11-13 16:14:00,11,5725.47
13182.0,2011-10-25 13:46:00,2011-10-25 13:46:00,1,121.18
13183.0,2011-01-09 10:50:00,2011-12-02 10:30:00,9,3957.78
13184.0,2011-02-22 17:25:00,2011-11-25 12:02:00,10,1701.29
13185.0,2011-03-17 11:56:00,2011-03-17 11:56:00,1,71.4
13186.0,2011-08-03 09:09:00,2011-10-31 11:40:00,3,1575.89
13187.0,2011-01-06 18:57:00,2011-01-06 18:57:00,1,236.02
13188.0,2011-11-28 15:28:00,2011-11-28 15:28:00,1,114.60000000000001
13189.0,2011-08-16 13:12:00,2011-11-21 10:39:00,2,260.68
13192.0,2011-05-18 14:57:00,2011-09-05 14:13:00,2,911.94
13193.0,2011-10-09 14:30:00,2011-10-09 14:30:00,1,117.88
13194.0,2011-07-27 09:01:00,2011-07-27 09:01:00,1,60.7
13196.0,2011-03-22 14:24:00,2011-11-28 13:54:00,4,1797.78
13198.0,2010-12-13 09:29:00,2011-11-29 15:17:00,6,3401.2400000000002
13199.0,2010-12-08 10:51:00,2011-12-06 12:30:00,38,9817.12
13200.0,2011-08-05 14:50:00,2011-11-20 15:35:00,4,870.09
13203.0,2011-04-11 14:40:00,2011-11-30 10:45:00,4,869.46
13207.0,2011-07-12 11:35:00,2011-11-24 14:52:00,2,250.26000000000002
13208.0,2011-02-03 19:32:00,2011-10-12 09:54:00,6,1223.9
13209.0,2010-12-13 10:31:00,2011-11-09 13:54:00,8,5891.61
13210.0,2011-09-07 08:18:00,2011-09-07 08:18:00,1,353.48
13211.0,2010-12-13 16:17:00,2011-11-29 14:43:00,3,1197.42
13212.0,2011-10-09 14:48:00,2011-11-20 12:40:00,3,788.08
13213.0,2011-05-24 12:22:00,2011-10-14 11:42:00,5,1520.58
13216.0,2011-03-17 12:18:00,2011-03-17 12:18:00,1,333.74
13217.0,2011-07-06 12:08:00,2011-08-09 15:32:00,3,533.98
13218.0,2011-08-04 16:59:00,2011-08-04 16:59:00,1,62.63999999999999
13220.0,2011-04-17 10:59:00,2011-09-22 13:38:00,4,819.2900000000001
13221.0,2010-12-15 13:24:00,2011-04-13 16:58:00,2,847.41
13223.0,2011-04-21 15:16:00,2011-05-23 13:03:00,2,163.20000000000002
13224.0,2011-07-11 14:10:00,2011-10-10 14:55:00,2,2155.95
13225.0,2010-12-13 09:49:00,2011-12-06 13:29:00,7,6463.84
13226.0,2011-03-11 14:35:00,2011-03-11 14:35:00,1,108.21
13227.0,2011-05-22 11:47:00,2011-05-22 11:47:00,1,257.7
13228.0,2011-09-19 14:28:00,2011-09-19 14:28:00,1,358.0
13229.0,2011-04-28 12:07:00,2011-04-28 12:07:00,1,160.95
13230.0,2010-12-09 19:28:00,2011-12-05 16:03:00,14,2806.97
13232.0,2011-04-10 13:48:00,2011-11-27 10:39:00,7,1357.6
13233.0,2011-01-07 14:49:00,2011-09-26 13:25:00,2,605.12
13235.0,2011-05-11 17:13:00,2011-05-11 17:13:00,1,1031.07
13236.0,2011-08-25 08:58:00,2011-11-15 12:50:00,2,744.85
13238.0,2010-12-14 14:37:00,2011-11-22 15:37:00,4,700.73
13239.0,2011-03-23 10:25:00,2011-03-23 10:25:00,1,329.56
13240.0,2010-12-09 12:49:00,2011-09-04 14:08:00,4,663.65
13242.0,2011-05-10 12:26:00,2011-08-19 12:53:00,3,270.40000000000003
13243.0,2011-05-20 13:14:00,2011-05-20 13:14:00,1,600.07
13244.0,2011-09-08 11:46:00,2011-09-08 11:46:00,1,121.74
13245.0,2011-10-20 11:40:00,2011-10-20 11:40:00,1,430.5
13246.0,2011-01-13 13:36:00,2011-11-21 16:50:00,6,1987.3
13247.0,2011-09-18 11:31:00,2011-11-22 10:59:00,4,501.12
13248.0,2011-06-03 13:05:00,2011-08-07 12:40:00,2,465.68
13249.0,2011-03-23 15:26:00,2011-09-08 13:26:00,3,711.41
13253.0,2011-01-04 15:43:00,2011-07-06 10:09:00,2,1030.4
13255.0,2010-12-01 11:58:00,2011-11-30 13:14:00,2,399.51
13256.0,2011-11-25 15:57:00,2011-11-25 15:57:00,1,0.0
13258.0,2011-05-18 13:11:00,2011-11-28 09:31:00,3,698.58
13259.0,2011-10-09 10:48:00,2011-10-09 10:48:00,1,292.32
13260.0,2011-10-09 13:21:00,2011-10-09 13:21:00,1,557.62
13261.0,2011-02-27 10:41:00,2011-03-16 12:22:00,2,944.1
13262.0,2011-03-21 15:06:00,2011-03-21 15:06:00,1,200.29
13263.0,2011-01-18 16:31:00,2011-12-08 13:59:00,35,7454.07
13265.0,2011-03-11 09:54:00,2011-10-17 15:02:00,5,2107.66
13266.0,2011-03-28 10:14:00,2011-11-28 14:39:00,12,3834.2599999999998
13267.0,2010-12-08 09:20:00,2011-12-07 11:12:00,19,4521.49
13268.0,2011-03-17 13:20:00,2011-11-22 11:51:00,11,3214.69
13269.0,2010-12-05 11:51:00,2011-12-08 14:53:00,15,5346.2300000000005
13270.0,2010-12-08 14:53:00,2010-12-08 14:53:00,1,590.0
13271.0,2011-11-02 14:31:00,2011-11-02 14:31:00,1,217.38
13272.0,2011-09-11 12:06:00,2011-11-08 14:00:00,2,276.56
13273.0,2011-08-18 14:02:00,2011-08-18 14:02:00,1,138.98
13276.0,2011-09-01 10:03:00,2011-10-07 12:44:00,2,590.9300000000001
13277.0,2011-07-29 10:06:00,2011-11-24 09:21:00,4,258.4
13278.0,2011-10-30 11:49:00,2011-10-30 11:49:00,1,542.73
13279.0,2011-09-22 17:24:00,2011-09-22 17:24:00,1,137.75
13280.0,2011-01-06 17:10:00,2011-08-09 13:14:00,3,814.86
13282.0,2011-05-03 12:03:00,2011-11-21 15:33:00,3,1132.14
13283.0,2011-06-07 12:39:00,2011-10-11 09:50:00,2,93.66
13284.0,2011-01-13 09:23:00,2011-01-13 09:23:00,1,201.19
13285.0,2011-02-22 17:13:00,2011-11-16 13:19:00,4,2709.12
13291.0,2011-07-07 10:36:00,2011-07-07 10:36:00,1,361.11
13292.0,2011-02-28 15:00:00,2011-11-01 10:04:00,2,578.9399999999999
13294.0,2011-04-04 12:37:00,2011-06-03 08:54:00,2,873.74
13295.0,2010-12-15 11:21:00,2010-12-15 11:21:00,1,201.20000000000002
13296.0,2011-07-25 13:46:00,2011-07-25 13:46:00,1,87.4
13297.0,2011-10-03 15:08:00,2011-12-02 09:32:00,4,2089.85
13298.0,2011-12-08 13:11:00,2011-12-08 13:11:00,1,360.0
13299.0,2011-03-16 12:55:00,2011-03-16 12:55:00,1,142.5
13300.0,2011-06-23 13:09:00,2011-06-23 13:09:00,1,371.89
13301.0,2011-02-20 13:13:00,2011-08-28 11:25:00,4,618.09
13302.0,2011-07-07 17:56:00,2011-07-07 17:56:00,1,63.75
13304.0,2010-12-23 14:35:00,2010-12-23 14:35:00,1,300.42
13305.0,2010-12-02 12:10:00,2011-12-05 15:15:00,10,2000.86
13307.0,2011-08-11 17:14:00,2011-08-11 17:14:00,1,15.0
13308.0,2011-05-20 13:13:00,2011-11-17 09:31:00,3,1385.51
13309.0,2011-02-04 12:29:00,2011-12-02 16:34:00,5,1456.79
13310.0,2011-01-19 14:50:00,2011-11-11 17:23:00,3,1132.03
13311.0,2011-07-12 14:26:00,2011-12-05 12:55:00,2,598.57
13313.0,2011-01-04 10:00:00,2011-11-17 16:48:00,5,1555.32
13314.0,2011-09-27 10:20:00,2011-12-08 12:29:00,3,775.94
13316.0,2011-03-30 13:01:00,2011-11-02 13:40:00,4,5977.7300000000005
13317.0,2010-12-16 09:22:00,2011-10-04 13:35:00,6,2273.68
13318.0,2011-11-02 13:26:00,2011-12-08 18:51:00,3,640.76
13319.0,2010-12-09 10:04:00,2011-12-04 13:34:00,26,10845.550000000001
13320.0,2011-05-10 10:29:00,2011-09-22 18:07:00,4,1548.7
13321.0,2011-09-14 15:18:00,2011-09-28 15:24:00,2,567.36
13322.0,2011-11-22 14:21:00,2011-11-22 14:21:00,1,199.48000000000002
13323.0,2011-09-16 13:23:00,2011-12-06 17:12:00,5,787.85
13324.0,2010-12-14 09:50:00,2011-11-03 16:28:00,10,7121.95
13325.0,2011-09-19 10:36:00,2011-09-19 10:36:00,1,675.3
13327.0,2010-12-09 15:32:00,2011-11-01 10:21:00,8,3627.77
13328.0,2011-01-27 15:22:00,2011-01-27 15:22:00,1,1308.48
13329.0,2010-12-08 10:11:00,2011-11-08 10:29:00,2,789.0
13330.0,2011-01-28 10:08:00,2011-09-08 12:27:00,3,1140.93
13332.0,2011-11-25 13:30:00,2011-11-25 13:30:00,1,350.9
13334.0,2011-02-07 11:42:00,2011-09-18 15:21:00,3,3536.82
13336.0,2011-09-23 14:05:00,2011-09-23 14:05:00,1,795.12
13338.0,2011-07-05 09:06:00,2011-07-05 09:06:00,1,487.02000000000004
13339.0,2011-05-23 08:31:00,2011-05-23 08:31:00,1,860.12
13340.0,2011-03-08 11:39:00,2011-10-25 13:15:00,7,10736.48
13341.0,2011-03-24 09:50:00,2011-03-24 09:50:00,1,775.85
13343.0,2011-06-15 12:24:00,2011-06-15 12:24:00,1,353.43
13344.0,2011-03-07 10:28:00,2011-10-03 09:45:00,3,2543.72
13345.0,2011-02-25 09:01:00,2011-02-25 09:01:00,1,389.5
13347.0,2011-09-30 13:28:00,2011-09-30 13:28:00,1,341.36
13348.0,2011-10-06 17:28:00,2011-10-06 17:28:00,1,233.76
13349.0,2011-11-29 08:07:00,2011-11-29 08:07:00,1,247.32
13350.0,2011-09-21 13:33:00,2011-11-23 16:33:00,2,979.12
13351.0,2011-10-04 12:55:00,2011-10-04 12:55:00,1,373.94
13352.0,2011-10-10 13:55:00,2011-10-10 13:55:00,1,397.97999999999996
13354.0,2011-09-29 13:17:00,2011-09-29 13:17:00,1,743.53
13355.0,2011-08-09 14:48:00,2011-08-09 14:48:00,1,674.7
13356.0,2011-09-20 14:33:00,2011-09-20 14:33:00,1,768.24
13357.0,2011-03-27 13:56:00,2011-03-27 13:56:00,1,609.95
13358.0,2011-03-16 11:52:00,2011-03-16 11:52:00,1,439.03000000000003
13359.0,2011-10-07 09:30:00,2011-10-07 09:30:00,1,439.56
13362.0,2011-02-25 11:33:00,2011-11-30 14:41:00,4,3090.7400000000002
13363.0,2011-10-27 10:46:00,2011-11-22 12:40:00,2,992.5
13364.0,2011-09-29 18:13:00,2011-09-29 18:13:00,1,134.96
13365.0,2011-05-06 12:00:00,2011-11-06 12:36:00,2,2225.37
13366.0,2011-10-20 13:37:00,2011-10-20 13:37:00,1,56.160000000000004
13368.0,2011-01-06 12:32:00,2011-03-28 09:59:00,2,623.4
13369.0,2010-12-09 11:30:00,2010-12-09 11:30:00,1,308.28000000000003
13370.0,2010-12-03 10:26:00,2010-12-03 10:26:00,1,754.87
13372.0,2011-09-11 12:46:00,2011-09-11 12:46:00,1,378.64
13373.0,2011-03-08 14:35:00,2011-10-10 10:51:00,3,3312.25
13375.0,2011-09-12 10:19:00,2011-09-12 10:19:00,1,778.65
13376.0,2011-04-19 13:03:00,2011-09-01 16:16:00,3,1019.76
13379.0,2011-07-26 12:26:00,2011-11-13 13:45:00,3,572.56
13381.0,2011-02-14 10:10:00,2011-11-08 11:58:00,6,3639.31
13382.0,2011-03-04 10:03:00,2011-03-04 10:03:00,1,222.99
13384.0,2011-06-14 12:47:00,2011-11-09 11:04:00,7,4151.93
13385.0,2011-01-14 09:52:00,2011-01-14 09:52:00,1,534.57
13388.0,2011-07-31 12:52:00,2011-07-31 12:52:00,2,677.1
13389.0,2011-04-21 12:12:00,2011-11-28 14:01:00,3,797.96
13390.0,2011-09-26 08:38:00,2011-09-26 08:38:00,1,544.08
13391.0,2011-05-20 10:50:00,2011-05-20 10:50:00,1,59.8
13394.0,2011-02-03 10:39:00,2011-12-08 11:36:00,8,2520.02
13395.0,2011-06-07 15:04:00,2011-06-07 15:04:00,1,307.71999999999997
13396.0,2011-01-24 13:37:00,2011-11-10 16:59:00,2,1360.99
13397.0,2011-01-04 13:50:00,2011-09-28 10:56:00,5,1544.13
13398.0,2011-05-31 13:17:00,2011-05-31 13:17:00,1,457.34
13402.0,2010-12-02 17:12:00,2011-08-04 15:51:00,2,621.23
13403.0,2011-11-22 08:28:00,2011-11-22 08:28:00,1,75.0
13404.0,2011-05-11 11:57:00,2011-12-08 15:37:00,2,252.48999999999998
13405.0,2011-01-26 09:27:00,2011-09-26 17:01:00,3,572.451
13408.0,2010-12-01 10:39:00,2011-12-08 09:05:00,62,28117.04
13410.0,2011-02-21 14:38:00,2011-11-15 15:33:00,5,1003.06
13411.0,2011-08-24 13:57:00,2011-08-24 13:57:00,1,213.55
13414.0,2011-02-16 12:13:00,2011-07-29 11:45:00,3,1390.5
13416.0,2011-09-19 14:43:00,2011-10-27 08:56:00,2,712.5
13417.0,2011-05-18 16:26:00,2011-12-05 08:49:00,2,640.83
13418.0,2010-12-02 10:45:00,2011-11-28 10:23:00,18,6127.43
13419.0,2011-10-07 12:49:00,2011-10-07 12:49:00,1,221.06
13420.0,2011-06-22 11:35:00,2011-07-13 08:48:00,2,159.85
13421.0,2011-02-22 15:46:00,2011-10-30 14:21:00,2,1851.08
13422.0,2011-10-06 13:42:00,2011-10-06 13:42:00,1,2626.3
13425.0,2011-02-18 08:34:00,2011-08-23 17:13:00,3,1624.21
13426.0,2010-12-15 12:43:00,2011-12-09 08:59:00,10,3641.32
13427.0,2011-05-08 15:58:00,2011-11-20 13:02:00,3,582.6
13428.0,2011-11-29 14:20:00,2011-11-29 14:20:00,1,218.47
13429.0,2011-09-25 15:59:00,2011-11-29 09:10:00,4,1006.8
13430.0,2011-09-14 14:26:00,2011-11-21 08:19:00,2,679.45
13431.0,2011-09-12 11:25:00,2011-10-03 13:49:00,2,1269.1
13434.0,2011-09-04 10:35:00,2011-09-26 14:30:00,2,534.24
13435.0,2011-06-03 17:07:00,2011-12-04 14:45:00,7,3809.89
13436.0,2011-12-08 10:33:00,2011-12-08 10:33:00,1,196.89
13437.0,2011-06-02 14:30:00,2011-11-25 14:00:00,7,3408.06
13439.0,2011-03-29 14:20:00,2011-03-29 14:20:00,1,283.71
13441.0,2011-09-09 09:38:00,2011-09-09 09:38:00,1,296.64
13447.0,2011-11-04 10:10:00,2011-11-16 13:38:00,3,1129.14
13448.0,2010-12-01 10:52:00,2011-11-23 12:33:00,6,3539.3700000000003
13449.0,2011-11-16 08:28:00,2011-11-16 08:28:00,1,291.88
13450.0,2011-05-05 19:48:00,2011-11-13 11:54:00,6,2043.72
13451.0,2011-01-09 15:35:00,2011-11-13 15:58:00,5,2976.15
13452.0,2011-03-14 11:38:00,2011-03-25 14:19:00,2,590.0
13453.0,2011-02-23 09:44:00,2011-06-27 09:34:00,2,356.97999999999996
13455.0,2010-12-08 13:11:00,2011-11-15 11:21:00,2,1058.34
13456.0,2011-05-16 15:34:00,2011-11-22 09:18:00,6,1766.72
13458.0,2010-12-15 12:05:00,2011-12-02 15:29:00,14,9646.57
13460.0,2011-10-21 09:50:00,2011-11-10 17:17:00,2,183.44
13461.0,2011-06-29 10:23:00,2011-11-01 09:01:00,3,1445.0
13462.0,2011-04-01 11:20:00,2011-04-01 11:20:00,1,151.5
13464.0,2011-10-12 15:01:00,2011-10-12 15:01:00,1,674.68
13466.0,2011-06-08 16:39:00,2011-06-08 16:39:00,1,307.9
13467.0,2011-11-03 16:56:00,2011-11-29 10:01:00,2,1083.71
13468.0,2010-12-01 15:08:00,2011-12-08 10:39:00,37,5704.97
13470.0,2011-08-16 17:06:00,2011-09-01 14:57:00,2,165.0
13471.0,2011-10-23 13:10:00,2011-12-08 15:44:00,4,2531.58
13473.0,2011-01-11 08:45:00,2011-10-10 11:20:00,2,422.64
13474.0,2011-04-17 13:53:00,2011-04-17 13:53:00,1,229.59
13475.0,2011-02-14 12:36:00,2011-06-01 13:52:00,4,1431.78
13476.0,2011-03-03 14:43:00,2011-06-14 12:00:00,2,1238.47
13477.0,2011-02-21 12:29:00,2011-11-02 12:04:00,6,1454.58
13479.0,2011-04-19 11:27:00,2011-05-23 10:45:00,2,300.95
13481.0,2011-03-28 09:07:00,2011-10-25 09:07:00,5,1804.56
13482.0,2011-04-21 17:03:00,2011-04-21 17:03:00,1,184.64
13483.0,2011-10-05 11:53:00,2011-10-05 11:53:00,1,140.34
13484.0,2011-04-12 16:30:00,2011-04-12 16:30:00,1,313.8
13485.0,2011-04-20 13:58:00,2011-04-20 13:58:00,1,454.24
13486.0,2011-07-07 17:19:00,2011-09-22 13:13:00,3,1122.41
13487.0,2010-12-21 14:54:00,2011-10-13 12:07:00,3,575.4
13488.0,2010-12-07 13:01:00,2011-11-22 14:41:00,13,8968.31
13489.0,2011-02-18 10:42:00,2011-08-26 13:16:00,4,449.52
13491.0,2010-12-02 14:30:00,2011-10-19 08:32:00,10,1215.82
13492.0,2011-05-09 10:06:00,2011-07-26 14:25:00,3,1269.84
13493.0,2011-02-25 16:42:00,2011-03-09 15:35:00,2,618.63
13494.0,2011-02-01 11:58:00,2011-02-01 11:58:00,1,316.26000000000005
13495.0,2010-12-06 15:14:00,2011-12-02 11:21:00,5,2044.87
13496.0,2010-12-15 10:17:00,2011-11-29 10:58:00,2,653.33
13497.0,2010-12-06 11:37:00,2011-03-02 09:04:00,2,348.05
13499.0,2011-03-15 08:52:00,2011-11-22 11:21:00,5,1159.11
13500.0,2011-08-09 12:20:00,2011-11-16 15:35:00,3,1166.77
13501.0,2011-02-24 18:59:00,2011-02-24 18:59:00,1,1340.32
13502.0,2011-01-20 09:03:00,2011-11-23 10:39:00,3,292.0
13503.0,2011-09-29 13:23:00,2011-09-29 13:23:00,1,216.85
13504.0,2011-10-06 13:20:00,2011-10-06 13:20:00,1,295.93
13505.0,2011-04-21 12:07:00,2011-09-28 11:56:00,4,4393.63
13506.0,2010-12-05 12:15:00,2011-01-27 13:53:00,2,458.52
13507.0,2011-07-17 11:50:00,2011-12-06 13:13:00,4,2479.16
13508.0,2011-04-10 11:58:00,2011-04-10 11:58:00,1,110.97
13509.0,2011-02-28 13:27:00,2011-12-01 10:10:00,7,979.72
13510.0,2011-06-09 09:32:00,2011-12-08 13:46:00,4,1791.56
13512.0,2011-03-24 10:03:00,2011-03-24 10:03:00,1,251.21
13513.0,2011-08-05 11:50:00,2011-08-05 11:50:00,1,205.1
13514.0,2011-09-27 09:39:00,2011-09-27 09:39:00,1,152.20000000000002
13515.0,2011-04-06 10:33:00,2011-09-28 11:26:00,4,891.12
13516.0,2011-04-15 11:06:00,2011-11-18 13:15:00,3,1389.41
13517.0,2011-06-13 08:44:00,2011-10-11 11:43:00,3,2128.42
13518.0,2011-09-15 10:29:00,2011-09-15 10:29:00,1,659.4399999999999
13519.0,2011-09-22 18:24:00,2011-09-22 18:24:00,1,122.75
13520.0,2010-12-03 10:36:00,2011-10-12 10:20:00,6,3624.35
13521.0,2011-11-29 15:09:00,2011-12-08 13:50:00,3,1093.65
13522.0,2011-11-09 15:11:00,2011-11-09 15:11:00,1,125.80000000000001
13523.0,2010-12-08 14:22:00,2011-11-06 15:11:00,5,3964.88
13524.0,2011-05-04 12:26:00,2011-10-30 12:34:00,5,680.1800000000001
13525.0,2011-04-05 15:36:00,2011-11-25 12:01:00,2,628.78
13527.0,2011-01-17 11:17:00,2011-11-06 12:04:00,7,2287.51
13529.0,2011-05-19 11:50:00,2011-09-22 09:15:00,2,307.76
13531.0,2010-12-08 15:03:00,2011-05-18 16:56:00,2,483.8
13532.0,2011-11-06 12:25:00,2011-11-06 12:25:00,1,210.31
13533.0,2011-03-17 12:47:00,2011-06-10 11:54:00,3,270.79
13534.0,2010-12-16 15:23:00,2011-12-07 14:52:00,25,5870.08
13536.0,2011-09-25 13:30:00,2011-12-08 16:38:00,7,3448.29
13538.0,2011-01-28 10:40:00,2011-10-27 16:34:00,7,1280.85
13539.0,2011-02-03 15:23:00,2011-09-15 10:18:00,3,631.34
13544.0,2011-04-13 12:09:00,2011-10-31 11:57:00,2,291.41
13546.0,2011-05-23 12:14:00,2011-11-27 14:50:00,3,626.99
13548.0,2011-04-10 11:35:00,2011-09-04 14:50:00,2,682.41
13549.0,2011-04-11 13:42:00,2011-11-14 09:20:00,7,918.2
13551.0,2011-01-24 14:46:00,2011-01-24 14:46:00,1,91.80000000000001
13552.0,2011-01-28 10:10:00,2011-10-04 15:19:00,12,3740.07
13555.0,2011-05-22 11:06:00,2011-09-27 12:36:00,4,4149.28
13557.0,2011-03-04 12:14:00,2011-11-11 15:24:00,2,584.06
13558.0,2011-10-02 13:01:00,2011-12-04 11:24:00,4,605.06
13560.0,2011-12-02 13:11:00,2011-12-02 13:11:00,1,174.37
13561.0,2011-05-08 12:39:00,2011-05-08 12:39:00,1,141.85999999999999
13562.0,2011-04-08 12:42:00,2011-09-19 10:51:00,3,1799.33
13563.0,2011-07-22 17:21:00,2011-09-16 14:45:00,2,777.53
13564.0,2010-12-06 17:26:00,2011-07-18 14:33:00,3,1749.02
13565.0,2011-01-09 14:28:00,2011-11-20 14:33:00,2,240.22
13566.0,2011-09-18 12:40:00,2011-10-30 11:59:00,2,874.71
13568.0,2011-06-19 14:42:00,2011-06-19 14:42:00,1,192.85
13569.0,2010-12-07 12:29:00,2011-11-22 13:07:00,2,373.75
13570.0,2011-04-10 13:36:00,2011-04-10 13:36:00,1,239.49
13571.0,2011-03-31 12:43:00,2011-11-27 10:47:00,12,2092.32
13572.0,2011-05-18 11:59:00,2011-05-18 11:59:00,1,1384.25
13573.0,2011-03-31 14:47:00,2011-10-20 14:33:00,2,294.4
13575.0,2011-06-16 14:24:00,2011-11-16 13:14:00,5,732.0699999999999
13576.0,2010-12-01 17:24:00,2011-11-29 15:34:00,18,6717.34
13577.0,2011-04-12 10:33:00,2011-11-14 15:19:00,4,1687.6000000000001
13579.0,2010-12-05 16:10:00,2011-11-25 08:41:00,2,467.04
13581.0,2011-02-03 14:41:00,2011-02-03 14:41:00,1,118.0
13583.0,2011-07-07 10:40:00,2011-07-07 10:40:00,1,781.03
13584.0,2011-02-06 12:49:00,2011-02-06 12:49:00,1,142.4
13587.0,2011-10-07 12:31:00,2011-10-07 12:31:00,1,712.4
13588.0,2011-03-29 15:53:00,2011-11-24 10:42:00,9,2478.95
13589.0,2011-06-13 12:44:00,2011-11-25 12:10:00,2,379.65
13590.0,2011-02-09 13:25:00,2011-11-28 12:54:00,6,1981.92
13591.0,2011-03-18 12:18:00,2011-10-06 12:26:00,3,1117.13
13592.0,2011-03-20 14:01:00,2011-11-04 09:49:00,4,247.96
13593.0,2011-01-07 16:32:00,2011-08-23 13:35:00,5,2037.0800000000002
13594.0,2011-10-18 10:19:00,2011-10-18 10:19:00,1,396.97
13596.0,2011-11-27 11:57:00,2011-12-04 12:01:00,2,697.04
13598.0,2011-10-23 14:28:00,2011-10-23 14:28:00,1,180.17000000000002
13599.0,2010-12-08 10:11:00,2011-12-08 16:10:00,21,5153.67
13600.0,2011-01-31 15:27:00,2011-01-31 15:27:00,1,219.52
13601.0,2011-05-12 16:52:00,2011-10-25 17:31:00,2,693.32
13602.0,2011-10-06 11:47:00,2011-10-06 11:47:00,1,428.89
13603.0,2011-11-13 15:57:00,2011-11-13 15:57:00,1,164.34
13606.0,2011-02-01 11:42:00,2011-11-10 17:46:00,3,280.53999999999996
13607.0,2011-10-30 16:17:00,2011-10-30 16:17:00,1,678.01
13610.0,2011-02-27 14:44:00,2011-11-27 15:38:00,7,1131.88
13611.0,2010-12-15 10:31:00,2011-09-11 14:51:00,3,1171.8
13614.0,2011-01-13 12:37:00,2011-11-15 14:47:00,4,1610.46
13615.0,2011-01-25 08:21:00,2011-01-25 08:21:00,1,417.69
13617.0,2011-06-12 12:55:00,2011-10-30 13:50:00,3,544.18
13618.0,2011-06-19 11:09:00,2011-06-19 11:09:00,1,177.34
13621.0,2011-08-15 08:26:00,2011-08-15 08:26:00,1,213.85
13623.0,2011-02-15 13:08:00,2011-11-09 12:00:00,5,747.78
13626.0,2011-04-01 10:05:00,2011-04-01 10:05:00,1,257.23
13627.0,2010-12-17 09:52:00,2011-10-11 14:20:00,5,1638.47
13629.0,2011-01-05 12:09:00,2011-11-16 13:21:00,11,7792.36
13630.0,2011-02-27 12:49:00,2011-12-04 15:16:00,7,2031.78
13631.0,2011-03-17 17:13:00,2011-09-01 09:57:00,11,3070.42
13632.0,2011-04-10 15:07:00,2011-11-15 10:51:00,5,2121.27
13634.0,2011-01-16 15:30:00,2011-11-06 13:40:00,5,1575.16
13635.0,2011-10-03 10:55:00,2011-10-03 10:55:00,1,1071.03
13636.0,2011-02-27 14:29:00,2011-11-03 10:30:00,5,949.12
13637.0,2011-04-27 13:06:00,2011-10-18 13:32:00,3,810.5
13638.0,2011-11-24 10:38:00,2011-11-24 10:38:00,1,122.64
13639.0,2011-09-26 13:36:00,2011-09-26 13:36:00,1,1033.34
13642.0,2011-05-08 12:34:00,2011-05-08 12:34:00,1,354.8
13643.0,2011-06-07 11:40:00,2011-11-08 15:37:00,3,519.44
13644.0,2011-08-26 11:53:00,2011-11-23 14:07:00,4,2624.26
13645.0,2011-08-11 16:11:00,2011-08-11 16:11:00,1,252.1
13647.0,2011-04-19 09:49:00,2011-11-30 12:00:00,4,1678.1200000000001
13649.0,2010-12-08 14:46:00,2011-03-28 11:51:00,2,346.6
13650.0,2011-03-17 12:37:00,2011-11-23 12:22:00,6,1836.3400000000001
13651.0,2011-10-31 12:11:00,2011-11-04 14:59:00,2,94.2
13652.0,2010-12-06 09:21:00,2011-10-25 08:51:00,3,1095.08
13654.0,2011-03-11 12:54:00,2011-10-27 16:24:00,6,2707.33
13655.0,2011-04-12 09:53:00,2011-08-17 14:25:00,2,932.97
13656.0,2011-01-06 15:42:00,2011-06-28 10:31:00,2,379.65
13657.0,2011-05-22 12:35:00,2011-11-29 12:32:00,2,382.14
13658.0,2011-05-19 17:15:00,2011-11-30 10:13:00,5,2639.17
13659.0,2011-01-23 12:08:00,2011-05-18 12:37:00,2,1573.2
13662.0,2011-03-25 13:23:00,2011-09-15 12:04:00,3,897.76
13663.0,2011-06-13 15:44:00,2011-06-13 15:44:00,1,189.47
13666.0,2011-02-25 13:05:00,2011-10-10 15:39:00,3,84.65
13667.0,2011-07-13 15:42:00,2011-07-13 15:42:00,1,305.02
13668.0,2010-12-12 12:35:00,2011-12-07 12:11:00,21,6363.59
13669.0,2011-07-13 11:44:00,2011-10-20 09:32:00,2,218.55
13670.0,2011-09-25 15:25:00,2011-09-25 15:25:00,1,349.7
13672.0,2011-01-11 13:54:00,2011-02-11 13:53:00,2,186.39000000000001
13673.0,2011-11-07 15:40:00,2011-11-21 12:11:00,2,396.92
13675.0,2011-02-28 12:14:00,2011-07-11 12:57:00,2,486.82000000000005
13678.0,2011-07-11 10:14:00,2011-07-11 10:14:00,1,232.6
13680.0,2011-01-04 14:12:00,2011-12-08 13:47:00,4,3722.42
13681.0,2011-07-07 15:21:00,2011-11-22 11:13:00,4,827.83
13682.0,2011-06-05 14:06:00,2011-06-05 14:06:00,1,59.5
13684.0,2011-02-27 10:13:00,2011-02-27 10:13:00,1,67.23
13685.0,2011-10-10 12:59:00,2011-12-07 11:41:00,7,3119.44
13686.0,2011-06-10 09:10:00,2011-06-10 09:10:00,1,72.0
13689.0,2011-10-07 13:21:00,2011-10-07 13:21:00,1,910.0
13690.0,2011-10-11 15:03:00,2011-10-11 15:03:00,1,172.25
13692.0,2011-04-17 12:57:00,2011-11-15 11:17:00,3,1488.32
13694.0,2010-12-01 12:12:00,2011-12-06 09:32:00,50,65039.62
13695.0,2011-03-25 11:31:00,2011-11-08 14:26:00,15,2504.13
13697.0,2011-11-01 09:14:00,2011-11-01 09:14:00,1,151.29999999999998
13699.0,2011-07-07 16:51:00,2011-07-07 16:51:00,1,308.58000000000004
13700.0,2011-01-16 13:18:00,2011-11-13 13:00:00,10,2265.12
13703.0,2011-01-25 13:10:00,2011-01-25 13:10:00,1,99.5
13704.0,2011-09-12 14:40:00,2011-12-04 15:13:00,9,2308.06
13705.0,2010-12-01 10:29:00,2011-12-02 12:32:00,3,711.86
13706.0,2011-02-10 09:21:00,2011-02-10 09:21:00,1,330.79
13707.0,2011-01-28 13:27:00,2011-03-17 18:03:00,2,806.41
13708.0,2011-03-13 13:46:00,2011-03-13 13:46:00,1,296.88
13709.0,2011-01-28 14:57:00,2011-12-06 10:28:00,13,6328.05
13710.0,2011-11-08 08:16:00,2011-11-08 08:16:00,1,180.48
13711.0,2011-05-05 10:29:00,2011-05-05 10:31:00,2,252.06
13712.0,2011-04-07 12:33:00,2011-04-07 12:33:00,1,228.84
13715.0,2010-12-02 08:52:00,2011-03-03 19:21:00,5,1079.34
13716.0,2011-03-15 13:49:00,2011-03-15 13:49:00,1,138.28
13717.0,2011-02-14 13:21:00,2011-11-07 14:13:00,6,1445.01
13718.0,2011-02-17 11:58:00,2011-04-07 13:24:00,2,306.55
13719.0,2011-04-19 13:56:00,2011-11-24 15:26:00,5,1041.68
13720.0,2011-03-30 09:17:00,2011-08-15 12:46:00,4,799.9
13721.0,2011-11-03 14:05:00,2011-11-03 14:05:00,1,524.14
13722.0,2011-03-02 11:43:00,2011-07-31 12:44:00,3,2375.41
13723.0,2011-05-06 17:04:00,2011-05-06 17:04:00,1,199.85000000000002
13725.0,2011-02-04 12:18:00,2011-10-21 10:03:00,8,1980.56
13726.0,2011-08-31 11:06:00,2011-11-01 10:49:00,2,1079.66
13727.0,2011-11-06 12:16:00,2011-11-11 09:46:00,2,333.48
13728.0,2011-02-02 12:09:00,2011-11-03 10:49:00,6,1016.14
13730.0,2011-07-01 12:47:00,2011-07-27 08:35:00,2,752.6
13731.0,2011-04-07 10:10:00,2011-05-04 14:33:00,2,610.59
13732.0,2011-11-11 15:49:00,2011-11-11 15:49:00,1,491.86
13735.0,2011-04-19 13:49:00,2011-11-15 11:14:00,4,2885.2400000000002
13736.0,2011-03-24 13:04:00,2011-12-04 15:19:00,2,731.9
13737.0,2011-05-23 16:32:00,2011-05-23 16:32:00,1,339.59999999999997
13739.0,2011-11-21 13:35:00,2011-11-21 13:35:00,1,216.9
13740.0,2011-04-13 10:32:00,2011-04-13 10:32:00,1,350.75
13741.0,2011-05-06 13:43:00,2011-09-29 09:19:00,3,668.4300000000001
13742.0,2011-01-23 14:59:00,2011-11-23 11:07:00,12,3131.02
13743.0,2011-03-25 14:46:00,2011-12-07 10:09:00,7,1341.6
13744.0,2011-02-20 14:08:00,2011-09-05 15:19:00,2,1156.36
13745.0,2011-06-30 16:43:00,2011-06-30 16:43:00,1,300.04
13747.0,2010-12-01 10:37:00,2010-12-01 10:37:00,1,79.6
13748.0,2010-12-01 09:00:00,2011-09-05 09:45:00,5,948.25
13750.0,2011-01-07 11:49:00,2011-10-17 12:16:00,5,1647.26
13751.0,2011-02-24 15:56:00,2011-02-24 15:56:00,1,296.25
13752.0,2011-04-07 12:04:00,2011-08-07 14:16:00,6,1186.28
13753.0,2011-02-25 12:48:00,2011-02-25 12:48:00,1,741.26
13754.0,2011-01-26 14:58:00,2011-07-11 11:51:00,2,282.59999999999997
13755.0,2011-10-07 15:45:00,2011-12-06 12:26:00,9,2161.35
13756.0,2010-12-07 11:41:00,2011-12-07 16:44:00,14,5189.52
13758.0,2010-12-01 12:08:00,2011-11-28 11:11:00,7,3190.55
13759.0,2011-09-29 15:40:00,2011-11-06 14:47:00,2,659.41
13760.0,2011-03-28 12:52:00,2011-10-16 16:13:00,2,286.79
13761.0,2011-06-13 08:43:00,2011-10-20 14:01:00,2,1070.65
13762.0,2011-05-05 09:15:00,2011-05-05 09:15:00,1,306.71999999999997
13763.0,2011-10-07 15:13:00,2011-10-07 15:13:00,1,1714.96
13764.0,2011-01-06 14:53:00,2011-09-30 12:03:00,3,1521.76
13767.0,2010-12-01 10:47:00,2011-12-07 15:00:00,37,17220.36
13769.0,2010-12-07 13:28:00,2011-12-07 15:08:00,10,2796.51
13771.0,2011-04-06 15:47:00,2011-10-06 14:18:00,4,2634.45
13772.0,2011-04-14 12:31:00,2011-11-06 11:43:00,3,1132.13
13774.0,2011-09-19 12:06:00,2011-09-19 12:06:00,1,345.0
13777.0,2010-12-01 16:01:00,2011-12-09 12:25:00,33,25977.16
13778.0,2011-08-28 15:25:00,2011-08-28 15:25:00,1,178.7
13780.0,2011-06-22 11:43:00,2011-12-02 13:49:00,2,360.01
13781.0,2011-04-03 12:08:00,2011-04-03 12:08:00,1,127.84
13782.0,2011-01-16 11:08:00,2011-11-27 11:54:00,6,912.0
13784.0,2011-01-11 14:38:00,2011-11-30 09:33:00,11,2462.79
13786.0,2010-12-07 13:53:00,2010-12-07 13:53:00,1,230.39999999999998
13787.0,2010-12-10 14:45:00,2011-09-25 12:06:00,2,309.04
13790.0,2011-12-05 15:48:00,2011-12-05 15:48:00,1,348.8
13791.0,2011-06-24 16:38:00,2011-08-04 11:44:00,2,1516.0
13792.0,2011-02-25 14:03:00,2011-10-04 14:31:00,2,195.55
13798.0,2010-12-02 17:24:00,2011-12-08 15:51:00,57,37153.85
13799.0,2011-02-18 14:18:00,2011-08-15 12:07:00,2,688.86
13800.0,2011-02-03 12:27:00,2011-02-03 12:27:00,1,558.32
13801.0,2011-10-04 10:15:00,2011-10-04 10:15:00,1,324.8
13802.0,2011-02-01 12:03:00,2011-07-24 10:54:00,3,4599.42
13803.0,2011-03-29 12:57:00,2011-03-29 12:57:00,1,277.07
13804.0,2011-02-23 09:09:00,2011-11-09 12:32:00,7,2635.79
13805.0,2011-08-02 15:29:00,2011-10-18 14:50:00,2,924.6
13806.0,2011-10-07 11:43:00,2011-10-07 11:43:00,1,256.38
13807.0,2010-12-07 15:48:00,2010-12-07 15:48:00,1,112.6
13808.0,2011-09-04 12:07:00,2011-12-04 12:18:00,5,1747.66
13809.0,2011-02-07 13:15:00,2011-02-07 13:15:00,1,155.05
13810.0,2011-10-14 12:57:00,2011-11-11 08:33:00,3,1499.01
13811.0,2011-04-14 18:40:00,2011-06-09 09:54:00,3,814.5
13812.0,2011-08-26 12:54:00,2011-10-28 14:27:00,3,539.0
13813.0,2011-07-28 10:33:00,2011-10-31 10:38:00,4,1366.8600000000001
13814.0,2011-07-25 13:54:00,2011-09-08 13:48:00,2,1579.12
13815.0,2011-01-25 12:16:00,2011-11-17 14:19:00,4,4027.36
13816.0,2011-10-06 14:37:00,2011-11-16 08:38:00,2,571.67
13817.0,2010-12-23 11:46:00,2011-11-10 17:49:00,2,382.98
13819.0,2011-01-24 10:38:00,2011-02-11 10:38:00,3,1140.35
13821.0,2011-03-23 11:30:00,2011-07-18 09:49:00,2,385.64
13822.0,2011-10-30 15:55:00,2011-12-04 12:13:00,2,632.0
13823.0,2011-09-09 10:42:00,2011-11-21 10:22:00,2,957.66
13824.0,2011-02-02 13:07:00,2011-11-07 12:41:00,5,1698.94
13826.0,2011-06-16 13:48:00,2011-06-16 13:48:00,1,189.5
13827.0,2011-07-19 15:38:00,2011-10-13 12:38:00,3,412.05
13828.0,2011-11-17 16:02:00,2011-11-17 16:02:00,1,209.49
13831.0,2010-12-05 12:13:00,2011-11-23 15:41:00,6,2202.99
13832.0,2011-11-20 15:36:00,2011-11-20 15:36:00,1,52.199999999999996
13833.0,2011-07-03 13:27:00,2011-07-03 13:27:00,1,384.8
13835.0,2011-05-08 15:22:00,2011-11-14 15:37:00,4,834.57
13837.0,2011-01-26 12:15:00,2011-05-12 12:10:00,2,271.24
13838.0,2010-12-05 10:45:00,2011-12-04 11:00:00,4,691.73
13841.0,2011-04-01 12:10:00,2011-04-01 12:10:00,1,85.0
13842.0,2010-12-08 10:39:00,2011-10-12 10:51:00,9,3385.62
13844.0,2011-11-28 13:21:00,2011-11-28 13:21:00,1,361.62
13845.0,2011-10-06 08:25:00,2011-10-06 08:25:00,1,312.98
13846.0,2010-12-14 16:07:00,2011-11-15 12:07:00,3,865.0600000000001
13848.0,2010-12-08 15:10:00,2011-09-08 12:58:00,3,1255.0
13849.0,2011-06-22 10:11:00,2011-10-19 10:59:00,2,1537.95
13850.0,2011-08-02 14:04:00,2011-08-02 14:04:00,1,1595.48
13851.0,2011-02-24 17:18:00,2011-09-05 12:36:00,3,2651.46
13853.0,2011-10-13 14:18:00,2011-10-13 14:18:00,1,1090.14
13854.0,2010-12-09 10:48:00,2011-12-01 09:06:00,25,8109.5199999999995
13856.0,2011-05-20 13:13:00,2011-06-24 10:03:00,3,388.5
13858.0,2011-10-13 16:17:00,2011-10-13 16:17:00,1,216.17
13859.0,2011-01-17 16:14:00,2011-01-17 16:14:00,1,201.16
13860.0,2011-09-14 09:27:00,2011-12-08 12:57:00,5,1245.9
13862.0,2011-01-11 15:13:00,2011-11-21 16:24:00,8,2209.36
13863.0,2011-04-06 10:20:00,2011-04-06 10:20:00,1,305.78
13865.0,2011-02-23 12:04:00,2011-10-12 13:31:00,4,501.56
13866.0,2011-09-26 14:54:00,2011-09-26 14:54:00,1,145.67000000000002
13867.0,2011-05-05 17:28:00,2011-11-08 15:48:00,3,1015.29
13868.0,2011-11-01 12:45:00,2011-12-02 16:32:00,2,3192.54
13869.0,2010-12-17 15:14:00,2011-08-08 13:53:00,4,3104.95
13870.0,2011-02-25 09:09:00,2011-12-07 13:23:00,8,2770.94
13871.0,2011-02-04 09:30:00,2011-11-17 10:49:00,13,6403.25
13873.0,2011-02-03 09:37:00,2011-08-12 10:08:00,3,389.6
13874.0,2010-12-16 18:20:00,2010-12-16 18:20:00,1,540.45
13875.0,2011-02-11 15:39:00,2011-10-17 09:36:00,5,1786.79
13876.0,2011-10-07 10:22:00,2011-10-07 10:22:00,1,122.7
13877.0,2011-09-14 15:49:00,2011-09-14 15:49:00,1,117.24
13878.0,2011-10-16 12:19:00,2011-10-16 12:19:00,1,1281.53
13880.0,2010-12-07 14:00:00,2011-11-18 13:44:00,13,3219.77
13881.0,2011-02-01 10:14:00,2011-12-06 12:50:00,20,17159.52
13882.0,2011-10-06 15:28:00,2011-12-07 11:16:00,5,1191.13
13883.0,2011-03-31 17:17:00,2011-11-29 10:45:00,5,2674.48
13884.0,2011-03-01 13:40:00,2011-12-02 16:30:00,5,787.6
13885.0,2011-05-23 08:52:00,2011-06-03 15:07:00,2,506.8
13886.0,2011-09-29 13:17:00,2011-09-29 13:17:00,1,243.56
13887.0,2011-05-19 17:22:00,2011-05-19 17:22:00,1,349.55
13888.0,2011-05-05 14:41:00,2011-08-12 10:13:00,2,605.63
13889.0,2011-09-08 09:13:00,2011-09-08 09:13:00,1,416.90000000000003
13890.0,2010-12-16 09:31:00,2011-12-08 15:36:00,10,1883.81
13892.0,2011-04-07 12:04:00,2011-11-13 11:50:00,4,632.97
13893.0,2011-02-15 11:30:00,2011-02-15 11:30:00,1,821.1
13894.0,2011-02-02 12:54:00,2011-11-16 09:44:00,3,564.62
13895.0,2011-06-28 10:17:00,2011-11-11 16:57:00,4,2593.07
13897.0,2011-10-20 14:30:00,2011-10-20 14:30:00,1,311.16
13898.0,2011-01-18 10:28:00,2011-01-18 10:28:00,1,155.93
13899.0,2011-03-10 09:30:00,2011-11-23 13:40:00,2,388.52
13900.0,2011-03-22 10:13:00,2011-06-09 19:26:00,3,740.95
13901.0,2011-01-25 09:01:00,2011-09-28 14:48:00,5,2867.2000000000003
13904.0,2011-02-18 11:18:00,2011-11-02 13:41:00,2,332.64
13908.0,2011-03-08 12:04:00,2011-09-21 11:49:00,4,2369.55
13911.0,2011-02-04 14:46:00,2011-10-13 15:43:00,9,2580.91
13914.0,2011-11-03 16:28:00,2011-11-28 10:35:00,2,626.45
13917.0,2011-06-01 12:46:00,2011-10-21 09:56:00,2,272.04
13918.0,2011-03-31 18:05:00,2011-10-21 12:25:00,2,1212.8400000000001
13919.0,2011-08-10 10:15:00,2011-10-11 14:24:00,2,384.81
13922.0,2010-12-23 10:38:00,2010-12-23 10:38:00,1,172.25
13923.0,2011-10-17 12:33:00,2011-10-17 12:33:00,1,351.13
13924.0,2011-09-28 15:07:00,2011-12-08 09:39:00,6,1838.8500000000001
13925.0,2011-07-28 12:09:00,2011-09-08 12:47:00,4,678.25
13926.0,2011-11-16 13:16:00,2011-11-16 13:16:00,1,223.85000000000002
13927.0,2011-09-26 12:00:00,2011-09-26 12:00:00,1,348.99
13928.0,2011-07-29 15:59:00,2011-11-29 10:33:00,4,464.57
13929.0,2011-01-17 15:11:00,2011-06-23 15:26:00,2,842.65
13930.0,2011-07-26 11:00:00,2011-10-13 09:45:00,2,337.34
13931.0,2011-03-04 08:43:00,2011-09-05 10:12:00,2,1237.53
13932.0,2011-02-18 12:02:00,2011-02-18 12:02:00,1,307.4
13933.0,2011-07-14 13:35:00,2011-08-22 14:03:00,2,608.7900000000001
13934.0,2011-03-21 08:39:00,2011-03-21 08:39:00,1,922.1
13936.0,2011-06-13 08:47:00,2011-06-13 08:47:00,1,376.58
13937.0,2011-06-23 16:35:00,2011-06-23 16:35:00,1,158.85
13938.0,2011-11-04 14:37:00,2011-11-04 14:37:00,1,71.66
13939.0,2011-02-01 11:30:00,2011-11-16 13:33:00,3,568.55
13940.0,2011-07-18 16:05:00,2011-11-22 15:15:00,4,839.14
13941.0,2010-12-02 10:17:00,2011-11-18 09:43:00,5,5112.96
13946.0,2011-03-17 10:02:00,2011-09-21 13:33:00,3,561.5699999999999
13947.0,2011-10-05 14:42:00,2011-10-05 14:42:00,1,90.6
13948.0,2010-12-14 10:18:00,2010-12-14 10:18:00,1,102.0
13949.0,2011-09-06 11:55:00,2011-12-07 09:35:00,6,2427.32
13950.0,2011-04-07 11:29:00,2011-11-28 14:44:00,4,745.06
13951.0,2011-02-18 15:21:00,2011-06-16 16:43:00,3,674.45
13952.0,2011-04-15 09:27:00,2011-05-06 09:00:00,2,3251.071
13953.0,2010-12-22 10:29:00,2011-12-02 16:04:00,7,3515.68
13954.0,2011-09-30 10:52:00,2011-12-08 12:50:00,2,439.92
13955.0,2011-02-07 12:24:00,2011-07-08 17:19:00,2,322.96
13956.0,2011-03-13 12:51:00,2011-12-04 13:20:00,5,1026.42
13959.0,2010-12-12 13:56:00,2011-09-21 15:06:00,3,598.2
13960.0,2011-09-29 12:39:00,2011-11-18 15:27:00,2,230.22
13962.0,2011-04-08 11:21:00,2011-11-18 08:47:00,2,169.55
13963.0,2010-12-07 09:21:00,2011-02-04 14:43:00,4,664.54
13967.0,2011-07-17 12:02:00,2011-07-17 12:02:00,1,80.7
13969.0,2010-12-09 19:32:00,2011-12-02 15:11:00,18,9053.94
13971.0,2011-02-27 12:27:00,2011-11-21 12:06:00,8,2758.26
13972.0,2011-05-22 11:34:00,2011-09-30 11:54:00,2,190.25
13973.0,2011-02-25 15:21:00,2011-02-25 15:21:00,1,264.7
13974.0,2011-10-21 14:41:00,2011-10-21 14:41:00,1,413.59000000000003
13975.0,2011-03-08 12:19:00,2011-11-08 13:19:00,6,2526.28
13976.0,2011-05-17 09:13:00,2011-05-17 09:13:00,1,357.98
13978.0,2011-10-25 15:04:00,2011-11-25 11:36:00,2,196.79000000000002
13979.0,2011-09-27 13:32:00,2011-09-27 13:32:00,1,869.87
13980.0,2011-10-10 13:34:00,2011-10-10 13:34:00,1,200.14
13982.0,2010-12-09 13:57:00,2011-10-31 16:24:00,4,1871.81
13983.0,2010-12-08 10:38:00,2011-11-10 11:06:00,12,2603.43
13984.0,2010-12-08 15:58:00,2011-11-13 12:38:00,5,920.51
13985.0,2011-03-20 13:48:00,2011-12-05 17:06:00,15,7060.13
13986.0,2011-11-22 15:00:00,2011-11-22 15:00:00,1,320.46
13988.0,2011-03-30 11:48:00,2011-11-20 10:15:00,6,4147.96
13989.0,2011-04-14 15:39:00,2011-10-05 09:47:00,2,1266.08
13990.0,2011-05-10 15:19:00,2011-05-10 15:19:00,1,311.3
13991.0,2011-07-19 12:58:00,2011-11-27 16:18:00,6,855.97
13992.0,2011-11-09 15:23:00,2011-11-09 15:23:00,1,76.8
13993.0,2011-01-13 10:43:00,2011-10-28 09:06:00,9,3466.36
13994.0,2011-07-14 18:28:00,2011-12-06 11:05:00,6,2313.14
13995.0,2011-04-08 08:20:00,2011-11-24 14:22:00,5,1393.69
13999.0,2010-12-13 11:23:00,2011-11-29 13:40:00,12,3901.81
14000.0,2011-05-12 16:50:00,2011-05-12 16:50:00,1,635.66
14001.0,2010-12-01 12:58:00,2011-10-25 10:31:00,3,2043.08
14002.0,2011-07-06 14:59:00,2011-07-28 15:55:00,2,529.73
14004.0,2011-02-24 09:28:00,2011-10-27 14:40:00,7,4582.64
14005.0,2011-05-08 10:33:00,2011-11-30 12:41:00,5,2874.72
14006.0,2011-01-31 15:11:00,2011-08-16 09:39:00,3,962.19
14009.0,2011-05-18 13:00:00,2011-05-25 15:47:00,2,695.61
14012.0,2011-03-07 12:26:00,2011-03-07 12:26:00,1,328.8
14013.0,2011-03-09 08:59:00,2011-08-21 15:01:00,3,473.02
14014.0,2011-09-23 13:18:00,2011-09-23 13:18:00,1,505.18
14015.0,2011-10-18 10:02:00,2011-10-18 10:02:00,1,917.34
14016.0,2010-12-17 14:21:00,2011-07-01 11:29:00,4,4341.21
14019.0,2011-07-24 15:39:00,2011-10-24 10:13:00,3,1421.61
14020.0,2011-09-12 15:32:00,2011-11-23 09:22:00,2,642.8
14021.0,2011-03-28 15:10:00,2011-07-07 15:46:00,3,631.9
14022.0,2011-04-28 14:39:00,2011-04-28 14:39:00,1,440.0
14023.0,2011-04-03 15:50:00,2011-12-02 13:58:00,2,584.07
14024.0,2011-08-07 13:31:00,2011-08-10 11:30:00,2,327.7
14027.0,2011-10-10 09:01:00,2011-10-10 09:01:00,1,104.82
14029.0,2011-07-18 16:57:00,2011-10-07 14:46:00,2,467.66
14030.0,2010-12-08 16:11:00,2011-11-21 16:48:00,8,2360.09
14031.0,2010-12-02 16:34:00,2011-12-02 17:13:00,19,17286.86
14032.0,2010-12-08 10:53:00,2011-12-07 15:23:00,11,2975.59
14034.0,2011-07-05 13:06:00,2011-11-17 14:02:00,3,651.82
14035.0,2011-02-15 12:48:00,2011-11-11 10:03:00,5,1428.02
14036.0,2011-02-28 09:26:00,2011-02-28 09:26:00,1,626.65
14037.0,2010-12-10 11:39:00,2011-06-16 13:57:00,2,147.20000000000002
14038.0,2011-05-16 14:05:00,2011-09-22 13:37:00,3,1560.38
14039.0,2011-11-06 13:48:00,2011-11-06 13:48:00,1,152.2
14040.0,2011-01-12 14:57:00,2011-10-30 12:42:00,12,3614.92
14041.0,2011-03-18 13:25:00,2011-03-18 13:25:00,1,141.41
14044.0,2011-02-03 11:39:00,2011-11-13 12:05:00,4,652.82
14045.0,2010-12-01 11:32:00,2011-08-22 15:27:00,4,1659.75
14046.0,2011-02-28 14:48:00,2011-02-28 14:48:00,1,154.99
14047.0,2010-12-02 10:09:00,2011-12-01 11:43:00,5,1308.6100000000001
14048.0,2011-02-07 14:53:00,2011-02-07 14:53:00,1,409.93
14049.0,2011-01-26 11:27:00,2011-11-23 12:20:00,4,5681.72
14050.0,2011-08-25 13:46:00,2011-11-08 10:00:00,2,746.36
14051.0,2010-12-08 12:49:00,2011-12-09 10:20:00,23,15610.390000000001
14052.0,2011-11-20 12:30:00,2011-11-20 12:30:00,1,225.36
14053.0,2011-07-03 12:21:00,2011-08-07 14:27:00,2,260.25
14054.0,2011-10-05 15:49:00,2011-10-05 15:49:00,1,92.46
14055.0,2011-08-25 15:04:00,2011-08-25 15:04:00,1,725.6400000000001
14056.0,2011-02-28 15:19:00,2011-12-08 13:36:00,23,8214.65
14057.0,2010-12-14 12:11:00,2011-11-16 10:32:00,17,6217.96
14059.0,2011-03-18 10:06:00,2011-03-18 10:06:00,1,183.6
14060.0,2010-12-02 12:11:00,2011-12-05 12:29:00,19,6140.42
14062.0,2010-12-10 15:56:00,2011-11-30 10:04:00,12,10464.85
14064.0,2011-03-10 12:59:00,2011-11-10 13:14:00,5,1353.74
14066.0,2011-03-18 12:21:00,2011-03-18 12:21:00,1,152.55
14067.0,2011-09-04 12:00:00,2011-10-07 10:21:00,2,374.7
14068.0,2011-01-23 16:02:00,2011-01-23 16:02:00,1,265.85
14071.0,2011-03-20 11:33:00,2011-12-06 12:27:00,8,1438.82
14073.0,2011-11-07 15:49:00,2011-11-07 15:49:00,1,151.04
14075.0,2011-03-23 16:35:00,2011-12-05 08:38:00,3,942.26
14076.0,2011-08-02 15:19:00,2011-08-02 15:19:00,1,122.47
14077.0,2011-03-10 15:52:00,2011-10-30 12:35:00,5,499.42
14078.0,2010-12-01 12:54:00,2011-08-30 12:16:00,6,1049.37
14079.0,2011-08-07 12:10:00,2011-08-07 12:10:00,1,375.09999999999997
14080.0,2011-11-07 11:09:00,2011-11-07 11:09:00,1,45.599999999999994
14081.0,2010-12-05 15:47:00,2011-02-10 16:17:00,2,934.52
14082.0,2010-12-10 11:02:00,2010-12-10 11:02:00,1,182.25
14083.0,2010-12-03 12:24:00,2011-12-05 13:14:00,9,1018.43
14085.0,2010-12-06 12:39:00,2011-12-07 13:46:00,18,4448.54
14087.0,2011-12-07 12:41:00,2011-12-07 12:41:00,1,194.42
14088.0,2011-01-21 13:07:00,2011-11-29 16:16:00,13,50491.81
14089.0,2011-10-14 10:38:00,2011-10-14 10:38:00,1,161.0
14090.0,2011-01-19 10:51:00,2011-01-19 10:51:00,1,76.32000000000001
14092.0,2010-12-16 15:47:00,2011-12-02 12:13:00,14,4076.91
14093.0,2011-11-27 16:27:00,2011-11-27 16:27:00,1,442.85
14096.0,2011-08-30 10:49:00,2011-12-05 17:17:00,17,65164.79
14098.0,2011-11-03 10:13:00,2011-11-03 10:13:00,1,147.35
14099.0,2010-12-20 11:14:00,2011-11-23 13:53:00,11,3104.17
14100.0,2011-07-25 11:01:00,2011-07-25 11:01:00,1,194.9
14101.0,2011-01-17 13:09:00,2011-09-27 12:28:00,6,5976.79
14102.0,2011-10-26 12:46:00,2011-12-04 15:38:00,5,1360.28
14104.0,2011-06-27 12:49:00,2011-07-08 12:50:00,2,216.21
14105.0,2011-04-14 17:58:00,2011-04-14 17:58:00,1,1266.23
14107.0,2010-12-10 13:29:00,2011-10-19 12:12:00,7,2703.23
14108.0,2011-08-30 11:32:00,2011-11-09 10:41:00,2,597.91
14109.0,2011-09-28 10:18:00,2011-09-28 10:18:00,1,144.2
14110.0,2011-03-18 09:59:00,2011-12-06 12:26:00,12,5683.150000000001
14111.0,2011-04-12 11:36:00,2011-11-25 13:44:00,4,692.85
14112.0,2011-03-09 11:28:00,2011-11-17 12:30:00,7,2915.15
14113.0,2010-12-20 12:14:00,2011-12-06 12:18:00,4,1840.42
14114.0,2011-01-13 11:05:00,2011-03-11 09:42:00,2,386.53
14116.0,2011-08-10 12:44:00,2011-11-20 10:29:00,5,1382.74
14117.0,2011-07-19 09:49:00,2011-07-19 09:49:00,1,90.0
14121.0,2011-10-11 10:39:00,2011-12-06 12:19:00,4,2780.15
14124.0,2011-09-16 13:32:00,2011-09-16 13:32:00,1,419.58
14125.0,2011-09-22 15:40:00,2011-11-29 12:47:00,3,2740.43
14126.0,2011-11-29 12:21:00,2011-12-02 11:45:00,3,706.13
14127.0,2011-02-02 12:26:00,2011-08-09 10:49:00,3,709.71
14128.0,2011-03-29 10:49:00,2011-10-10 12:00:00,2,637.5
14129.0,2011-03-24 08:44:00,2011-12-08 11:02:00,5,1123.8600000000001
14130.0,2011-01-24 16:05:00,2011-01-24 16:05:00,1,483.86
14132.0,2011-06-09 12:04:00,2011-12-07 13:35:00,11,3586.0299999999997
14133.0,2011-01-28 11:27:00,2011-08-02 11:34:00,3,605.64
14135.0,2010-12-02 10:27:00,2011-12-08 11:38:00,15,4690.31
14138.0,2011-10-07 09:38:00,2011-12-08 12:44:00,2,982.3800000000001
14139.0,2011-10-24 13:34:00,2011-10-24 13:34:00,1,415.82
14140.0,2011-11-08 11:20:00,2011-12-06 09:05:00,2,935.05
14141.0,2011-08-26 14:40:00,2011-12-07 09:53:00,4,915.1300000000001
14142.0,2010-12-01 16:33:00,2010-12-01 16:33:00,1,311.81
14143.0,2011-07-29 09:48:00,2011-07-29 09:48:00,1,115.8
14145.0,2011-05-06 13:01:00,2011-10-24 12:10:00,4,3742.2
14146.0,2010-12-17 15:52:00,2011-12-01 10:18:00,5,4191.0
14147.0,2011-02-27 11:42:00,2011-09-22 18:10:00,2,483.4
14148.0,2011-04-20 12:02:00,2011-04-20 12:02:00,1,157.2
14149.0,2011-05-03 09:44:00,2011-05-03 09:44:00,1,446.62
14150.0,2010-12-15 10:04:00,2011-11-04 10:05:00,2,658.64
14152.0,2011-04-19 15:46:00,2011-09-25 12:54:00,2,621.29
14154.0,2011-04-14 15:58:00,2011-04-14 16:26:00,2,1345.62
14155.0,2011-03-18 14:13:00,2011-03-18 14:13:00,1,118.75
14156.0,2010-12-03 11:48:00,2011-11-30 10:54:00,55,117379.63
14157.0,2011-02-27 13:04:00,2011-11-20 11:32:00,2,432.88
14158.0,2011-10-30 15:08:00,2011-10-30 15:08:00,1,507.66
14159.0,2010-12-12 11:17:00,2011-11-20 12:36:00,11,4693.01
14161.0,2010-12-05 13:18:00,2011-05-08 11:41:00,3,1110.52
14162.0,2011-02-20 12:32:00,2011-06-19 11:36:00,2,289.36
14163.0,2011-04-14 17:33:00,2011-09-13 15:18:00,4,2445.91
14164.0,2011-09-20 12:18:00,2011-09-30 12:24:00,2,1631.77
14165.0,2011-03-09 12:39:00,2011-03-09 12:39:00,1,122.53999999999999
14167.0,2011-01-12 15:44:00,2011-10-31 14:29:00,4,574.84
14171.0,2011-09-02 16:43:00,2011-09-02 16:43:00,1,363.79
14173.0,2011-05-04 14:03:00,2011-11-29 11:54:00,4,450.84000000000003
14174.0,2011-11-06 13:17:00,2011-11-06 13:17:00,1,134.46
14175.0,2011-01-14 12:22:00,2011-10-11 11:55:00,3,3222.3
14176.0,2010-12-07 11:45:00,2011-02-15 13:12:00,4,576.9
14177.0,2011-06-13 11:10:00,2011-09-14 15:11:00,4,559.41
14178.0,2011-06-10 12:51:00,2011-12-01 12:01:00,7,1620.93
14179.0,2011-10-18 14:00:00,2011-10-30 12:07:00,2,719.78
14180.0,2010-12-02 13:08:00,2011-11-29 10:56:00,25,4748.52
14184.0,2011-10-04 12:43:00,2011-10-04 12:43:00,1,452.89
14185.0,2011-01-12 13:52:00,2011-01-12 13:52:00,1,197.65
14188.0,2011-02-02 13:46:00,2011-11-09 12:45:00,6,2054.36
14189.0,2010-12-06 11:42:00,2011-12-07 15:55:00,15,4654.08
14191.0,2011-05-03 10:30:00,2011-12-08 09:23:00,13,4684.76
14193.0,2011-03-15 11:38:00,2011-10-03 09:34:00,2,853.39
14194.0,2011-02-04 14:51:00,2011-12-05 10:38:00,21,11349.52
14195.0,2011-04-01 16:50:00,2011-05-22 10:29:00,2,1012.0
14196.0,2011-08-25 10:25:00,2011-08-25 10:25:00,1,335.52
14198.0,2011-04-14 14:54:00,2011-11-21 16:35:00,4,701.4
14199.0,2011-05-05 13:44:00,2011-05-05 13:44:00,1,185.39999999999998
14201.0,2010-12-15 13:25:00,2011-10-10 13:27:00,7,747.44
14204.0,2011-12-07 13:38:00,2011-12-07 13:38:00,1,161.03
14205.0,2011-03-20 15:07:00,2011-11-23 10:55:00,2,466.7
14206.0,2011-04-14 16:38:00,2011-04-14 16:38:00,1,328.15999999999997
14208.0,2011-09-06 12:48:00,2011-09-06 12:48:00,1,151.74
14209.0,2011-01-11 12:56:00,2011-11-29 10:18:00,6,2073.43
14210.0,2010-12-03 12:43:00,2011-08-26 12:36:00,6,1905.8400000000001
14211.0,2011-02-17 15:50:00,2011-10-17 13:23:00,9,2241.1
14212.0,2011-09-11 12:45:00,2011-09-11 12:45:00,1,1070.48
14214.0,2011-03-07 12:26:00,2011-11-09 10:31:00,5,1004.38
14215.0,2010-12-06 15:34:00,2011-11-28 12:19:00,6,1789.72
14216.0,2011-11-02 10:51:00,2011-12-06 14:56:00,4,1839.3
14217.0,2010-12-08 13:28:00,2011-12-08 11:53:00,17,2004.98
14218.0,2011-10-28 10:00:00,2011-10-28 10:00:00,1,169.48000000000002
14219.0,2011-12-05 16:23:00,2011-12-05 16:23:00,1,89.94
14220.0,2010-12-16 18:18:00,2011-04-06 13:23:00,2,632.4
14221.0,2011-01-04 15:33:00,2011-10-28 13:42:00,9,3432.8
14222.0,2011-06-15 16:42:00,2011-06-15 16:42:00,1,683.17
14223.0,2011-03-20 16:02:00,2011-09-08 13:38:00,3,991.13
14224.0,2011-01-23 13:58:00,2011-08-21 13:24:00,4,1050.12
14226.0,2011-03-15 15:36:00,2011-11-11 11:34:00,5,2232.19
14227.0,2011-02-28 12:27:00,2011-11-13 15:48:00,10,3350.96
14229.0,2011-01-10 12:03:00,2011-10-19 10:04:00,3,1547.2
14231.0,2011-02-24 11:55:00,2011-06-09 11:05:00,3,925.71
14232.0,2011-03-20 12:44:00,2011-10-28 11:09:00,5,2048.07
14233.0,2011-01-26 12:43:00,2011-10-21 15:54:00,4,1462.72
14234.0,2011-10-13 13:58:00,2011-11-17 17:53:00,4,775.46
14235.0,2011-03-24 13:23:00,2011-09-25 14:37:00,5,3144.86
14236.0,2010-12-02 18:49:00,2011-09-20 09:13:00,2,490.86
14237.0,2010-12-01 13:20:00,2010-12-01 13:20:00,1,161.0
14238.0,2011-01-17 14:40:00,2011-01-17 14:40:00,1,146.85
14239.0,2011-01-27 14:45:00,2011-10-27 14:40:00,11,2380.85
14240.0,2011-04-28 11:40:00,2011-11-09 13:45:00,2,890.34
14241.0,2011-06-09 11:46:00,2011-06-09 11:46:00,1,213.70000000000002
14242.0,2011-01-18 08:53:00,2011-04-19 11:46:00,2,280.55
14243.0,2010-12-09 08:34:00,2011-12-01 11:12:00,10,2588.77
14245.0,2011-03-21 10:41:00,2011-05-04 08:40:00,2,1693.45
14246.0,2011-04-08 08:25:00,2011-08-21 11:50:00,3,1474.06
14247.0,2011-03-06 15:21:00,2011-03-06 15:21:00,1,136.77
14248.0,2011-01-25 14:45:00,2011-01-25 14:45:00,1,302.58
14250.0,2011-09-11 13:44:00,2011-12-02 14:30:00,3,1904.05
14251.0,2011-10-13 12:46:00,2011-12-08 08:32:00,5,2879.7000000000003
14256.0,2010-12-10 11:44:00,2011-03-24 13:17:00,2,969.0600000000001
14257.0,2011-01-25 10:49:00,2011-10-06 16:54:00,5,3099.7200000000003
14258.0,2011-01-06 12:18:00,2011-11-30 15:27:00,9,12669.98
14259.0,2011-07-21 10:44:00,2011-07-21 10:44:00,1,120.0
14261.0,2011-09-22 10:47:00,2011-10-20 10:04:00,2,1163.45
14262.0,2011-04-13 12:23:00,2011-12-01 14:17:00,8,2618.23
14264.0,2011-04-08 12:20:00,2011-07-08 10:20:00,2,333.97
14265.0,2011-07-14 09:10:00,2011-08-22 13:32:00,2,530.18
14267.0,2011-03-24 11:38:00,2011-06-30 10:09:00,3,1516.24
14270.0,2011-01-12 09:33:00,2011-01-12 09:33:00,1,492.65000000000003
14271.0,2011-04-28 12:47:00,2011-04-28 12:47:00,1,112.32000000000001
14272.0,2011-03-30 13:57:00,2011-09-27 10:08:00,2,437.96
14273.0,2011-04-11 13:24:00,2011-10-19 13:20:00,4,559.97
14276.0,2011-02-23 09:38:00,2011-09-02 09:45:00,3,1119.74
14277.0,2011-05-11 13:20:00,2011-11-24 15:01:00,3,4216.2
14280.0,2011-05-27 10:37:00,2011-05-27 10:37:00,1,134.04
14282.0,2010-12-07 12:21:00,2011-12-06 17:04:00,15,3729.34
14284.0,2011-09-14 13:04:00,2011-11-09 08:11:00,2,595.25
14285.0,2011-06-16 12:36:00,2011-11-18 14:50:00,4,1910.01
14286.0,2011-04-11 08:16:00,2011-11-16 10:34:00,3,4628.75
14287.0,2011-05-25 11:41:00,2011-12-01 13:25:00,3,176.63
14288.0,2011-05-10 13:22:00,2011-05-10 13:22:00,1,426.6
14289.0,2011-02-23 12:33:00,2011-12-01 11:44:00,6,911.26
14290.0,2010-12-13 10:24:00,2011-11-28 14:02:00,5,2314.65
14291.0,2011-03-09 15:20:00,2011-12-08 10:26:00,11,3883.25
14292.0,2011-03-02 08:26:00,2011-12-02 11:50:00,9,4871.93
14293.0,2010-12-06 10:18:00,2011-12-06 15:17:00,4,1046.56
14295.0,2011-10-30 15:50:00,2011-10-30 15:50:00,1,166.20000000000002
14297.0,2011-03-10 08:31:00,2011-11-22 09:06:00,4,1305.33
14298.0,2010-12-14 12:59:00,2011-12-01 13:12:00,44,51527.3
14299.0,2010-12-09 10:30:00,2011-12-01 16:05:00,9,3965.62
14300.0,2011-11-21 08:57:00,2011-11-21 08:57:00,1,43.2
14301.0,2011-08-14 15:33:00,2011-08-14 15:33:00,1,640.14
14304.0,2011-05-01 11:50:00,2011-05-01 11:50:00,1,383.45
14305.0,2011-07-27 14:14:00,2011-09-29 15:29:00,3,1858.96
14306.0,2011-09-15 10:31:00,2011-10-19 13:23:00,2,2093.32
14307.0,2010-12-01 11:41:00,2011-09-12 09:38:00,6,2995.72
14309.0,2010-12-16 13:05:00,2011-12-01 13:33:00,9,2352.53
14311.0,2011-04-11 10:14:00,2011-04-11 10:14:00,1,310.26
14312.0,2011-01-06 16:35:00,2011-10-24 09:46:00,6,1611.59
14314.0,2011-08-25 10:39:00,2011-08-25 10:39:00,1,120.0
14315.0,2011-03-18 12:59:00,2011-10-26 12:06:00,6,2481.13
14317.0,2011-10-06 10:44:00,2011-10-06 10:44:00,1,508.58
14320.0,2011-01-11 09:12:00,2011-05-17 09:24:00,2,477.79
14321.0,2011-01-10 11:35:00,2011-11-29 09:47:00,5,1530.75
14323.0,2011-04-15 11:44:00,2011-08-17 11:37:00,2,605.0600000000001
14326.0,2011-04-11 15:04:00,2011-04-11 15:04:00,1,183.85
14327.0,2011-06-29 13:58:00,2011-06-29 13:58:00,1,311.65000000000003
14329.0,2011-01-14 13:42:00,2011-11-22 15:50:00,7,5014.84
14331.0,2011-07-27 15:14:00,2011-08-07 13:17:00,2,462.66
14332.0,2011-07-15 10:33:00,2011-11-17 11:54:00,3,866.3100000000001
14333.0,2011-10-03 10:38:00,2011-10-03 10:38:00,1,415.2
14334.0,2010-12-16 17:37:00,2011-11-23 10:01:00,8,2552.21
14335.0,2011-09-04 13:07:00,2011-11-23 13:41:00,2,468.26
14336.0,2011-03-08 16:48:00,2011-11-23 11:40:00,4,1614.91
14338.0,2011-05-27 13:30:00,2011-07-01 14:08:00,2,588.22
14339.0,2011-04-11 11:06:00,2011-04-11 11:06:00,1,309.52
14340.0,2011-05-05 09:44:00,2011-05-05 09:44:00,1,134.7
14341.0,2011-01-25 13:55:00,2011-10-25 15:48:00,8,2182.28
14342.0,2011-05-13 13:50:00,2011-11-18 13:21:00,4,668.56
14344.0,2010-12-06 11:58:00,2011-08-04 13:51:00,8,889.9300000000001
14345.0,2011-11-01 09:51:00,2011-11-01 09:51:00,1,108.97999999999999
14346.0,2011-02-15 13:52:00,2011-08-11 09:47:00,2,1021.58
14348.0,2011-03-24 16:23:00,2011-03-24 16:23:00,1,409.57
14349.0,2011-11-29 15:39:00,2011-11-29 15:39:00,1,133.5
14350.0,2011-03-10 14:14:00,2011-03-10 14:14:00,1,282.93
14351.0,2011-06-28 11:56:00,2011-06-28 11:56:00,1,51.0
14352.0,2011-03-11 14:58:00,2011-07-05 15:41:00,4,1078.96
14353.0,2011-05-08 16:06:00,2011-05-08 16:06:00,1,90.6
14354.0,2011-11-09 15:36:00,2011-12-04 11:32:00,2,163.62
14355.0,2010-12-09 12:16:00,2010-12-09 12:16:00,1,174.4
14356.0,2011-09-19 14:43:00,2011-09-21 09:18:00,2,701.23
14357.0,2011-10-27 16:23:00,2011-10-27 16:23:00,1,225.77
14359.0,2011-09-13 09:03:00,2011-11-20 13:17:00,3,912.18
14360.0,2011-09-06 11:58:00,2011-11-08 09:12:00,4,2128.23
14362.0,2011-11-17 15:08:00,2011-11-17 15:08:00,1,161.2
14364.0,2011-05-12 12:56:00,2011-08-23 11:01:00,8,3717.35
14367.0,2011-03-08 14:12:00,2011-12-01 13:19:00,16,9261.52
14368.0,2011-01-24 09:52:00,2011-01-24 09:52:00,1,155.0
14371.0,2011-02-17 16:35:00,2011-02-17 16:35:00,1,100.5
14373.0,2010-12-16 15:40:00,2010-12-16 15:40:00,1,76.55
14375.0,2011-06-07 13:44:00,2011-06-07 13:44:00,1,257.68
14377.0,2011-03-22 13:38:00,2011-06-01 13:32:00,2,617.05
14379.0,2011-02-17 15:03:00,2011-10-26 16:43:00,2,348.1
14381.0,2011-10-18 17:10:00,2011-10-18 17:10:00,1,202.68
14382.0,2011-11-13 16:18:00,2011-11-13 16:18:00,1,626.0699999999999
14383.0,2011-06-29 10:18:00,2011-11-01 15:53:00,3,1247.69
14385.0,2011-11-16 11:55:00,2011-11-30 15:36:00,3,202.11
14386.0,2011-02-16 09:45:00,2011-02-16 09:45:00,1,142.4
14387.0,2011-08-22 14:13:00,2011-11-07 12:29:00,3,1770.56
14388.0,2010-12-02 11:02:00,2011-11-29 13:32:00,8,3212.84
14389.0,2011-06-02 12:04:00,2011-10-05 15:17:00,2,1043.46
14390.0,2010-12-02 11:57:00,2011-11-29 13:49:00,9,4652.82
14393.0,2011-05-05 18:16:00,2011-05-05 18:16:00,1,67.95
14395.0,2010-12-02 18:15:00,2011-12-07 14:34:00,9,3507.71
14396.0,2010-12-03 15:19:00,2011-10-05 16:09:00,2,487.99
14397.0,2011-05-10 12:25:00,2011-12-07 09:22:00,19,2612.96
14400.0,2011-07-13 15:50:00,2011-07-13 15:50:00,1,574.7
14401.0,2010-12-15 09:07:00,2011-12-05 13:30:00,13,4051.48
14403.0,2011-04-06 14:23:00,2011-08-01 12:57:00,4,1475.81
14404.0,2010-12-05 16:00:00,2011-11-06 12:30:00,6,1474.32
14406.0,2011-08-12 16:54:00,2011-08-12 16:54:00,1,156.75
14407.0,2011-03-08 11:59:00,2011-08-24 14:02:00,6,2157.73
14408.0,2011-03-20 14:41:00,2011-11-29 11:41:00,7,2606.53
14409.0,2010-12-06 15:03:00,2011-09-29 18:18:00,6,2059.4500000000003
14410.0,2011-02-07 09:36:00,2011-09-08 15:08:00,9,1105.07
14411.0,2011-02-02 10:56:00,2011-02-02 10:56:00,1,1063.0
14412.0,2011-09-28 08:48:00,2011-10-28 10:45:00,2,770.03
14413.0,2010-12-12 13:37:00,2010-12-12 13:37:00,1,122.7
14414.0,2010-12-16 11:11:00,2011-09-09 12:09:00,7,1496.98
14415.0,2010-12-14 13:31:00,2011-12-08 14:38:00,13,5900.28
14416.0,2011-10-28 15:10:00,2011-11-17 15:22:00,2,490.22
14418.0,2011-08-23 17:18:00,2011-12-06 11:39:00,3,1937.25
14419.0,2010-12-10 10:56:00,2011-11-29 11:22:00,6,1058.06
14420.0,2011-09-01 18:07:00,2011-09-01 18:07:00,1,387.52
14421.0,2011-05-12 10:49:00,2011-10-13 13:24:00,2,813.11
14422.0,2011-03-17 17:26:00,2011-12-09 11:26:00,6,4263.64
14423.0,2011-05-05 15:12:00,2011-05-05 15:12:00,1,265.2
14424.0,2011-11-22 11:48:00,2011-11-22 11:48:00,1,322.08
14426.0,2011-01-31 09:51:00,2011-11-16 12:25:00,10,4481.67
14427.0,2011-10-07 09:10:00,2011-10-20 14:23:00,2,363.34000000000003
14428.0,2011-01-18 16:39:00,2011-12-02 13:17:00,5,1244.83
14431.0,2011-02-10 10:40:00,2011-02-10 10:40:00,1,470.36
14432.0,2011-09-11 14:09:00,2011-11-30 08:04:00,6,2255.51
14434.0,2011-09-28 15:31:00,2011-11-18 08:56:00,6,1372.8
14436.0,2011-09-02 10:13:00,2011-09-02 10:13:00,1,89.06
14437.0,2010-12-09 09:27:00,2010-12-09 09:27:00,1,63.0
14438.0,2011-02-06 14:56:00,2011-02-06 14:56:00,1,131.9
14439.0,2011-01-24 11:39:00,2011-01-24 11:39:00,1,2661.24
14440.0,2010-12-09 12:49:00,2011-12-01 15:42:00,5,2357.6800000000003
14441.0,2011-03-29 12:01:00,2011-12-09 09:07:00,4,1712.89
14442.0,2011-01-27 09:33:00,2011-05-19 11:36:00,2,1589.82
14443.0,2010-12-06 11:03:00,2011-10-17 10:10:00,4,1420.2
14446.0,2011-04-07 12:10:00,2011-12-09 11:34:00,4,1039.58
14447.0,2011-03-04 10:49:00,2011-11-21 08:28:00,5,1163.23
14448.0,2010-12-10 17:26:00,2011-11-30 13:50:00,2,375.35
14449.0,2010-12-02 14:09:00,2011-11-21 12:06:00,4,907.1
14450.0,2011-01-23 11:53:00,2011-06-12 10:46:00,3,483.25
14451.0,2011-05-29 12:35:00,2011-10-10 13:38:00,2,662.59
14452.0,2011-09-07 11:32:00,2011-11-29 12:06:00,2,264.44
14453.0,2011-06-02 14:15:00,2011-06-02 14:15:00,1,119.93
14456.0,2011-07-20 13:06:00,2011-12-04 13:59:00,9,3062.4
14457.0,2011-02-02 09:39:00,2011-02-02 09:39:00,1,113.64
14459.0,2011-07-07 13:35:00,2011-07-07 13:35:00,1,1837.92
14460.0,2011-02-02 11:55:00,2011-08-21 14:19:00,3,434.34
14461.0,2011-03-23 12:15:00,2011-07-14 17:11:00,3,2103.06
14462.0,2011-01-04 12:45:00,2011-10-04 15:55:00,11,2004.02
14463.0,2011-05-18 14:42:00,2011-09-02 15:20:00,3,529.62
14465.0,2011-02-10 12:13:00,2011-04-07 12:38:00,3,1058.6200000000001
14466.0,2010-12-02 13:36:00,2011-11-10 14:07:00,7,2272.4
14467.0,2011-01-31 12:35:00,2011-11-22 12:48:00,4,598.76
14470.0,2011-02-25 11:56:00,2011-11-28 10:31:00,2,461.19
14472.0,2010-12-19 14:03:00,2011-08-28 11:01:00,8,1936.84
14473.0,2011-03-02 13:56:00,2011-09-26 15:10:00,2,234.34
14474.0,2011-10-24 13:26:00,2011-10-24 13:26:00,1,547.66
14475.0,2011-02-08 10:12:00,2011-09-29 10:46:00,3,925.85
14476.0,2011-03-27 15:39:00,2011-03-27 15:39:00,1,215.7
14477.0,2011-02-15 15:44:00,2011-11-20 11:11:00,4,1309.6
14479.0,2010-12-09 12:59:00,2011-03-31 09:07:00,2,316.25
14480.0,2011-11-28 16:35:00,2011-11-28 16:35:00,1,279.05
14481.0,2011-02-25 13:53:00,2011-06-28 10:38:00,2,636.51
14482.0,2011-04-14 16:41:00,2011-11-21 13:14:00,6,2068.15
14483.0,2011-03-03 10:26:00,2011-03-03 10:26:00,1,137.1
14484.0,2011-10-20 14:11:00,2011-10-20 14:11:00,1,321.92
14485.0,2011-11-01 12:25:00,2011-11-01 12:25:00,1,165.75
14487.0,2010-12-06 13:22:00,2011-11-13 12:17:00,6,1196.33
14488.0,2011-10-03 09:30:00,2011-10-03 09:30:00,1,1064.28
14489.0,2011-05-16 14:51:00,2011-05-16 14:51:00,1,463.38
14491.0,2010-12-02 12:10:00,2011-06-17 15:22:00,2,340.93
14493.0,2011-07-07 16:59:00,2011-12-02 16:14:00,5,2383.2400000000002
14494.0,2011-11-14 09:21:00,2011-11-14 09:21:00,1,139.56
14495.0,2011-08-10 14:13:00,2011-10-20 12:28:00,2,123.8
14496.0,2010-12-01 15:35:00,2011-02-01 09:01:00,2,538.8100000000001
14497.0,2011-02-03 17:01:00,2011-02-03 17:01:00,1,475.37
14498.0,2010-12-13 11:29:00,2011-10-28 12:09:00,5,1957.32
14499.0,2011-03-06 11:55:00,2011-11-13 13:01:00,3,815.32
14500.0,2011-06-03 10:08:00,2011-09-12 16:45:00,3,356.85
14501.0,2011-01-24 10:43:00,2011-06-09 12:02:00,2,251.21
14502.0,2011-01-30 15:52:00,2011-11-20 11:50:00,11,2470.67
14503.0,2011-06-14 10:00:00,2011-12-06 13:30:00,6,3543.26
14504.0,2011-03-06 14:38:00,2011-10-23 16:00:00,4,673.26
14505.0,2010-12-12 16:14:00,2011-11-22 15:45:00,8,5905.64
14506.0,2010-12-05 14:25:00,2011-11-22 13:02:00,5,2012.17
14507.0,2011-03-08 17:23:00,2011-11-16 12:21:00,6,1383.18
14508.0,2011-09-11 11:29:00,2011-11-17 19:48:00,2,276.42
14511.0,2011-07-29 12:13:00,2011-11-28 17:05:00,5,1314.81
14512.0,2011-04-21 19:05:00,2011-06-05 12:39:00,2,275.28
14513.0,2011-02-24 09:36:00,2011-08-31 11:25:00,3,455.59000000000003
14514.0,2011-01-12 15:22:00,2011-10-09 16:05:00,3,1055.35
14515.0,2011-05-05 12:13:00,2011-11-22 11:37:00,6,2102.09
14517.0,2011-07-21 11:42:00,2011-11-06 14:20:00,2,330.45
14518.0,2011-10-06 14:43:00,2011-10-06 14:43:00,1,174.37
14520.0,2011-02-22 09:15:00,2011-12-08 09:46:00,2,270.6
14522.0,2011-05-25 16:01:00,2011-11-15 13:24:00,4,974.54
14523.0,2011-08-23 13:13:00,2011-08-23 13:13:00,1,241.09
14524.0,2010-12-14 11:01:00,2011-11-08 12:29:00,9,1867.68
14525.0,2010-12-13 17:40:00,2011-11-20 11:37:00,9,4332.2
14527.0,2010-12-05 13:17:00,2011-12-07 12:19:00,55,8508.82
14528.0,2011-11-02 17:09:00,2011-11-02 17:09:00,1,364.21999999999997
14529.0,2011-08-21 14:10:00,2011-10-10 15:27:00,3,620.04
14530.0,2011-02-16 10:47:00,2011-11-14 10:38:00,6,2925.91
14532.0,2010-12-22 13:48:00,2011-04-17 13:05:00,4,932.85
14533.0,2010-12-22 11:07:00,2011-11-15 12:05:00,7,1949.72
14534.0,2011-01-25 12:33:00,2011-12-07 12:19:00,18,4447.05
14535.0,2011-04-05 12:50:00,2011-10-10 15:39:00,3,2864.19
14536.0,2011-03-25 12:21:00,2011-03-25 12:21:00,1,171.8
14537.0,2011-10-13 10:54:00,2011-10-13 10:54:00,1,355.56
14538.0,2011-03-28 14:57:00,2011-10-06 10:31:00,2,388.25
14539.0,2011-10-26 12:03:00,2011-11-24 09:50:00,2,537.48
14540.0,2011-02-03 15:02:00,2011-11-30 10:15:00,3,996.26
14541.0,2011-01-24 14:16:00,2011-10-12 10:08:00,8,1461.65
14542.0,2011-06-07 08:19:00,2011-06-07 08:19:00,1,103.25
14543.0,2010-12-10 11:51:00,2011-11-11 12:45:00,16,3630.33
14544.0,2010-12-13 12:50:00,2011-11-15 15:06:00,2,2024.45
14546.0,2011-04-05 12:37:00,2011-12-04 13:00:00,5,2578.09
14547.0,2011-10-16 14:35:00,2011-12-06 11:06:00,8,4007.54
14548.0,2011-01-26 08:38:00,2011-07-12 12:19:00,2,652.8
14549.0,2011-02-01 13:47:00,2011-02-01 13:47:00,1,289.24
14550.0,2011-10-26 12:14:00,2011-11-29 12:12:00,2,765.62
14551.0,2011-05-19 18:21:00,2011-11-21 13:36:00,2,186.23
14552.0,2011-07-11 12:49:00,2011-07-11 12:49:00,1,165.07
14553.0,2011-01-04 15:40:00,2011-11-20 13:20:00,5,859.27
14554.0,2011-10-18 13:04:00,2011-11-29 16:44:00,4,2381.04
14555.0,2011-02-10 17:19:00,2011-10-13 16:24:00,2,324.14
14557.0,2011-09-15 15:48:00,2011-09-15 15:48:00,1,788.38
14560.0,2010-12-17 09:22:00,2011-12-02 15:22:00,22,2237.77
14561.0,2011-06-08 13:26:00,2011-09-25 12:39:00,3,1080.76
14562.0,2011-02-08 14:45:00,2011-12-06 11:05:00,18,5074.77
14565.0,2010-12-13 13:25:00,2011-09-05 09:07:00,4,3099.12
14566.0,2011-08-21 11:05:00,2011-08-21 11:05:00,1,1432.0
14567.0,2011-08-01 13:48:00,2011-10-14 10:21:00,2,1530.3600000000001
14569.0,2011-12-08 14:58:00,2011-12-08 14:58:00,1,227.39
14570.0,2011-03-04 10:39:00,2011-03-04 10:58:00,2,218.06
14572.0,2011-01-19 17:23:00,2011-12-06 14:40:00,7,2832.84
14573.0,2010-12-02 19:59:00,2011-06-13 11:15:00,9,1653.42
14576.0,2010-12-02 17:51:00,2010-12-02 17:51:00,1,35.400000000000006
14577.0,2010-12-12 11:26:00,2011-11-27 12:47:00,4,859.71
14578.0,2011-12-06 17:18:00,2011-12-06 17:18:00,1,168.63
14581.0,2011-11-23 12:39:00,2011-11-23 12:39:00,1,138.6
14582.0,2011-10-30 11:56:00,2011-10-30 11:56:00,1,114.11000000000001
14583.0,2011-05-18 11:28:00,2011-12-04 12:32:00,5,1052.55
14584.0,2011-05-25 17:31:00,2011-06-23 18:33:00,4,1042.26
14585.0,2011-10-20 14:33:00,2011-10-20 14:33:00,1,157.05
14586.0,2011-03-08 10:04:00,2011-03-08 10:04:00,1,237.36
14587.0,2011-01-12 13:16:00,2011-11-21 11:34:00,9,1601.14
14589.0,2010-12-03 11:42:00,2010-12-03 11:42:00,1,39.75
14591.0,2011-05-10 14:09:00,2011-11-24 13:57:00,4,1447.14
14592.0,2011-10-06 18:08:00,2011-11-04 16:35:00,3,570.46
14593.0,2011-05-25 11:14:00,2011-11-18 12:48:00,3,617.99
14594.0,2010-12-01 13:54:00,2011-12-02 13:28:00,2,379.83
14595.0,2011-01-30 13:36:00,2011-11-20 12:12:00,6,1740.6
14597.0,2011-06-01 12:33:00,2011-11-28 13:13:00,2,883.15
14598.0,2011-10-26 13:19:00,2011-10-26 13:19:00,1,221.97
14600.0,2011-02-07 09:48:00,2011-02-07 09:48:00,1,393.33000000000004
14601.0,2011-11-29 09:48:00,2011-11-29 09:48:00,1,213.96
14603.0,2011-03-10 10:27:00,2011-03-10 10:27:00,1,660.0
14606.0,2010-12-01 16:57:00,2011-12-08 19:28:00,93,12156.65
14607.0,2011-03-23 15:22:00,2011-11-24 10:35:00,14,16569.5
14608.0,2010-12-12 14:49:00,2011-12-05 16:52:00,4,1785.15
14609.0,2011-02-16 12:10:00,2011-09-28 12:54:00,4,601.56
14616.0,2011-01-26 12:42:00,2011-04-11 09:54:00,3,406.08000000000004
14618.0,2011-01-06 11:59:00,2011-11-30 13:45:00,3,553.44
14619.0,2011-04-08 07:37:00,2011-04-08 07:37:00,1,394.44
14620.0,2011-03-01 08:30:00,2011-05-18 11:58:00,2,412.78000000000003
14621.0,2010-12-16 13:00:00,2011-12-08 16:22:00,5,1788.3600000000001
14622.0,2011-06-08 12:42:00,2011-06-08 12:42:00,1,320.58000000000004
14623.0,2011-04-18 13:54:00,2011-11-07 13:56:00,5,889.25
14624.0,2011-10-11 14:39:00,2011-10-13 13:44:00,2,225.85
14625.0,2010-12-13 15:36:00,2011-05-27 15:32:00,2,899.63
14626.0,2011-04-20 13:18:00,2011-11-16 10:37:00,4,2791.27
14628.0,2011-04-11 14:43:00,2011-09-09 14:58:00,2,671.96
14629.0,2011-10-23 16:13:00,2011-12-05 16:55:00,2,959.01
14631.0,2011-02-14 09:31:00,2011-10-20 11:17:00,3,1006.98
14632.0,2011-03-22 08:49:00,2011-03-22 08:49:00,1,114.56
14633.0,2011-03-18 17:07:00,2011-03-18 17:07:00,1,344.90000000000003
14636.0,2011-03-16 09:52:00,2011-11-03 16:12:00,2,609.85
14638.0,2011-10-20 10:10:00,2011-10-20 10:10:00,1,443.6
14639.0,2010-12-13 13:50:00,2011-10-18 15:06:00,6,2984.49
14640.0,2011-04-26 12:31:00,2011-11-15 13:07:00,6,2125.08
14641.0,2011-11-18 10:42:00,2011-11-18 10:42:00,1,110.46
14642.0,2011-10-12 11:08:00,2011-10-12 11:08:00,1,96.12
14643.0,2010-12-16 17:53:00,2011-06-22 14:41:00,2,693.8100000000001
14644.0,2011-02-14 14:14:00,2011-10-03 08:30:00,2,830.76
14645.0,2011-03-09 09:52:00,2011-07-06 09:15:00,2,597.09
14646.0,2010-12-20 10:09:00,2011-12-08 12:12:00,74,280206.02
14647.0,2011-05-22 13:40:00,2011-05-22 13:40:00,1,243.22
14649.0,2011-05-11 14:37:00,2011-12-05 12:30:00,4,1417.29
14651.0,2011-05-12 16:29:00,2011-10-03 15:52:00,2,654.6
14652.0,2011-09-23 14:21:00,2011-09-23 14:21:00,1,114.17999999999999
14653.0,2011-01-05 13:40:00,2011-12-08 13:45:00,7,1947.55
14655.0,2011-05-01 14:59:00,2011-12-01 16:28:00,4,1932.23
14656.0,2011-03-01 13:19:00,2011-06-23 13:51:00,2,291.05
14657.0,2011-01-17 15:19:00,2011-11-22 12:47:00,4,848.22
14658.0,2011-08-14 15:42:00,2011-12-04 15:35:00,2,247.15
14659.0,2011-01-28 12:43:00,2011-12-01 12:17:00,9,2529.93
14660.0,2011-08-31 10:40:00,2011-09-14 11:34:00,2,285.74
14661.0,2011-11-13 11:51:00,2011-11-13 11:51:00,1,107.95
14662.0,2011-01-27 17:41:00,2011-11-11 12:13:00,4,771.17
14664.0,2011-11-06 14:56:00,2011-11-20 10:59:00,2,637.89
14665.0,2011-02-02 09:08:00,2011-10-10 09:14:00,5,1835.7
14666.0,2011-11-15 12:57:00,2011-11-15 12:57:00,1,195.25
14667.0,2010-12-06 13:13:00,2011-11-29 11:30:00,25,9241.2
14669.0,2011-01-11 12:30:00,2011-04-12 11:43:00,3,1269.99
14670.0,2011-03-04 13:58:00,2011-03-04 14:13:00,2,411.53
14672.0,2011-01-07 15:48:00,2011-04-19 10:19:00,2,765.5500000000001
14673.0,2010-12-07 12:49:00,2011-12-06 14:31:00,5,1736.4
14675.0,2011-11-23 12:58:00,2011-11-23 12:58:00,1,604.75
14676.0,2011-03-01 14:26:00,2011-11-08 13:29:00,6,2548.2400000000002
14680.0,2010-12-03 12:05:00,2011-11-14 16:59:00,16,28754.11
14681.0,2011-05-12 10:45:00,2011-09-29 15:52:00,3,498.95
14682.0,2011-05-22 12:51:00,2011-06-05 12:12:00,2,52.0
14684.0,2010-12-12 12:44:00,2011-11-14 11:33:00,5,1236.28
14687.0,2011-08-25 11:59:00,2011-08-25 11:59:00,1,628.38
14688.0,2010-12-01 09:37:00,2011-12-02 12:26:00,21,5630.87
14689.0,2011-05-15 11:22:00,2011-05-15 11:22:00,1,112.8
14690.0,2011-07-11 11:58:00,2011-10-26 15:39:00,2,371.7
14691.0,2011-05-11 09:55:00,2011-11-09 12:30:00,5,2114.33
14692.0,2011-01-21 13:47:00,2011-07-25 15:08:00,4,591.55
14693.0,2011-03-20 12:50:00,2011-03-20 12:50:00,1,172.9
14696.0,2010-12-01 15:37:00,2011-12-05 13:43:00,7,2078.95
14697.0,2011-05-05 15:29:00,2011-05-05 15:39:00,2,188.60999999999999
14698.0,2011-10-19 12:54:00,2011-12-08 12:26:00,5,1250.76
14699.0,2011-05-09 14:54:00,2011-05-09 14:54:00,1,109.13000000000001
14700.0,2011-04-15 13:16:00,2011-11-07 14:40:00,3,2235.3
14701.0,2011-01-27 12:40:00,2011-11-29 12:38:00,9,2549.37
14702.0,2010-12-09 19:23:00,2011-12-08 19:29:00,17,3292.14
14703.0,2011-11-25 09:23:00,2011-11-25 09:23:00,1,318.17
14704.0,2011-06-12 13:59:00,2011-11-28 12:51:00,9,1546.91
14705.0,2011-05-25 12:39:00,2011-05-25 12:39:00,1,179.0
14708.0,2010-12-06 12:23:00,2011-12-07 08:21:00,3,1126.37
14709.0,2010-12-16 13:43:00,2011-11-24 15:41:00,13,4921.04
14710.0,2011-10-11 13:49:00,2011-11-25 14:53:00,4,606.13
14711.0,2011-03-22 13:32:00,2011-11-29 14:58:00,11,2868.8
14712.0,2011-08-19 13:33:00,2011-11-10 12:59:00,3,917.07
14713.0,2010-12-09 18:58:00,2011-11-30 16:26:00,11,2666.36
14714.0,2011-11-15 13:07:00,2011-11-15 13:07:00,1,160.19
14715.0,2011-01-12 13:27:00,2011-11-15 12:10:00,4,867.38
14716.0,2011-07-14 12:42:00,2011-10-27 17:29:00,2,329.68
14719.0,2011-04-04 14:17:00,2011-12-08 12:43:00,5,1602.13
14720.0,2011-08-05 12:06:00,2011-12-04 12:02:00,3,663.8100000000001
14722.0,2011-07-15 14:58:00,2011-07-15 14:58:00,1,187.92000000000002
14723.0,2010-12-03 14:18:00,2011-11-29 15:23:00,6,1158.3
14725.0,2011-11-15 12:42:00,2011-11-15 12:42:00,1,718.08
14727.0,2011-03-10 14:45:00,2011-03-10 14:45:00,1,268.58
14729.0,2010-12-01 12:43:00,2010-12-01 12:43:00,1,313.49
14730.0,2011-03-08 12:49:00,2011-12-08 14:39:00,8,2005.06
14731.0,2011-05-11 13:06:00,2011-10-23 15:54:00,3,380.02
14732.0,2011-01-04 14:40:00,2011-12-01 14:34:00,8,2702.4900000000002
14733.0,2010-12-07 11:30:00,2011-11-23 15:39:00,12,9585.91
14735.0,2010-12-16 16:05:00,2011-12-06 12:09:00,32,6065.69
14737.0,2010-12-21 13:49:00,2011-12-06 10:16:00,3,1164.55
14738.0,2011-01-27 14:10:00,2011-10-28 08:56:00,7,1314.45
14739.0,2010-12-07 14:58:00,2011-12-05 16:54:00,7,3902.28
14740.0,2011-03-01 08:35:00,2011-05-26 18:17:00,3,1448.21
14741.0,2010-12-02 08:43:00,2011-11-28 08:48:00,6,1400.3400000000001
14744.0,2010-12-08 10:21:00,2011-11-23 12:51:00,7,1099.98
14745.0,2011-02-27 15:25:00,2011-08-19 10:05:00,5,1220.26
14747.0,2011-04-04 14:09:00,2011-04-04 14:09:00,1,328.2
14748.0,2010-12-06 10:19:00,2011-11-10 18:33:00,5,1415.75
14752.0,2011-10-27 11:55:00,2011-10-27 11:55:00,1,389.64
14753.0,2011-09-13 14:50:00,2011-09-13 14:50:00,1,563.15
14754.0,2011-02-17 12:21:00,2011-10-26 12:01:00,2,638.05
14755.0,2011-01-09 14:02:00,2011-11-30 11:24:00,11,5010.28
14756.0,2011-11-24 18:13:00,2011-11-24 18:13:00,1,738.96
14757.0,2011-09-25 14:36:00,2011-09-25 14:36:00,1,420.5
14758.0,2011-03-25 12:10:00,2011-07-18 08:21:00,4,1484.06
14759.0,2011-04-21 10:55:00,2011-12-05 12:03:00,3,1625.97
14760.0,2011-02-15 16:27:00,2011-02-15 16:27:00,1,89.2
14761.0,2011-01-09 12:03:00,2011-10-12 12:10:00,2,255.9
14762.0,2011-03-21 08:20:00,2011-03-21 08:20:00,1,300.52
14764.0,2011-10-24 11:54:00,2011-10-24 11:54:00,1,278.3
14765.0,2011-06-16 19:49:00,2011-11-10 19:53:00,3,254.11
14766.0,2010-12-08 15:33:00,2011-12-01 16:05:00,6,2473.37
14768.0,2011-08-04 13:25:00,2011-11-22 12:54:00,2,192.60000000000002
14769.0,2010-12-17 11:40:00,2011-12-07 10:24:00,8,10674.75
14770.0,2011-01-20 15:00:00,2011-04-21 14:21:00,2,876.42
14772.0,2011-08-19 15:04:00,2011-08-19 15:04:00,1,139.26
14775.0,2010-12-02 16:38:00,2011-10-12 15:27:00,3,1011.9
14776.0,2011-01-31 13:17:00,2011-10-19 15:34:00,11,2538.3
14778.0,2011-02-04 11:43:00,2011-08-04 15:23:00,2,730.86
14779.0,2011-01-20 12:04:00,2011-03-04 12:42:00,3,386.15
14780.0,2011-09-21 15:15:00,2011-10-16 12:46:00,2,447.68
14782.0,2011-01-24 11:12:00,2011-01-24 11:12:00,1,200.10000000000002
14784.0,2011-01-20 09:25:00,2011-11-13 13:30:00,2,289.99
14785.0,2011-11-24 13:40:00,2011-11-29 13:21:00,2,77.4
14788.0,2011-11-13 15:52:00,2011-12-02 17:06:00,2,679.4399999999999
14789.0,2011-11-11 08:59:00,2011-11-11 08:59:00,1,197.64000000000001
14790.0,2011-03-31 11:49:00,2011-11-23 09:28:00,4,745.0600000000001
14792.0,2011-10-07 09:19:00,2011-10-07 09:19:00,1,6.2
14793.0,2011-11-18 14:50:00,2011-11-18 14:50:00,1,228.99
14794.0,2011-01-09 16:11:00,2011-12-07 10:11:00,7,1319.91
14795.0,2011-06-26 13:04:00,2011-06-26 13:04:00,1,131.45000000000002
14796.0,2010-12-08 10:40:00,2011-12-08 15:31:00,17,8022.49
14798.0,2011-02-02 15:26:00,2011-10-18 10:58:00,3,173.74
14799.0,2011-10-19 16:16:00,2011-10-19 16:16:00,1,157.7
14800.0,2010-12-05 11:10:00,2011-10-23 12:46:00,12,4339.74
14801.0,2011-10-09 15:24:00,2011-10-09 15:24:00,1,193.14
14803.0,2011-02-20 13:21:00,2011-06-30 13:58:00,3,845.55
14804.0,2011-12-01 11:20:00,2011-12-01 11:20:00,1,353.27
14805.0,2011-01-30 10:43:00,2011-11-24 16:20:00,4,554.65
14806.0,2011-09-25 15:32:00,2011-09-25 15:32:00,1,193.39
14808.0,2011-06-20 12:53:00,2011-10-31 12:21:00,8,2741.17
14810.0,2010-12-05 12:08:00,2011-10-30 11:19:00,11,2087.88
14813.0,2010-12-05 11:54:00,2010-12-05 11:57:00,2,155.43
14815.0,2011-10-03 11:36:00,2011-11-03 11:36:00,2,778.5
14816.0,2011-05-26 13:16:00,2011-05-26 13:16:00,1,271.85
14817.0,2011-03-07 13:51:00,2011-05-23 13:35:00,2,1110.34
14818.0,2011-03-31 12:28:00,2011-09-27 11:01:00,3,657.8
14819.0,2011-05-31 13:50:00,2011-10-06 13:41:00,2,272.07
14820.0,2011-06-19 14:56:00,2011-11-18 15:41:00,4,507.29
14821.0,2010-12-08 08:43:00,2010-12-08 08:43:00,1,48.800000000000004
14823.0,2011-05-29 12:48:00,2011-06-12 13:12:00,3,321.43
14824.0,2011-09-09 14:12:00,2011-11-29 14:20:00,4,1127.71
14825.0,2010-12-06 12:30:00,2011-12-06 11:38:00,12,2226.91
14828.0,2011-01-07 09:50:00,2011-05-27 10:16:00,3,2139.76
14829.0,2010-12-02 16:12:00,2011-11-10 16:16:00,4,697.55
14830.0,2011-10-17 14:29:00,2011-10-17 14:29:00,1,197.13
14834.0,2011-04-13 15:00:00,2011-11-22 10:30:00,6,1720.3
14836.0,2011-11-09 13:26:00,2011-11-29 16:45:00,3,102.44999999999999
14837.0,2011-05-22 12:49:00,2011-09-11 10:58:00,4,1649.5
14840.0,2011-03-17 12:00:00,2011-03-17 12:00:00,1,62.85
14841.0,2010-12-16 10:28:00,2011-10-17 15:03:00,6,3295.76
14842.0,2011-02-04 15:32:00,2011-10-27 12:37:00,4,2824.69
14844.0,2011-04-12 13:10:00,2011-10-07 10:41:00,4,3189.81
14847.0,2011-07-14 10:52:00,2011-07-14 10:52:00,1,309.4
14849.0,2010-12-01 12:22:00,2011-11-18 10:58:00,25,7930.54
14850.0,2011-02-01 11:21:00,2011-02-01 11:21:00,1,325.75
14851.0,2011-03-28 14:59:00,2011-11-16 14:20:00,2,511.35
14852.0,2011-04-01 13:22:00,2011-10-12 13:20:00,6,2836.69
14853.0,2011-05-12 15:17:00,2011-11-15 16:56:00,2,475.79999999999995
14854.0,2011-03-10 12:22:00,2011-09-22 17:00:00,7,2759.83
14855.0,2011-07-28 12:06:00,2011-08-12 14:02:00,2,645.65
14856.0,2011-10-14 09:35:00,2011-11-03 14:53:00,3,1311.3799999999999
14857.0,2011-07-14 15:03:00,2011-10-11 09:23:00,2,1173.12
14859.0,2011-05-19 14:42:00,2011-11-27 11:18:00,4,1353.74
14860.0,2011-11-20 14:17:00,2011-11-20 14:17:00,1,170.32
14861.0,2011-10-18 12:54:00,2011-10-18 12:54:00,1,125.79
14862.0,2011-07-14 11:20:00,2011-11-14 10:01:00,2,841.1999999999999
14863.0,2011-11-10 15:04:00,2011-11-10 15:04:00,1,266.76
14865.0,2010-12-02 18:23:00,2011-12-02 16:25:00,2,52.2
14866.0,2010-12-08 14:58:00,2011-11-29 11:45:00,12,14389.9
14867.0,2011-01-07 16:34:00,2011-06-07 11:39:00,3,710.28
14868.0,2011-04-20 13:36:00,2011-12-06 14:49:00,8,2953.59
14869.0,2011-08-28 16:09:00,2011-12-01 12:36:00,2,725.7
14870.0,2011-03-23 10:51:00,2011-03-23 10:51:00,1,327.25
14871.0,2010-12-14 12:18:00,2011-12-06 13:42:00,4,522.38
14873.0,2011-05-13 13:52:00,2011-05-13 13:52:00,1,519.68
14875.0,2011-03-22 11:53:00,2011-08-24 12:20:00,2,1465.3200000000002
14878.0,2010-12-16 12:11:00,2011-11-27 11:15:00,9,1485.54
14880.0,2011-02-24 12:27:00,2011-09-23 13:42:00,3,706.19
14881.0,2011-11-20 11:06:00,2011-11-20 11:06:00,1,255.4
14882.0,2011-11-06 10:15:00,2011-11-13 12:47:00,2,589.7
14883.0,2011-05-12 09:49:00,2011-11-21 10:23:00,6,761.59
14885.0,2011-07-31 12:05:00,2011-07-31 12:05:00,1,765.3199999999999
14886.0,2011-04-01 08:56:00,2011-04-01 08:56:00,1,364.8
14887.0,2011-09-21 15:32:00,2011-09-21 15:32:00,1,1862.0
14888.0,2011-05-16 14:58:00,2011-05-16 14:58:00,1,369.2
14889.0,2011-01-07 15:19:00,2011-01-07 15:19:00,1,135.9
14890.0,2011-03-31 11:57:00,2011-03-31 11:57:00,1,125.65
14891.0,2011-06-05 10:58:00,2011-07-14 18:08:00,2,554.38
14893.0,2011-11-28 10:49:00,2011-11-30 12:31:00,2,1237.8500000000001
14894.0,2011-09-15 13:51:00,2011-09-15 13:51:00,1,655.75
14895.0,2011-02-22 13:08:00,2011-12-02 09:23:00,20,11138.710000000001
14896.0,2010-12-09 12:24:00,2011-05-19 10:20:00,2,468.77000000000004
14897.0,2011-02-16 08:37:00,2011-12-02 10:32:00,4,1366.38
14898.0,2010-12-03 15:25:00,2011-11-16 14:54:00,6,1303.52
14901.0,2010-12-02 11:20:00,2011-11-28 17:09:00,9,1421.29
14902.0,2011-11-14 10:34:00,2011-11-14 10:34:00,1,332.66
14903.0,2011-03-06 11:50:00,2011-11-18 16:07:00,5,2810.63
14904.0,2011-11-14 09:13:00,2011-12-07 12:55:00,2,1025.44
14905.0,2011-04-20 10:48:00,2011-07-05 12:41:00,2,616.15
14907.0,2010-12-07 10:14:00,2011-12-06 14:14:00,7,3501.1
14908.0,2011-09-26 12:56:00,2011-09-26 12:56:00,1,277.8
14910.0,2011-10-16 11:06:00,2011-12-07 10:06:00,4,434.35
14911.0,2010-12-01 14:05:00,2011-12-08 15:54:00,201,143825.06
14912.0,2011-04-07 11:06:00,2011-11-23 09:20:00,2,867.85
14913.0,2010-12-15 14:35:00,2011-11-04 08:29:00,4,1227.43
14915.0,2011-03-07 09:39:00,2011-09-09 13:34:00,2,307.48
14916.0,2011-01-19 15:30:00,2011-09-30 09:20:00,4,1268.98
14918.0,2011-07-08 12:50:00,2011-08-16 11:50:00,2,1610.15
14920.0,2011-05-11 10:31:00,2011-05-11 10:32:00,2,977.77
14921.0,2011-05-22 12:51:00,2011-11-09 13:17:00,2,1316.07
14923.0,2011-10-20 11:51:00,2011-10-20 11:51:00,1,749.1
14924.0,2011-04-08 09:25:00,2011-04-08 09:25:00,1,310.05
14929.0,2011-11-07 17:21:00,2011-11-07 17:21:00,1,223.88
14930.0,2011-03-10 14:42:00,2011-08-23 10:31:00,3,2372.86
14931.0,2011-04-13 09:32:00,2011-12-05 10:19:00,5,1257.68
14932.0,2010-12-09 11:48:00,2010-12-09 11:48:00,1,363.53
14934.0,2011-03-02 11:48:00,2011-09-19 10:10:00,2,1890.94
14935.0,2011-02-15 14:44:00,2011-02-15 14:44:00,1,1784.71
14936.0,2011-03-09 11:53:00,2011-11-06 10:30:00,8,8137.02
14937.0,2011-08-01 14:16:00,2011-10-14 12:29:00,3,1621.88
14944.0,2011-02-16 12:47:00,2011-11-10 09:10:00,12,5900.25
14946.0,2011-11-25 13:33:00,2011-11-25 13:33:00,1,100.9
14947.0,2011-08-01 09:31:00,2011-09-28 15:48:00,2,290.82
14948.0,2011-05-04 14:52:00,2011-11-16 17:16:00,6,1101.97
14950.0,2011-11-20 13:48:00,2011-11-20 13:48:00,1,371.2
14951.0,2011-09-21 15:15:00,2011-09-21 15:15:00,1,311.69
14952.0,2010-12-10 12:48:00,2011-10-11 10:33:00,11,8099.49
14953.0,2011-11-14 14:59:00,2011-11-14 14:59:00,1,289.82
14954.0,2011-11-27 14:30:00,2011-11-27 14:30:00,1,336.17
14957.0,2011-03-31 17:59:00,2011-03-31 17:59:00,1,58.49
14958.0,2011-04-08 11:28:00,2011-07-15 14:20:00,3,499.68
14959.0,2011-02-16 13:00:00,2011-10-06 18:23:00,4,695.42
14960.0,2011-06-21 13:38:00,2011-12-01 12:54:00,2,221.27
14961.0,2010-12-14 11:38:00,2011-11-29 09:42:00,9,7044.68
14962.0,2011-03-14 09:42:00,2011-03-14 09:42:00,1,126.7
14963.0,2011-06-09 12:30:00,2011-11-30 12:16:00,5,1487.8
14964.0,2011-04-06 14:13:00,2011-04-06 14:13:00,1,206.21
14965.0,2011-09-04 13:15:00,2011-09-04 13:20:00,2,599.0
14966.0,2011-11-25 12:20:00,2011-11-25 12:20:00,1,191.32
14967.0,2011-10-21 11:06:00,2011-10-21 11:06:00,1,463.8
14968.0,2011-11-09 13:58:00,2011-11-09 13:58:00,1,147.59
14970.0,2011-01-27 12:23:00,2011-10-02 13:44:00,4,1592.06
14971.0,2011-10-27 13:33:00,2011-11-04 17:07:00,3,1116.57
14972.0,2011-08-03 14:54:00,2011-08-03 14:54:00,1,114.77
14973.0,2011-04-28 12:22:00,2011-08-24 15:51:00,3,1314.45
14974.0,2011-11-02 13:01:00,2011-11-02 13:01:00,1,114.39
14975.0,2011-10-13 14:08:00,2011-10-13 14:08:00,1,279.94
14976.0,2011-01-17 11:09:00,2011-10-13 16:37:00,7,790.86
14978.0,2011-01-13 12:03:00,2011-09-28 13:07:00,5,1931.42
14981.0,2011-04-07 13:45:00,2011-04-07 13:45:00,1,102.12
14984.0,2011-06-12 11:04:00,2011-11-20 14:28:00,2,213.27
14985.0,2010-12-16 19:51:00,2011-05-25 14:29:00,2,296.75
14987.0,2010-12-09 12:13:00,2011-11-24 09:59:00,2,326.4
14988.0,2011-05-12 12:05:00,2011-05-12 12:05:00,1,334.54
14995.0,2011-03-04 13:14:00,2011-11-01 11:39:00,2,233.23000000000002
14997.0,2011-06-14 16:52:00,2011-10-24 13:28:00,3,546.1999999999999
14998.0,2011-04-12 16:28:00,2011-06-22 17:30:00,2,429.87
15000.0,2011-10-23 11:42:00,2011-10-23 11:42:00,1,490.52
15002.0,2010-12-07 13:16:00,2011-08-16 10:44:00,4,1641.76
15004.0,2011-07-15 14:05:00,2011-07-15 14:05:00,1,1246.32
15005.0,2010-12-08 14:36:00,2011-11-24 12:25:00,28,6316.57
15006.0,2011-10-19 15:08:00,2011-10-19 15:08:00,1,502.09
15007.0,2011-07-03 16:00:00,2011-07-03 16:00:00,1,156.91
15009.0,2011-11-14 17:40:00,2011-11-27 13:35:00,3,1261.78
15010.0,2011-11-04 12:42:00,2011-11-04 12:42:00,1,308.94
15012.0,2010-12-01 12:49:00,2011-10-17 12:22:00,2,423.04
15014.0,2011-06-16 19:40:00,2011-10-27 20:07:00,2,260.17
15016.0,2011-06-20 12:06:00,2011-06-20 12:06:00,1,170.04
15017.0,2011-11-06 10:33:00,2011-11-06 10:33:00,1,125.58
15018.0,2010-12-07 10:47:00,2011-11-01 12:47:00,3,496.21000000000004
15019.0,2011-03-18 12:35:00,2011-03-18 12:35:00,1,266.0
15021.0,2010-12-08 12:17:00,2011-12-01 11:53:00,9,1914.82
15022.0,2011-10-23 15:47:00,2011-11-28 12:35:00,4,905.04
15023.0,2010-12-05 13:49:00,2011-12-06 17:23:00,11,6802.76
15024.0,2010-12-07 13:20:00,2011-11-30 12:06:00,10,1661.33
15025.0,2011-11-06 15:20:00,2011-11-06 15:20:00,1,377.01
15026.0,2011-03-07 13:45:00,2011-09-20 13:52:00,3,469.0
15027.0,2011-04-15 14:14:00,2011-11-09 10:16:00,4,1066.15
15028.0,2010-12-06 12:47:00,2011-12-01 14:06:00,4,627.13
15030.0,2011-03-16 15:34:00,2011-09-29 10:50:00,2,518.28
15031.0,2011-03-02 14:46:00,2011-12-05 14:19:00,4,668.14
15032.0,2010-12-08 12:57:00,2011-03-28 15:03:00,3,4959.1
15033.0,2011-01-14 13:28:00,2011-12-05 12:40:00,10,2586.67
15034.0,2010-12-21 09:47:00,2011-11-24 12:11:00,8,4308.61
15035.0,2011-09-11 11:08:00,2011-09-11 11:08:00,1,252.73000000000002
15036.0,2011-06-13 12:19:00,2011-09-28 15:42:00,3,465.55
15038.0,2010-12-05 10:54:00,2011-10-12 11:33:00,6,705.49
15039.0,2010-12-06 11:26:00,2011-11-30 11:31:00,47,19914.44
15041.0,2011-06-22 16:16:00,2011-06-22 16:16:00,1,180.35
15042.0,2011-05-24 16:25:00,2011-05-24 16:25:00,1,135.93
15043.0,2011-11-08 14:26:00,2011-11-08 14:26:00,1,537.0
15044.0,2010-12-12 14:27:00,2011-11-20 13:20:00,17,7700.2300000000005
15045.0,2011-03-27 11:44:00,2011-07-11 11:33:00,2,735.66
15046.0,2011-01-05 15:30:00,2011-11-30 15:50:00,15,5213.7699999999995
15047.0,2011-03-15 10:49:00,2011-03-15 10:49:00,1,343.62
15048.0,2010-12-06 12:15:00,2011-10-05 14:55:00,4,384.05
15049.0,2011-03-11 12:13:00,2011-03-11 12:13:00,1,121.17
15050.0,2011-09-29 13:22:00,2011-11-14 16:17:00,3,1782.09
15051.0,2011-07-12 15:29:00,2011-11-16 15:38:00,3,1391.61
15052.0,2011-01-24 15:52:00,2011-01-24 15:52:00,1,215.78
15053.0,2011-03-03 12:06:00,2011-12-05 12:08:00,3,697.79
15054.0,2011-10-30 14:33:00,2011-11-27 15:02:00,2,302.1
15057.0,2011-01-28 09:09:00,2011-03-09 15:17:00,2,1489.5
15058.0,2011-01-31 15:35:00,2011-11-14 14:57:00,11,2124.9900000000002
15059.0,2011-01-09 11:54:00,2011-10-30 11:35:00,9,1337.72
15060.0,2011-11-30 14:03:00,2011-12-01 13:47:00,4,303.09
15061.0,2010-12-02 15:19:00,2011-12-06 12:06:00,48,54534.14
15062.0,2010-12-15 15:37:00,2011-09-29 16:51:00,4,987.86
15063.0,2011-05-10 13:25:00,2011-05-10 13:25:00,1,370.79999999999995
15065.0,2011-02-21 12:54:00,2011-11-02 09:45:00,4,3158.13
15066.0,2011-10-17 13:25:00,2011-10-17 13:25:00,1,893.59
15067.0,2011-03-02 12:10:00,2011-09-22 13:20:00,3,1744.76
15068.0,2011-03-28 14:27:00,2011-10-24 14:47:00,2,553.36
15069.0,2011-06-13 14:16:00,2011-06-13 14:16:00,1,1109.53
15070.0,2010-12-02 11:23:00,2010-12-02 11:23:00,1,106.2
15071.0,2011-03-09 10:19:00,2011-09-07 11:43:00,2,982.07
15073.0,2011-06-06 09:59:00,2011-11-30 10:44:00,3,1043.41
15074.0,2011-08-26 14:45:00,2011-08-26 14:45:00,1,748.87
15075.0,2011-09-23 12:27:00,2011-09-23 12:27:00,1,773.03
15076.0,2011-06-20 08:23:00,2011-06-20 08:23:00,1,880.85
15078.0,2010-12-06 12:38:00,2011-12-02 15:41:00,32,9743.11
15079.0,2010-12-09 09:25:00,2011-05-11 12:45:00,4,895.61
15081.0,2010-12-07 16:20:00,2011-11-17 17:08:00,5,504.8
15083.0,2011-03-28 12:18:00,2011-03-28 12:18:00,1,88.2
15087.0,2011-03-03 10:34:00,2011-03-03 10:34:00,1,306.94
15088.0,2011-10-03 14:05:00,2011-11-18 13:14:00,2,1160.07
15089.0,2011-08-03 14:14:00,2011-11-29 16:31:00,6,2420.84
15090.0,2011-02-04 14:03:00,2011-02-04 14:03:00,1,381.32
15091.0,2011-10-03 12:47:00,2011-10-03 12:47:00,1,480.71
15092.0,2011-03-01 12:24:00,2011-05-08 14:10:00,2,457.81
15093.0,2010-12-02 18:25:00,2011-11-21 13:09:00,6,4597.02
15095.0,2011-05-20 14:27:00,2011-08-28 12:01:00,4,1370.6
15096.0,2011-10-28 10:27:00,2011-10-28 10:27:00,1,219.39000000000001
15097.0,2011-12-05 14:03:00,2011-12-05 14:03:00,1,248.08
15098.0,2011-06-10 15:22:00,2011-06-10 15:33:00,3,39916.5
15099.0,2011-09-16 13:13:00,2011-09-16 13:13:00,1,410.48
15100.0,2010-12-01 09:09:00,2011-01-10 10:35:00,3,876.0
15101.0,2010-12-15 12:54:00,2011-12-01 10:18:00,2,317.53
15103.0,2011-09-14 13:54:00,2011-11-08 14:53:00,2,703.36
15104.0,2011-03-02 14:16:00,2011-05-27 12:29:00,2,1027.44
15105.0,2011-07-28 10:09:00,2011-11-21 16:54:00,7,2298.93
15106.0,2011-03-15 12:52:00,2011-11-22 09:16:00,5,1422.52
15107.0,2010-12-02 13:45:00,2011-02-01 14:46:00,6,319.5
15108.0,2011-04-26 10:54:00,2011-07-21 10:24:00,4,1300.25
15109.0,2011-04-08 09:58:00,2011-04-08 09:58:00,1,484.95
15110.0,2011-01-25 11:41:00,2011-11-16 11:16:00,4,996.1
15111.0,2010-12-02 11:45:00,2011-11-10 16:58:00,3,1567.48
15113.0,2011-10-16 15:27:00,2011-11-30 08:23:00,3,3609.33
15114.0,2011-02-11 08:45:00,2011-11-09 15:05:00,10,2760.56
15115.0,2011-11-21 14:59:00,2011-11-21 14:59:00,1,340.11
15116.0,2011-05-19 08:50:00,2011-11-22 12:25:00,4,1352.75
15117.0,2011-05-08 12:38:00,2011-11-25 08:12:00,5,1551.78
15118.0,2011-07-28 14:54:00,2011-07-28 14:54:00,1,244.8
15119.0,2011-04-08 09:08:00,2011-04-08 09:08:00,1,266.40000000000003
15120.0,2011-07-29 09:48:00,2011-07-29 09:48:00,1,358.82
15121.0,2011-02-24 12:41:00,2011-10-20 14:51:00,2,457.72
15122.0,2011-02-15 09:59:00,2011-08-17 16:48:00,3,1633.78
15123.0,2011-05-17 14:57:00,2011-12-02 13:12:00,2,2199.31
15124.0,2011-06-01 09:06:00,2011-11-17 10:09:00,2,184.19
15125.0,2011-03-14 09:59:00,2011-11-14 13:57:00,15,11528.48
15127.0,2011-10-05 10:30:00,2011-10-05 10:30:00,1,406.53
15128.0,2011-05-04 12:32:00,2011-10-10 13:54:00,4,1471.0
15129.0,2011-02-21 09:09:00,2011-10-20 14:40:00,11,3447.4
15130.0,2011-06-23 10:15:00,2011-06-23 10:15:00,1,330.11
15132.0,2011-03-22 12:02:00,2011-11-21 17:10:00,5,977.9300000000001
15133.0,2011-02-11 10:38:00,2011-08-04 10:44:00,3,982.42
15134.0,2011-04-13 11:05:00,2011-11-25 08:55:00,8,1387.99
15135.0,2011-04-14 19:16:00,2011-04-14 19:16:00,1,139.05
15136.0,2011-09-04 16:05:00,2011-12-07 12:26:00,4,1286.7
15139.0,2011-01-07 12:44:00,2011-04-14 11:39:00,2,178.96
15140.0,2011-03-20 14:37:00,2011-10-18 14:07:00,7,2354.25
15142.0,2011-10-24 12:51:00,2011-10-24 12:51:00,1,498.74
15143.0,2011-04-28 12:03:00,2011-04-28 12:03:00,1,259.45
15144.0,2011-01-31 13:17:00,2011-12-01 15:12:00,17,6580.44
15145.0,2011-04-05 15:20:00,2011-12-05 17:21:00,4,1194.73
15146.0,2011-02-21 13:07:00,2011-06-28 12:09:00,2,1327.16
15147.0,2011-04-13 15:57:00,2011-04-13 15:57:00,1,623.5
15148.0,2011-11-29 08:21:00,2011-11-29 08:21:00,1,301.29
15149.0,2011-07-29 10:58:00,2011-07-29 10:58:00,1,520.8000000000001
15150.0,2011-03-15 14:21:00,2011-11-22 12:52:00,10,5314.47
15152.0,2011-06-05 15:36:00,2011-11-30 12:32:00,13,4745.69
15153.0,2011-11-08 17:09:00,2011-11-08 17:09:00,1,329.25
15154.0,2011-09-25 16:05:00,2011-09-25 16:05:00,1,296.42
15156.0,2011-11-06 12:41:00,2011-12-08 18:22:00,3,961.49
15157.0,2010-12-16 13:44:00,2011-12-06 11:28:00,3,1936.07
15158.0,2011-10-25 13:53:00,2011-10-25 13:53:00,1,401.40000000000003
15159.0,2010-12-13 15:44:00,2011-12-08 12:05:00,30,18641.010000000002
15160.0,2010-12-17 14:15:00,2010-12-17 14:15:00,1,158.16
15163.0,2011-05-31 15:22:00,2011-11-21 13:10:00,2,304.47
15164.0,2011-01-04 14:21:00,2011-10-02 12:05:00,3,843.05
15165.0,2010-12-01 14:03:00,2010-12-01 14:03:00,1,487.75
15167.0,2011-01-23 12:41:00,2011-01-23 12:41:00,1,163.0
15168.0,2011-11-14 11:26:00,2011-11-14 11:26:00,1,106.56
15171.0,2011-01-12 15:36:00,2011-01-12 15:36:00,1,1289.5
15172.0,2011-04-17 11:56:00,2011-12-01 11:51:00,5,1624.05
15174.0,2011-01-21 09:06:00,2011-01-21 09:06:00,1,135.75
15175.0,2011-09-29 11:31:00,2011-09-29 11:31:00,1,224.14
15178.0,2011-03-24 15:12:00,2011-03-24 15:12:00,1,40.5
15179.0,2011-01-24 13:48:00,2011-11-21 12:53:00,5,2206.95
15180.0,2010-12-07 14:57:00,2010-12-07 14:57:00,1,87.5
15181.0,2011-03-15 12:03:00,2011-10-04 13:58:00,3,689.4799999999999
15182.0,2011-03-16 12:42:00,2011-07-08 13:37:00,2,622.85
15184.0,2011-06-02 12:06:00,2011-11-10 13:41:00,2,406.76
15185.0,2011-09-30 14:06:00,2011-09-30 14:06:00,1,310.62
15186.0,2011-06-24 14:54:00,2011-11-25 14:58:00,2,411.41
15187.0,2011-05-11 13:49:00,2011-12-08 11:56:00,16,4777.18
15189.0,2011-01-11 12:29:00,2011-12-08 13:22:00,41,16225.39
15192.0,2010-12-09 14:56:00,2011-08-12 11:41:00,3,1044.32
15193.0,2011-10-10 08:23:00,2011-10-10 08:23:00,1,499.32
15194.0,2010-12-06 15:00:00,2011-12-06 15:10:00,15,7616.53
15195.0,2011-12-07 12:20:00,2011-12-07 12:20:00,1,3861.0
15197.0,2010-12-16 18:01:00,2011-11-29 10:00:00,3,1079.6100000000001
15198.0,2011-08-07 15:16:00,2011-09-08 14:42:00,2,193.64000000000001
15199.0,2011-02-04 14:04:00,2011-10-11 15:12:00,4,1268.7
15201.0,2011-04-06 14:02:00,2011-09-13 14:53:00,5,1236.54
15203.0,2011-02-01 12:29:00,2011-11-14 08:16:00,6,1827.8
15204.0,2010-12-17 13:49:00,2010-12-17 13:49:00,1,316.58
15205.0,2011-08-04 16:07:00,2011-09-15 19:36:00,2,653.24
15206.0,2011-03-09 08:59:00,2011-11-29 13:41:00,4,420.29999999999995
15208.0,2010-12-21 13:03:00,2011-12-08 17:24:00,5,870.12
15210.0,2011-04-28 16:11:00,2011-04-28 16:11:00,1,331.18
15211.0,2010-12-09 16:08:00,2011-10-10 13:31:00,2,894.41
15212.0,2011-04-12 13:45:00,2011-04-12 13:45:00,1,101.8
15213.0,2011-01-14 11:05:00,2011-01-25 12:21:00,2,328.35
15214.0,2011-04-11 09:46:00,2011-12-08 12:07:00,8,1661.44
15215.0,2011-09-04 12:24:00,2011-10-24 11:41:00,3,734.94
15216.0,2011-09-13 11:41:00,2011-09-13 11:41:00,1,96.6
15218.0,2011-01-25 11:20:00,2011-11-29 11:48:00,11,5756.89
15219.0,2011-06-16 16:57:00,2011-06-16 16:57:00,1,305.75
15220.0,2011-03-04 10:24:00,2011-10-19 12:39:00,6,1778.96
15221.0,2010-12-08 13:08:00,2010-12-08 13:08:00,1,403.25
15222.0,2011-01-25 08:03:00,2011-01-25 08:03:00,1,585.0
15223.0,2011-04-04 12:17:00,2011-04-28 11:31:00,2,755.75
15224.0,2010-12-12 12:34:00,2010-12-16 15:02:00,2,322.08
15225.0,2011-04-19 14:51:00,2011-04-19 14:51:00,1,409.40000000000003
15226.0,2011-02-02 11:41:00,2011-02-02 11:41:00,1,154.41
15227.0,2011-01-26 15:31:00,2011-11-03 11:59:00,5,1219.4
15228.0,2011-02-18 09:04:00,2011-10-04 13:56:00,4,3386.71
15230.0,2011-04-13 11:04:00,2011-04-14 14:39:00,2,429.6
15232.0,2011-07-22 12:21:00,2011-08-18 16:27:00,2,612.06
15234.0,2011-03-08 08:53:00,2011-03-08 08:53:00,1,197.0
15235.0,2010-12-01 17:22:00,2011-05-06 09:44:00,12,2247.51
15236.0,2011-02-14 10:52:00,2011-02-14 10:52:00,1,321.05
15237.0,2011-04-26 15:04:00,2011-12-08 09:46:00,4,1412.32
15238.0,2011-06-08 16:00:00,2011-11-10 14:28:00,3,1071.99
15239.0,2011-09-22 09:53:00,2011-11-29 14:14:00,2,780.59
15240.0,2011-02-01 08:23:00,2011-10-26 09:50:00,5,1706.57
15241.0,2011-03-01 11:02:00,2011-10-04 09:05:00,8,1756.44
15243.0,2011-09-26 14:12:00,2011-09-26 14:12:00,1,316.68
15244.0,2011-04-05 15:12:00,2011-10-05 13:19:00,2,631.57
15245.0,2011-03-23 13:42:00,2011-07-28 18:56:00,3,2515.84
15246.0,2010-12-16 09:46:00,2011-04-15 14:45:00,2,514.15
15247.0,2011-08-09 12:52:00,2011-08-09 12:52:00,1,356.0
15249.0,2011-03-28 12:49:00,2011-11-08 11:45:00,13,6688.46
15251.0,2011-04-12 10:38:00,2011-11-30 15:02:00,11,10484.99
15252.0,2011-06-09 14:15:00,2011-11-03 13:30:00,2,740.78
15253.0,2011-06-23 12:19:00,2011-11-23 16:22:00,5,918.1999999999999
15254.0,2011-08-04 15:04:00,2011-08-04 15:04:00,1,300.36
15255.0,2011-10-04 12:43:00,2011-10-04 12:43:00,1,890.85
15256.0,2011-07-14 11:47:00,2011-07-14 11:47:00,1,98.45
15257.0,2011-03-01 12:58:00,2011-03-01 12:58:00,1,317.15
15258.0,2011-05-06 14:16:00,2011-06-24 12:30:00,2,623.16
15260.0,2010-12-02 12:09:00,2011-08-31 13:55:00,7,1810.77
15261.0,2011-07-27 15:20:00,2011-07-27 15:20:00,1,254.82
15262.0,2011-01-20 12:16:00,2011-01-20 12:16:00,1,178.95000000000002
15263.0,2011-08-25 10:26:00,2011-08-25 10:26:00,1,156.51
15264.0,2011-10-06 13:49:00,2011-10-06 13:49:00,1,393.74
15265.0,2011-04-18 12:16:00,2011-07-11 14:46:00,2,1506.1200000000001
15266.0,2011-01-05 13:40:00,2011-01-05 13:40:00,1,119.3
15267.0,2011-06-10 10:24:00,2011-11-17 15:59:00,5,1717.36
15269.0,2011-11-16 09:32:00,2011-11-16 09:32:00,1,408.8
15270.0,2011-02-02 13:25:00,2011-11-24 09:24:00,7,2379.49
15271.0,2010-12-09 13:47:00,2011-12-02 14:11:00,15,2507.07
15272.0,2011-09-14 16:36:00,2011-10-13 12:59:00,2,721.94
15274.0,2011-11-21 14:17:00,2011-12-05 16:57:00,2,716.57
15275.0,2011-11-02 11:20:00,2011-11-02 11:20:00,1,615.14
15276.0,2011-10-04 16:39:00,2011-10-04 16:39:00,1,135.31
15277.0,2011-10-24 10:08:00,2011-10-24 10:08:00,1,255.89999999999998
15279.0,2010-12-20 10:48:00,2010-12-20 10:48:00,1,290.51
15280.0,2011-06-20 17:14:00,2011-06-20 17:14:00,1,113.12
15281.0,2011-01-10 15:51:00,2011-10-12 09:10:00,9,2332.15
15286.0,2011-10-21 11:08:00,2011-10-21 11:08:00,1,240.55
15287.0,2011-09-30 12:30:00,2011-11-17 15:34:00,2,486.69
15288.0,2010-12-09 13:59:00,2011-10-27 16:58:00,5,2306.52
15289.0,2011-04-04 12:44:00,2011-11-10 13:49:00,3,939.78
15290.0,2010-12-15 16:03:00,2011-12-05 11:39:00,18,7943.22
15291.0,2010-12-01 09:32:00,2011-11-14 11:02:00,15,4668.3
15292.0,2011-05-22 15:00:00,2011-05-22 15:00:00,1,180.94
15296.0,2011-01-17 11:57:00,2011-10-20 11:47:00,6,3672.86
15297.0,2011-10-07 09:42:00,2011-11-29 16:32:00,3,641.94
15298.0,2010-12-08 13:55:00,2011-12-07 17:17:00,12,4799.9
15299.0,2010-12-02 16:48:00,2011-10-03 14:19:00,7,4507.01
15300.0,2011-10-06 17:08:00,2011-10-06 17:08:00,1,496.44
15301.0,2010-12-06 12:21:00,2011-10-20 09:57:00,12,5070.35
15303.0,2011-02-22 13:59:00,2011-02-22 13:59:00,1,574.02
15304.0,2010-12-06 11:42:00,2011-10-10 10:23:00,8,694.4
15306.0,2011-07-14 15:22:00,2011-10-06 12:56:00,3,1174.35
15307.0,2011-09-05 11:38:00,2011-09-05 11:38:00,1,205.3
15308.0,2011-03-10 13:08:00,2011-03-10 13:08:00,1,310.47
15311.0,2010-12-01 09:41:00,2011-12-09 12:00:00,91,60767.9
15312.0,2010-12-20 12:51:00,2011-09-25 13:10:00,4,924.85
15313.0,2011-08-21 16:02:00,2011-08-21 16:02:00,1,52.0
15314.0,2011-05-24 14:39:00,2011-05-24 14:39:00,1,327.97
15315.0,2011-08-15 15:17:00,2011-10-06 12:51:00,2,570.5
15316.0,2011-01-17 11:34:00,2011-01-17 11:34:00,1,165.0
15318.0,2011-12-06 11:30:00,2011-12-06 11:30:00,1,312.62
15319.0,2011-03-01 12:48:00,2011-03-01 12:48:00,1,204.5
15320.0,2011-10-26 13:27:00,2011-10-26 13:27:00,1,267.13
15321.0,2011-02-21 11:10:00,2011-09-30 09:40:00,3,2748.31
15322.0,2011-09-15 09:34:00,2011-09-15 09:34:00,1,679.68
15325.0,2011-08-28 11:55:00,2011-08-28 11:55:00,1,162.29
15326.0,2011-01-10 11:38:00,2011-01-10 11:38:00,1,311.71
15327.0,2011-10-18 11:55:00,2011-10-18 11:55:00,1,208.75
15329.0,2011-06-21 10:37:00,2011-10-31 15:36:00,3,1049.7
15330.0,2011-10-10 12:30:00,2011-11-07 17:50:00,2,714.96
15332.0,2010-12-05 12:00:00,2010-12-08 14:43:00,4,1661.06
15333.0,2011-05-15 13:27:00,2011-05-15 13:27:00,1,1028.56
15334.0,2011-06-19 13:51:00,2011-07-06 11:22:00,3,351.67
15335.0,2011-10-17 12:50:00,2011-10-17 12:50:00,1,173.97
15339.0,2011-01-25 13:15:00,2011-10-04 12:51:00,2,574.07
15341.0,2011-09-20 09:40:00,2011-09-20 09:40:00,1,2020.52
15342.0,2011-08-02 10:19:00,2011-08-02 10:19:00,1,406.09
15343.0,2011-09-13 13:55:00,2011-09-13 13:55:00,1,364.5
15344.0,2011-09-26 14:48:00,2011-12-09 10:45:00,3,563.94
15345.0,2011-10-25 11:28:00,2011-10-25 11:28:00,1,393.54
15346.0,2011-01-11 11:18:00,2011-01-11 11:18:00,1,252.42000000000002
15347.0,2010-12-08 15:25:00,2010-12-08 15:25:00,1,201.60000000000002
15348.0,2011-09-28 13:17:00,2011-09-28 13:17:00,1,158.04
15349.0,2011-06-05 15:46:00,2011-07-04 16:06:00,2,473.81
15350.0,2010-12-01 13:33:00,2010-12-01 13:33:00,1,115.65
15351.0,2010-12-05 11:49:00,2011-11-27 12:52:00,7,1960.1100000000001
15353.0,2010-12-07 11:49:00,2011-03-30 12:15:00,2,777.02
15355.0,2011-10-17 15:22:00,2011-11-10 13:44:00,2,277.05
15356.0,2010-12-06 14:05:00,2011-11-08 13:11:00,10,2766.5
15358.0,2010-12-09 10:04:00,2011-12-05 09:04:00,22,8347.2
15360.0,2011-10-31 09:35:00,2011-10-31 09:35:00,1,427.93
15361.0,2010-12-13 09:52:00,2010-12-13 09:52:00,1,418.92
15363.0,2010-12-02 12:28:00,2010-12-02 12:28:00,1,326.0
15364.0,2011-03-30 13:39:00,2011-09-05 09:46:00,2,913.19
15365.0,2011-01-28 13:08:00,2011-11-14 08:29:00,7,2314.32
15366.0,2010-12-16 15:59:00,2011-09-25 15:01:00,2,602.51
15367.0,2011-03-09 13:53:00,2011-10-13 14:13:00,4,1877.59
15368.0,2011-11-18 14:42:00,2011-11-18 14:42:00,1,446.94000000000005
15370.0,2011-01-11 11:32:00,2011-10-30 10:58:00,7,2386.05
15372.0,2011-07-25 16:39:00,2011-07-25 16:39:00,1,2007.3999999999999
15373.0,2010-12-03 14:40:00,2011-12-01 15:05:00,12,2415.91
15374.0,2011-08-03 09:59:00,2011-08-03 09:59:00,1,168.0
15376.0,2011-05-01 13:45:00,2011-10-30 15:04:00,3,1233.36
15379.0,2010-12-16 13:02:00,2011-06-23 13:13:00,7,3703.29
15380.0,2010-12-09 15:01:00,2011-12-01 12:13:00,5,1690.2600000000002
15381.0,2011-03-16 13:44:00,2011-05-10 11:55:00,2,596.85
15382.0,2011-02-17 12:01:00,2011-11-25 10:58:00,6,5955.71
15384.0,2010-12-15 11:34:00,2011-06-23 10:57:00,2,642.41
15385.0,2011-10-30 15:11:00,2011-10-30 15:11:00,1,316.88
15386.0,2011-06-06 13:47:00,2011-06-06 13:47:00,1,394.14
15388.0,2011-03-14 13:53:00,2011-03-14 13:53:00,1,140.54
15389.0,2011-06-20 16:18:00,2011-06-20 16:18:00,1,500.0
15392.0,2010-12-14 15:50:00,2011-12-05 11:01:00,4,1535.53
15393.0,2011-03-03 16:58:00,2011-11-23 16:48:00,2,231.86
15394.0,2010-12-16 12:46:00,2011-11-30 11:49:00,4,2183.54
15395.0,2011-01-18 12:40:00,2011-01-18 12:40:00,1,107.45
15396.0,2011-08-19 10:56:00,2011-08-19 10:56:00,1,288.18
15397.0,2011-02-23 09:25:00,2011-02-23 09:25:00,1,94.0
15398.0,2011-09-22 14:56:00,2011-11-23 16:47:00,2,1345.53
15399.0,2011-09-21 15:57:00,2011-12-08 13:04:00,3,815.77
15400.0,2011-03-06 11:27:00,2011-09-08 13:57:00,5,716.2
15402.0,2011-05-27 13:32:00,2011-07-14 12:17:00,2,626.77
15405.0,2011-06-03 14:44:00,2011-06-03 14:44:00,1,349.1
15406.0,2011-02-11 16:19:00,2011-11-08 13:22:00,2,510.71000000000004
15407.0,2011-02-07 13:18:00,2011-11-06 11:55:00,4,1056.44
15408.0,2011-03-20 15:02:00,2011-03-20 15:02:00,1,267.18
15410.0,2011-03-23 10:15:00,2011-09-16 14:47:00,8,3450.84
15411.0,2011-06-10 12:30:00,2011-11-13 15:19:00,4,1358.88
15412.0,2011-06-21 15:24:00,2011-06-21 15:24:00,1,190.53
15414.0,2011-04-11 13:45:00,2011-11-30 09:50:00,3,774.9000000000001
15415.0,2011-01-30 14:13:00,2011-01-30 14:13:00,1,572.8100000000001
15416.0,2011-03-02 08:41:00,2011-10-06 09:38:00,4,3984.32
15417.0,2011-09-15 15:26:00,2011-09-15 15:26:00,1,508.8
15419.0,2011-11-15 09:23:00,2011-11-15 09:23:00,1,135.85999999999999
15421.0,2011-02-02 14:36:00,2011-10-12 09:20:00,4,950.36
15422.0,2011-01-20 14:17:00,2011-01-20 16:17:00,2,97.7
15423.0,2011-11-01 14:01:00,2011-11-01 14:01:00,1,43.5
15424.0,2011-03-30 13:00:00,2011-03-30 13:02:00,2,383.34
15426.0,2010-12-05 13:55:00,2011-11-20 15:36:00,5,1447.39
15427.0,2011-10-23 14:47:00,2011-11-06 14:29:00,3,1483.14
15428.0,2011-11-24 16:54:00,2011-11-24 16:54:00,1,93.78
15429.0,2011-09-25 13:42:00,2011-11-13 12:28:00,2,397.35
15432.0,2011-11-16 16:30:00,2011-11-16 16:30:00,1,171.19
15433.0,2011-03-17 14:12:00,2011-05-10 10:45:00,2,533.3
15434.0,2011-05-23 14:18:00,2011-12-01 13:33:00,5,1041.48
15435.0,2011-11-17 16:39:00,2011-11-17 16:39:00,1,149.29
15436.0,2011-04-19 16:52:00,2011-11-27 16:05:00,3,1122.53
15437.0,2011-03-22 13:11:00,2011-03-22 13:11:00,1,200.16
15438.0,2011-07-31 14:19:00,2011-07-31 14:19:00,1,156.58
15440.0,2011-05-15 11:30:00,2011-10-16 12:16:00,3,383.68
15442.0,2011-04-05 12:24:00,2011-04-05 12:24:00,1,594.0
15443.0,2011-01-23 13:25:00,2011-12-08 10:40:00,7,3236.91
15444.0,2011-10-30 16:12:00,2011-11-30 17:37:00,2,1418.26
15445.0,2011-03-20 15:06:00,2011-03-20 15:06:00,1,113.5
15447.0,2011-01-13 11:26:00,2011-01-13 11:26:00,1,155.17
15448.0,2011-01-31 10:42:00,2011-01-31 10:42:00,1,494.64
15449.0,2011-03-23 10:43:00,2011-11-13 15:02:00,3,974.52
15450.0,2011-11-09 17:11:00,2011-11-09 17:11:00,1,429.84
15452.0,2011-03-20 15:21:00,2011-11-10 12:13:00,3,538.73
15453.0,2011-06-05 12:37:00,2011-12-08 10:59:00,7,1388.37
15454.0,2010-12-12 14:21:00,2010-12-12 14:21:00,1,179.1
15456.0,2010-12-15 15:34:00,2011-03-01 13:51:00,3,447.22
15457.0,2011-03-22 15:31:00,2011-03-22 15:31:00,1,237.07
15458.0,2011-11-14 13:08:00,2011-11-14 13:08:00,1,161.64
15460.0,2010-12-20 16:08:00,2010-12-20 16:08:00,1,216.76
15462.0,2011-06-05 15:36:00,2011-09-06 13:11:00,3,234.6
15463.0,2011-11-10 12:57:00,2011-11-10 12:57:00,1,126.14
15464.0,2011-01-05 15:56:00,2011-01-05 15:56:00,1,1048.85
15465.0,2010-12-05 10:12:00,2011-11-20 10:11:00,18,7354.62
15466.0,2011-09-15 14:08:00,2011-09-15 14:08:00,1,334.53
15467.0,2011-07-10 14:42:00,2011-11-30 14:17:00,3,524.88
15468.0,2011-10-19 13:38:00,2011-10-19 13:49:00,2,467.51
15469.0,2011-08-11 16:54:00,2011-10-20 16:21:00,2,538.55
15471.0,2011-12-07 14:12:00,2011-12-07 14:12:00,1,469.48
15472.0,2011-08-18 15:17:00,2011-08-18 15:17:00,1,371.56
15473.0,2011-10-10 11:12:00,2011-11-25 15:15:00,7,1771.2
15475.0,2011-09-23 15:20:00,2011-09-23 15:20:00,1,454.11
15478.0,2011-10-14 11:09:00,2011-10-30 14:19:00,2,1441.42
15480.0,2011-08-15 14:32:00,2011-08-15 14:32:00,1,905.5
15482.0,2010-12-16 10:08:00,2011-11-24 10:46:00,12,11054.96
15483.0,2011-03-18 12:26:00,2011-07-01 13:07:00,4,233.81
15484.0,2011-09-22 13:31:00,2011-12-08 15:03:00,4,3594.31
15485.0,2010-12-01 13:23:00,2011-11-09 14:31:00,3,2575.0
15488.0,2011-09-08 10:11:00,2011-09-08 10:11:00,1,91.32000000000001
15489.0,2011-05-12 12:54:00,2011-11-17 08:53:00,3,1134.28
15491.0,2011-04-18 10:04:00,2011-09-05 15:56:00,6,3100.09
15492.0,2011-09-26 14:02:00,2011-11-11 14:53:00,2,659.4599999999999
15493.0,2011-03-14 11:44:00,2011-11-07 12:04:00,5,2001.8
15494.0,2011-08-10 15:29:00,2011-11-18 14:51:00,2,1299.23
15497.0,2011-01-24 10:01:00,2011-11-22 11:51:00,2,1262.2
15498.0,2010-12-08 12:29:00,2011-12-07 12:48:00,27,13316.4
15500.0,2011-09-19 13:47:00,2011-12-01 13:47:00,4,1131.56
15502.0,2010-12-05 15:40:00,2011-11-24 12:48:00,12,10384.93
15503.0,2010-12-12 10:57:00,2010-12-12 10:57:00,1,147.09
15504.0,2011-09-19 13:45:00,2011-09-19 13:45:00,1,52.83
15505.0,2011-07-07 13:33:00,2011-10-18 07:56:00,5,3610.96
15506.0,2011-07-24 11:45:00,2011-11-17 12:11:00,3,979.26
15507.0,2011-06-21 11:19:00,2011-06-21 11:19:00,1,492.36
15508.0,2011-04-18 15:31:00,2011-06-03 15:43:00,6,1000.27
15510.0,2011-01-13 12:10:00,2011-01-13 12:10:00,1,250.0
15511.0,2011-09-15 15:05:00,2011-11-28 09:43:00,5,909.23
15512.0,2010-12-15 12:01:00,2011-07-07 10:20:00,2,121.0
15513.0,2010-12-01 11:22:00,2011-11-06 14:36:00,19,14758.220000000001
15514.0,2010-12-10 13:50:00,2011-11-27 14:40:00,11,4139.46
15516.0,2011-10-24 11:33:00,2011-10-26 10:51:00,3,62.43
15517.0,2011-04-20 14:02:00,2011-04-20 14:02:00,1,267.03
15518.0,2011-01-11 12:55:00,2011-10-06 13:05:00,8,1942.45
15520.0,2011-12-08 10:58:00,2011-12-08 10:58:00,1,343.5
15521.0,2011-03-30 09:15:00,2011-10-30 13:42:00,8,3000.2
15522.0,2011-09-13 12:26:00,2011-11-07 11:26:00,2,398.84
15523.0,2011-09-16 16:29:00,2011-09-16 16:29:00,1,412.01000000000005
15524.0,2011-11-15 12:09:00,2011-11-15 12:09:00,1,440.0
15525.0,2010-12-01 13:17:00,2011-12-07 14:43:00,3,825.92
15526.0,2011-11-06 15:01:00,2011-11-06 15:04:00,2,148.44
15527.0,2010-12-20 14:15:00,2011-11-21 12:17:00,8,2429.78
15528.0,2011-03-30 16:14:00,2011-03-30 16:14:00,1,229.33
15529.0,2010-12-08 12:24:00,2011-11-17 11:29:00,11,3995.23
15530.0,2011-04-07 11:16:00,2011-11-18 12:25:00,4,1502.35
15531.0,2011-11-09 17:47:00,2011-12-01 18:43:00,2,2007.44
15532.0,2010-12-16 16:45:00,2011-11-14 14:51:00,4,1580.93
15533.0,2011-09-11 15:41:00,2011-11-20 15:35:00,3,807.5699999999999
15535.0,2011-01-16 12:35:00,2011-06-19 16:02:00,4,536.4
15537.0,2011-06-29 13:10:00,2011-06-29 13:10:00,1,110.92
15539.0,2011-12-02 13:36:00,2011-12-02 13:36:00,1,538.46
15540.0,2011-11-28 13:51:00,2011-11-28 13:51:00,1,213.3
15541.0,2011-08-17 14:58:00,2011-08-17 14:58:00,1,85.13000000000001
15543.0,2011-02-24 15:26:00,2011-02-24 15:26:00,1,127.86
15544.0,2010-12-02 12:47:00,2011-11-30 16:43:00,9,3546.71
15545.0,2010-12-03 17:28:00,2011-10-16 13:24:00,2,292.72
15547.0,2010-12-12 13:26:00,2011-12-02 12:52:00,14,4954.84
15549.0,2011-01-27 15:38:00,2011-09-23 16:22:00,3,1693.26
15550.0,2011-02-11 12:49:00,2011-12-05 15:38:00,4,575.63
15551.0,2011-11-03 12:37:00,2011-11-03 12:37:00,1,436.06
15552.0,2011-05-06 14:47:00,2011-05-06 14:47:00,1,90.12
15553.0,2011-10-10 14:02:00,2011-10-10 14:02:00,1,437.23
15554.0,2011-03-07 09:00:00,2011-03-07 09:00:00,1,217.2
15555.0,2010-12-05 14:45:00,2011-11-27 16:19:00,16,4805.17
15556.0,2011-11-15 16:08:00,2011-11-15 16:08:00,1,279.77
15557.0,2011-11-11 12:46:00,2011-11-11 12:46:00,1,473.65000000000003
15561.0,2011-05-08 11:38:00,2011-11-28 11:07:00,4,800.59
15562.0,2010-12-23 09:55:00,2010-12-23 09:55:00,1,134.55
15563.0,2010-12-16 11:27:00,2011-11-17 14:50:00,4,1400.44
15565.0,2011-09-30 10:44:00,2011-10-20 14:33:00,2,173.16
15567.0,2011-11-21 10:48:00,2011-11-21 10:48:00,1,186.01
15568.0,2011-09-27 14:37:00,2011-12-07 11:27:00,3,758.29
15569.0,2011-01-11 13:26:00,2011-08-28 10:15:00,5,1375.71
15570.0,2010-12-05 12:57:00,2011-12-02 14:47:00,12,4165.52
15571.0,2011-09-22 13:15:00,2011-11-28 10:02:00,4,650.4300000000001
15572.0,2011-03-06 14:44:00,2011-12-05 10:09:00,7,2552.86
15573.0,2011-09-15 12:16:00,2011-11-08 11:38:00,2,607.45
15574.0,2010-12-02 15:46:00,2011-06-15 12:01:00,4,702.25
15576.0,2011-11-02 12:03:00,2011-11-02 12:03:00,1,940.6700000000001
15577.0,2011-02-07 13:32:00,2011-07-11 17:03:00,3,258.88
15578.0,2011-06-30 13:03:00,2011-06-30 13:03:00,1,127.10000000000001
15579.0,2011-01-30 12:09:00,2011-10-02 12:45:00,2,348.6
15581.0,2010-12-08 14:38:00,2011-08-11 09:38:00,13,3679.97
15582.0,2011-05-03 13:36:00,2011-11-15 09:55:00,3,682.9100000000001
15584.0,2011-06-30 16:39:00,2011-11-16 10:55:00,4,725.11
15585.0,2011-06-16 08:38:00,2011-06-16 08:38:00,1,455.3
15587.0,2010-12-23 09:59:00,2011-10-20 13:37:00,4,913.6800000000001
15589.0,2011-02-02 10:46:00,2011-03-29 09:54:00,3,478.53000000000003
15592.0,2011-10-24 08:59:00,2011-10-24 08:59:00,1,388.58
15593.0,2011-09-30 11:46:00,2011-09-30 11:46:00,1,199.8
15594.0,2011-04-19 10:08:00,2011-11-24 08:53:00,5,1771.78
15596.0,2010-12-09 16:10:00,2011-08-31 10:55:00,5,1406.59
15597.0,2011-11-04 13:26:00,2011-11-04 13:26:00,1,324.57
15598.0,2011-10-17 16:04:00,2011-10-17 16:04:00,1,240.68
15599.0,2011-05-19 13:05:00,2011-11-13 11:44:00,2,761.74
15601.0,2010-12-02 10:39:00,2011-11-28 15:15:00,14,6776.56
15602.0,2010-12-06 15:35:00,2011-12-01 14:14:00,9,1297.8700000000001
15603.0,2011-09-22 10:04:00,2011-09-22 10:04:00,1,48.480000000000004
15604.0,2011-10-18 14:47:00,2011-10-18 14:47:00,1,216.39
15605.0,2010-12-01 13:38:00,2011-11-03 14:17:00,5,1198.23
15606.0,2011-01-19 12:07:00,2011-10-09 15:47:00,9,2920.16
15607.0,2011-01-07 12:44:00,2011-01-07 12:44:00,1,104.76
15608.0,2011-08-11 09:56:00,2011-11-11 13:20:00,4,1093.68
15609.0,2011-06-08 13:00:00,2011-06-08 13:00:00,1,298.48
15610.0,2011-10-19 10:36:00,2011-10-19 10:36:00,1,112.46000000000001
15611.0,2011-01-09 11:32:00,2011-11-30 12:36:00,13,1591.45
15612.0,2011-10-09 12:49:00,2011-11-03 14:52:00,2,195.15
15615.0,2010-12-15 16:21:00,2011-11-29 14:42:00,23,10399.74
15618.0,2011-07-26 10:13:00,2011-11-07 08:34:00,4,776.851
15619.0,2011-11-29 08:14:00,2011-11-29 08:14:00,1,336.40000000000003
15620.0,2010-12-16 14:34:00,2011-10-14 12:41:00,3,1553.18
15621.0,2011-11-18 11:49:00,2011-12-05 14:01:00,4,1293.03
15622.0,2011-03-02 13:42:00,2011-10-27 16:44:00,9,3709.56
15623.0,2011-07-21 17:26:00,2011-07-21 17:26:00,1,301.03
15624.0,2011-03-28 13:32:00,2011-08-15 11:38:00,4,588.13
15625.0,2011-04-18 14:01:00,2011-08-28 10:21:00,4,1534.26
15626.0,2011-01-14 10:10:00,2011-09-26 10:03:00,2,675.8
15628.0,2010-12-08 09:51:00,2011-12-05 10:24:00,9,2870.2400000000002
15630.0,2011-05-19 10:16:00,2011-10-25 15:36:00,2,1186.35
15632.0,2011-03-10 08:29:00,2011-11-24 09:51:00,8,3285.31
15634.0,2011-11-22 16:28:00,2011-11-22 16:28:00,1,243.55
15636.0,2011-03-02 14:50:00,2011-09-11 11:17:00,2,724.76
15637.0,2011-10-18 08:28:00,2011-10-18 08:28:00,1,223.36
15639.0,2011-07-28 14:30:00,2011-07-28 14:30:00,1,425.32
15640.0,2010-12-02 15:40:00,2011-12-05 14:35:00,15,12515.66
15641.0,2010-12-15 14:45:00,2011-08-26 14:04:00,4,1887.2
15643.0,2011-03-02 14:34:00,2011-06-01 07:38:00,3,664.0
15644.0,2011-03-23 15:37:00,2011-06-26 14:54:00,4,813.0
15645.0,2011-11-21 11:55:00,2011-11-21 11:55:00,1,612.01
15646.0,2010-12-02 16:59:00,2011-07-05 09:53:00,3,447.64000000000004
15648.0,2011-03-17 18:59:00,2011-05-19 15:53:00,2,657.35
15649.0,2010-12-07 10:06:00,2011-01-07 13:34:00,2,816.0
15651.0,2011-03-24 08:56:00,2011-11-03 08:41:00,3,646.3
15652.0,2011-09-09 14:22:00,2011-09-09 14:22:00,1,337.74
15653.0,2011-08-16 09:50:00,2011-09-08 10:49:00,2,877.4399999999999
15654.0,2011-11-13 15:15:00,2011-11-30 13:08:00,2,922.5300000000001
15655.0,2011-04-10 15:25:00,2011-04-10 15:25:00,1,560.6700000000001
15656.0,2011-02-28 15:32:00,2011-10-25 14:56:00,4,748.5
15657.0,2011-11-17 12:19:00,2011-11-17 12:19:00,1,30.0
15658.0,2010-12-02 10:53:00,2011-06-02 15:22:00,5,1024.1
15659.0,2011-10-27 09:23:00,2011-10-27 09:23:00,1,306.45
15660.0,2010-12-09 09:49:00,2011-11-14 16:58:00,9,1600.86
15661.0,2011-01-05 12:32:00,2011-01-26 13:56:00,2,309.8
15663.0,2011-08-25 15:50:00,2011-08-25 15:50:00,1,138.14
15664.0,2011-10-20 10:57:00,2011-10-20 10:57:00,1,386.43
15665.0,2011-04-10 15:09:00,2011-06-24 14:57:00,2,2242.01
15667.0,2011-10-31 10:56:00,2011-10-31 10:56:00,1,301.32
15668.0,2011-05-06 10:39:00,2011-05-06 10:39:00,1,76.32000000000001
15669.0,2011-03-21 09:13:00,2011-10-30 16:03:00,4,684.34
15670.0,2011-02-16 10:50:00,2011-02-16 10:50:00,1,173.05
15671.0,2011-03-14 09:37:00,2011-11-21 12:43:00,7,2657.13
15673.0,2011-01-16 16:25:00,2011-09-12 16:12:00,4,2881.02
15674.0,2011-03-30 09:19:00,2011-09-27 15:17:00,5,2446.6
15675.0,2011-03-04 14:21:00,2011-09-19 13:48:00,3,323.69
15676.0,2011-03-01 10:19:00,2011-11-21 12:40:00,3,3435.76
15677.0,2011-10-21 15:36:00,2011-10-21 15:36:00,1,657.23
15678.0,2011-10-18 09:25:00,2011-10-18 09:25:00,1,352.7
15679.0,2011-06-10 08:24:00,2011-11-15 16:19:00,4,781.28
15680.0,2010-12-08 14:43:00,2011-11-30 13:46:00,3,1333.68
15681.0,2011-03-04 13:46:00,2011-11-14 16:30:00,5,1426.16
15683.0,2011-08-14 12:56:00,2011-08-14 12:56:00,1,193.75
15687.0,2011-01-13 15:13:00,2011-12-01 08:33:00,9,2993.1
15689.0,2010-12-13 09:57:00,2011-08-12 09:37:00,2,254.1
15690.0,2011-08-31 11:40:00,2011-12-05 15:59:00,2,239.76
15691.0,2011-04-01 15:13:00,2011-04-01 15:13:00,1,136.8
15692.0,2011-11-11 14:12:00,2011-11-11 14:12:00,1,191.04
15694.0,2010-12-02 07:49:00,2011-12-09 09:44:00,14,6479.4
15695.0,2011-03-18 08:31:00,2011-03-18 08:32:00,2,409.98
15696.0,2011-01-17 11:24:00,2011-11-06 14:02:00,8,2736.46
15699.0,2011-11-22 08:26:00,2011-11-22 08:26:00,1,309.65
15700.0,2011-06-19 15:36:00,2011-06-20 16:53:00,2,696.68
15701.0,2011-08-21 12:36:00,2011-12-07 14:39:00,4,1542.14
15703.0,2011-03-20 10:51:00,2011-03-20 10:51:00,1,211.5
15704.0,2011-05-08 12:42:00,2011-07-22 13:35:00,4,2293.62
15705.0,2011-05-22 15:37:00,2011-05-22 15:37:00,1,143.1
15706.0,2011-08-15 14:32:00,2011-10-07 10:09:00,4,1060.56
15707.0,2011-09-14 14:19:00,2011-11-04 14:35:00,4,945.58
15708.0,2010-12-05 11:12:00,2011-10-30 10:54:00,7,3364.2400000000002
15709.0,2011-03-01 10:38:00,2011-03-01 10:38:00,1,133.25
15712.0,2011-02-25 11:32:00,2011-11-30 14:09:00,5,1072.3600000000001
15713.0,2010-12-08 15:16:00,2011-07-19 13:34:00,2,356.7
15714.0,2011-09-23 11:25:00,2011-11-28 11:26:00,2,330.88
15716.0,2010-12-05 12:26:00,2011-07-17 11:59:00,4,1118.81
15717.0,2011-04-19 13:21:00,2011-04-19 13:21:00,1,150.3
15719.0,2011-01-06 12:31:00,2011-11-07 12:29:00,13,5045.61
15720.0,2011-11-15 14:48:00,2011-11-15 14:48:00,1,598.73
15721.0,2011-11-28 12:14:00,2011-11-28 12:14:00,1,507.08
15722.0,2011-02-22 12:24:00,2011-11-04 11:43:00,5,2222.56
15723.0,2010-12-10 11:12:00,2010-12-10 11:12:00,1,203.1
15724.0,2011-02-28 10:40:00,2011-05-22 14:40:00,2,218.25
15725.0,2011-11-24 14:51:00,2011-11-24 14:51:00,1,415.25
15727.0,2010-12-15 15:47:00,2011-11-23 12:36:00,7,5178.96
15729.0,2011-05-11 12:36:00,2011-05-11 12:36:00,1,85.0
15730.0,2011-05-17 12:43:00,2011-10-05 12:31:00,3,1120.88
15732.0,2010-12-02 15:00:00,2011-05-11 14:24:00,2,294.12
15733.0,2011-03-02 09:05:00,2011-03-02 09:05:00,1,162.3
15734.0,2011-05-23 14:59:00,2011-08-17 10:50:00,2,1339.45
15737.0,2011-04-11 10:01:00,2011-11-25 11:21:00,8,1205.1200000000001
15738.0,2010-12-02 12:50:00,2011-11-21 08:26:00,16,4812.42
15739.0,2011-10-04 13:42:00,2011-10-04 13:42:00,1,449.12
15740.0,2011-10-21 14:29:00,2011-10-21 14:29:00,1,154.88
15743.0,2011-06-08 10:14:00,2011-11-23 17:19:00,4,784.46
15744.0,2011-09-23 09:52:00,2011-09-23 09:52:00,1,34.8
15745.0,2011-04-17 13:04:00,2011-11-20 13:45:00,4,1094.59
15746.0,2011-07-28 15:21:00,2011-07-28 15:21:00,1,196.88
15747.0,2011-06-20 11:30:00,2011-11-27 12:26:00,3,974.04
15748.0,2011-10-30 12:51:00,2011-10-30 12:51:00,1,149.31
15749.0,2011-01-11 12:55:00,2011-04-18 13:20:00,3,44534.3
15750.0,2010-12-08 10:36:00,2011-12-07 12:34:00,8,2465.48
15752.0,2010-12-02 09:43:00,2011-10-31 11:37:00,7,2637.38
15753.0,2011-02-08 12:41:00,2011-02-08 12:41:00,1,79.2
15754.0,2011-04-07 12:24:00,2011-10-19 14:40:00,3,458.57
15755.0,2011-02-18 11:53:00,2011-11-29 14:57:00,6,2364.25
15756.0,2011-04-04 14:00:00,2011-10-09 13:30:00,4,532.96
15757.0,2011-05-06 11:40:00,2011-10-05 12:14:00,2,714.42
15758.0,2011-11-15 10:48:00,2011-11-15 10:48:00,1,205.25
15759.0,2010-12-16 15:29:00,2011-05-05 15:13:00,3,253.04
15762.0,2011-09-23 15:17:00,2011-10-05 16:15:00,2,583.75
15763.0,2011-09-23 12:10:00,2011-11-08 09:44:00,2,1086.92
15764.0,2011-03-08 09:23:00,2011-09-12 17:58:00,6,3279.97
15766.0,2011-10-06 17:03:00,2011-10-06 17:03:00,1,315.06
15768.0,2011-04-28 09:20:00,2011-08-16 10:48:00,3,621.83
15769.0,2010-12-03 15:16:00,2011-12-02 13:52:00,26,56252.72
15773.0,2011-12-04 12:48:00,2011-12-04 12:48:00,1,635.6800000000001
15774.0,2011-10-02 12:04:00,2011-10-02 12:04:00,1,270.8
15775.0,2011-04-08 12:56:00,2011-04-08 12:56:00,1,104.9
15776.0,2011-07-29 13:46:00,2011-07-29 13:46:00,1,241.62
15777.0,2010-12-13 16:38:00,2011-04-12 16:43:00,4,1047.11
15780.0,2010-12-17 11:43:00,2011-06-09 12:01:00,3,475.28000000000003
15781.0,2011-02-07 09:15:00,2011-11-14 14:57:00,3,345.46
15782.0,2011-09-11 14:29:00,2011-11-30 10:49:00,3,2614.7400000000002
15783.0,2011-11-29 09:50:00,2011-11-29 09:50:00,1,246.3
15785.0,2011-02-17 14:17:00,2011-11-07 11:33:00,5,2328.97
15786.0,2011-08-17 13:33:00,2011-10-24 14:13:00,3,4932.2
15787.0,2011-10-09 13:11:00,2011-11-13 14:55:00,3,948.05
15789.0,2010-12-16 14:35:00,2010-12-16 14:35:00,1,351.3
15790.0,2011-11-29 14:53:00,2011-11-29 14:53:00,1,220.85
15791.0,2011-05-19 15:15:00,2011-10-27 10:14:00,2,1612.69
15793.0,2011-03-16 10:45:00,2011-11-25 09:31:00,3,965.61
15795.0,2011-07-13 10:43:00,2011-07-13 10:43:00,1,610.01
15796.0,2011-02-10 15:40:00,2011-12-08 19:55:00,8,2711.56
15797.0,2011-01-24 15:47:00,2011-08-18 17:04:00,4,2207.4
15799.0,2011-01-09 15:13:00,2011-09-25 12:46:00,3,884.14
15800.0,2011-04-07 12:39:00,2011-08-24 14:23:00,2,699.08
15801.0,2011-08-22 09:53:00,2011-10-24 13:52:00,3,1063.95
15802.0,2011-07-20 11:38:00,2011-07-20 11:38:00,1,451.42
15803.0,2011-10-19 14:56:00,2011-10-19 14:56:00,1,415.82
15804.0,2011-05-25 10:12:00,2011-12-09 12:31:00,13,4206.39
15805.0,2010-12-10 09:33:00,2011-11-16 16:32:00,17,5528.4800000000005
15806.0,2011-03-08 09:24:00,2011-10-24 14:35:00,3,784.58
15807.0,2011-09-23 14:43:00,2011-10-20 14:10:00,3,903.9
15808.0,2010-12-05 13:05:00,2011-02-06 14:33:00,4,3734.9700000000003
15809.0,2011-02-10 11:16:00,2011-11-03 16:40:00,5,515.77
15810.0,2011-02-16 09:11:00,2011-09-22 09:38:00,4,1391.98
15811.0,2010-12-09 15:29:00,2011-11-17 15:31:00,6,2218.62
15812.0,2011-01-26 12:12:00,2011-08-24 14:19:00,5,1801.14
15813.0,2011-04-14 09:09:00,2011-05-16 08:13:00,2,1303.91
15814.0,2011-10-20 09:04:00,2011-11-23 08:17:00,4,1945.33
15815.0,2011-03-25 08:43:00,2011-10-07 12:42:00,5,2100.6
15819.0,2011-03-08 09:45:00,2011-10-21 14:50:00,4,1905.45
15820.0,2011-01-24 12:00:00,2011-01-24 12:00:00,1,206.98
15821.0,2011-10-09 13:28:00,2011-10-26 15:48:00,2,570.96
15822.0,2010-12-15 13:38:00,2011-12-06 14:50:00,2,885.47
15823.0,2010-12-02 15:08:00,2010-12-02 15:08:00,1,15.0
15825.0,2011-06-20 13:27:00,2011-06-20 13:27:00,1,532.94
15826.0,2011-05-13 10:44:00,2011-10-14 16:05:00,3,1654.31
15827.0,2010-12-02 13:06:00,2011-09-27 15:35:00,14,1836.0900000000001
15829.0,2011-07-22 10:23:00,2011-09-01 16:45:00,2,636.14
15830.0,2011-11-02 10:40:00,2011-11-02 10:40:00,1,576.0
15831.0,2011-01-19 14:52:00,2011-10-12 13:14:00,3,801.76
15832.0,2011-03-30 15:29:00,2011-03-30 15:29:00,1,836.79
15834.0,2011-03-07 17:52:00,2011-09-30 14:41:00,4,2233.75
15835.0,2011-01-13 10:35:00,2011-10-26 15:47:00,4,954.09
15836.0,2011-10-20 17:13:00,2011-10-20 17:13:00,1,137.37
15837.0,2011-10-06 09:01:00,2011-10-06 09:01:00,1,391.98
15838.0,2010-12-07 11:26:00,2011-11-28 14:00:00,19,33643.08
15839.0,2011-07-14 16:35:00,2011-11-06 13:54:00,3,1048.49
15840.0,2011-06-20 11:42:00,2011-10-12 09:08:00,2,355.56
15841.0,2011-01-05 11:25:00,2011-09-28 12:15:00,4,1224.06
15843.0,2011-02-09 10:19:00,2011-02-09 10:19:00,1,118.95000000000002
15844.0,2011-10-24 15:19:00,2011-10-24 15:19:00,1,130.73999999999998
15845.0,2011-01-06 17:19:00,2011-11-22 09:42:00,8,3711.77
15847.0,2011-02-24 16:46:00,2011-11-01 14:41:00,2,389.27
15850.0,2011-06-24 14:16:00,2011-11-20 14:14:00,2,238.85
15852.0,2011-05-26 13:26:00,2011-06-06 11:22:00,2,160.71
15853.0,2011-10-19 10:38:00,2011-10-19 10:38:00,1,110.8
15854.0,2010-12-13 11:47:00,2011-12-05 13:39:00,12,2974.65
15855.0,2011-03-21 12:32:00,2011-07-26 10:20:00,5,712.24
15856.0,2010-12-09 13:34:00,2011-12-05 17:09:00,27,16387.57
15857.0,2011-11-21 12:18:00,2011-11-21 12:18:00,1,297.0
15858.0,2010-12-07 14:31:00,2011-11-24 12:48:00,5,1438.85
15860.0,2010-12-06 11:38:00,2011-10-30 11:25:00,8,977.21
15861.0,2011-03-17 20:12:00,2011-11-27 15:59:00,8,3165.36
15862.0,2010-12-01 11:21:00,2011-12-01 13:28:00,4,832.88
15863.0,2011-05-31 11:36:00,2011-11-14 12:49:00,2,68.84
15864.0,2011-01-27 16:43:00,2011-11-17 13:32:00,6,1936.3200000000002
15865.0,2011-05-10 11:44:00,2011-10-30 12:43:00,3,895.13
15866.0,2011-08-30 14:09:00,2011-08-30 14:09:00,1,230.53
15867.0,2010-12-05 14:17:00,2011-12-04 13:32:00,15,3812.64
15869.0,2011-03-07 17:19:00,2011-03-07 17:23:00,2,149.64
15870.0,2011-11-07 10:58:00,2011-11-07 10:58:00,1,354.09000000000003
15872.0,2011-11-25 11:54:00,2011-11-25 11:55:00,2,360.93
15874.0,2011-02-28 13:28:00,2011-10-07 12:31:00,7,4405.88
15877.0,2011-11-22 11:18:00,2011-12-08 11:53:00,2,493.28000000000003
15880.0,2010-12-05 13:00:00,2010-12-05 13:00:00,1,343.28
15881.0,2010-12-10 13:32:00,2011-01-31 16:59:00,5,501.39000000000004
15882.0,2010-12-06 13:01:00,2011-05-25 11:35:00,4,516.36
15883.0,2011-11-06 14:50:00,2011-12-07 17:05:00,2,396.48
15885.0,2011-02-03 15:28:00,2011-09-08 10:43:00,3,379.35
15886.0,2011-10-10 14:25:00,2011-10-10 14:25:00,1,181.09
15888.0,2011-09-20 12:30:00,2011-09-20 12:30:00,1,168.31
15889.0,2010-12-05 15:12:00,2011-07-06 11:10:00,2,446.87
15891.0,2011-04-27 12:35:00,2011-04-27 12:35:00,1,524.52
15894.0,2010-12-05 14:06:00,2011-03-31 13:50:00,2,263.55
15895.0,2011-07-13 10:27:00,2011-07-13 10:27:00,1,179.17
15897.0,2011-05-29 13:32:00,2011-05-29 13:50:00,2,222.05
15898.0,2010-12-06 11:01:00,2011-12-08 15:23:00,5,1388.88
15899.0,2010-12-06 10:36:00,2010-12-06 10:36:00,1,56.25
15900.0,2011-11-16 12:19:00,2011-11-16 12:19:00,1,351.11
15901.0,2011-07-08 12:18:00,2011-11-23 12:43:00,3,363.88
15903.0,2011-02-17 14:04:00,2011-11-30 08:08:00,7,5126.76
15904.0,2011-12-01 14:50:00,2011-12-01 14:50:00,1,164.68
15906.0,2011-03-29 13:28:00,2011-11-20 12:24:00,7,1567.69
15907.0,2011-05-13 13:01:00,2011-12-06 12:21:00,3,967.45
15909.0,2011-06-19 10:38:00,2011-06-19 10:38:00,1,191.93999999999997
15910.0,2011-01-27 11:55:00,2011-12-09 10:51:00,8,1232.18
15912.0,2011-04-20 17:10:00,2011-06-14 14:29:00,2,264.62
15916.0,2010-12-08 13:07:00,2011-11-23 13:46:00,8,1528.09
15917.0,2011-04-06 10:40:00,2011-04-06 10:40:00,1,123.1
15918.0,2011-03-13 15:55:00,2011-06-02 11:42:00,2,334.23
15919.0,2010-12-06 11:26:00,2011-11-20 11:28:00,2,639.89
15920.0,2011-07-08 15:16:00,2011-07-08 15:31:00,4,167.5
15921.0,2011-06-20 11:03:00,2011-06-20 11:03:00,1,336.03000000000003
15922.0,2010-12-01 13:51:00,2010-12-01 13:51:00,1,369.5
15923.0,2010-12-02 12:16:00,2010-12-02 12:16:00,1,127.08
15925.0,2011-05-29 15:35:00,2011-05-29 15:35:00,1,207.15
15930.0,2011-10-03 14:52:00,2011-10-03 14:52:00,1,426.63
15932.0,2011-02-23 14:50:00,2011-12-05 17:13:00,8,2495.87
15933.0,2011-09-14 12:05:00,2011-11-18 13:14:00,3,1107.46
15935.0,2011-04-12 09:35:00,2011-04-14 13:27:00,2,416.86
15937.0,2011-10-06 15:48:00,2011-10-06 15:48:00,1,145.35
15938.0,2011-01-20 10:11:00,2011-08-19 12:56:00,5,404.58
15939.0,2011-01-12 12:43:00,2011-09-11 11:30:00,15,6115.01
15940.0,2011-02-01 16:18:00,2011-02-01 16:18:00,1,35.8
15942.0,2011-07-29 09:01:00,2011-07-29 09:01:00,1,337.44
15944.0,2011-03-08 10:33:00,2011-03-08 10:33:00,1,325.1
15945.0,2010-12-09 13:14:00,2010-12-09 13:14:00,1,181.0
15947.0,2011-09-18 10:46:00,2011-09-18 10:46:00,1,1708.24
15948.0,2011-10-27 08:35:00,2011-12-01 15:32:00,2,955.24
15949.0,2011-09-29 17:34:00,2011-11-23 09:09:00,2,364.72
15950.0,2010-12-15 11:56:00,2011-11-08 11:09:00,4,1765.51
15951.0,2011-02-27 11:57:00,2011-12-01 08:34:00,2,708.22
15952.0,2011-04-28 12:55:00,2011-11-06 11:18:00,4,806.57
15953.0,2010-12-05 15:15:00,2011-11-24 15:32:00,8,1659.3799999999999
15955.0,2010-12-02 11:22:00,2011-11-15 14:15:00,14,4416.26
15957.0,2011-11-08 12:14:00,2011-11-08 12:14:00,1,428.89
15958.0,2011-09-26 13:41:00,2011-09-26 13:41:00,1,104.35000000000001
15963.0,2011-10-25 13:05:00,2011-11-20 11:33:00,2,470.76
15965.0,2010-12-07 13:18:00,2011-11-22 16:44:00,4,845.64
15967.0,2011-01-25 11:57:00,2011-11-16 15:41:00,2,418.83
15969.0,2011-06-07 12:19:00,2011-12-07 11:06:00,3,666.1
15970.0,2011-02-09 12:08:00,2011-02-09 12:08:00,1,314.1
15971.0,2011-02-01 16:47:00,2011-11-22 12:50:00,12,4199.85
15973.0,2010-12-08 11:42:00,2010-12-08 11:42:00,1,307.82
15974.0,2011-02-24 10:10:00,2011-10-31 13:13:00,7,3442.15
15975.0,2011-09-16 13:33:00,2011-09-16 13:33:00,1,371.01
15976.0,2011-05-03 17:12:00,2011-06-27 13:00:00,2,430.94
15977.0,2011-10-31 16:24:00,2011-11-22 13:29:00,2,1054.73
15978.0,2011-09-23 15:21:00,2011-09-23 15:21:00,1,1098.78
15980.0,2011-03-30 15:05:00,2011-09-12 09:41:00,3,2398.86
15981.0,2011-02-01 13:50:00,2011-11-15 08:00:00,8,3408.48
15983.0,2010-12-01 12:15:00,2011-11-17 17:34:00,4,1475.02
15984.0,2010-12-06 13:21:00,2011-12-07 12:16:00,10,2837.67
15985.0,2011-04-17 11:04:00,2011-08-08 16:31:00,2,1142.42
15986.0,2011-11-09 15:17:00,2011-11-09 15:17:00,1,168.12
15987.0,2010-12-06 08:34:00,2011-11-27 15:38:00,7,1451.28
15988.0,2011-11-20 13:23:00,2011-11-20 13:23:00,1,158.03
15990.0,2011-02-25 15:35:00,2011-10-26 15:58:00,2,792.11
15992.0,2011-12-06 11:00:00,2011-12-06 11:00:00,1,41.989999999999995
15993.0,2011-10-26 16:21:00,2011-12-01 10:45:00,7,2797.57
15994.0,2011-10-16 12:28:00,2011-10-16 12:28:00,1,427.07
15996.0,2010-12-08 15:59:00,2011-09-12 15:14:00,6,1060.68
15998.0,2010-12-12 13:32:00,2011-11-03 12:45:00,5,3089.97
16000.0,2011-12-07 12:14:00,2011-12-07 12:17:00,3,12393.7
16003.0,2010-12-15 12:09:00,2011-11-10 09:57:00,5,2735.37
16005.0,2011-03-14 11:46:00,2011-11-27 13:47:00,4,615.39
16006.0,2011-05-12 13:12:00,2011-05-12 13:12:00,1,101.4
16007.0,2011-05-08 13:32:00,2011-10-23 11:05:00,4,1701.94
16008.0,2011-05-19 10:54:00,2011-11-16 10:32:00,3,478.78
16009.0,2011-07-03 11:26:00,2011-11-17 16:51:00,4,992.71
16010.0,2010-12-12 12:18:00,2011-04-08 10:14:00,3,407.5
16011.0,2010-12-08 16:34:00,2011-12-01 16:31:00,16,3362.71
16012.0,2011-07-07 18:02:00,2011-11-04 13:25:00,3,1415.29
16013.0,2010-12-03 13:09:00,2011-12-06 10:36:00,47,37130.6
16014.0,2011-02-21 17:42:00,2011-11-02 12:04:00,3,662.38
16015.0,2011-10-21 12:56:00,2011-12-06 10:58:00,3,705.39
16016.0,2010-12-08 12:36:00,2011-12-06 14:35:00,8,1508.76
16017.0,2011-10-23 12:56:00,2011-10-23 12:56:00,1,211.88
16018.0,2011-06-12 13:52:00,2011-10-31 14:13:00,2,408.9
16019.0,2010-12-10 12:29:00,2011-10-24 11:51:00,9,3786.2400000000002
16020.0,2011-10-05 13:54:00,2011-11-23 11:18:00,3,851.01
16022.0,2011-03-24 13:16:00,2011-03-24 13:16:00,1,628.28
16023.0,2011-03-18 13:32:00,2011-10-24 16:34:00,3,719.81
16024.0,2011-11-27 13:26:00,2011-11-27 13:26:00,1,251.24
16025.0,2011-11-10 11:45:00,2011-11-10 11:45:00,1,439.65999999999997
16026.0,2011-10-27 13:53:00,2011-10-27 13:53:00,1,236.09
16027.0,2011-02-10 12:19:00,2011-09-09 10:47:00,6,934.62
16029.0,2010-12-01 09:57:00,2011-11-01 10:27:00,63,81024.84
16030.0,2011-02-03 11:28:00,2011-02-03 11:28:00,1,331.24
16031.0,2011-04-06 14:23:00,2011-09-08 13:07:00,2,548.94
16033.0,2010-12-05 10:36:00,2011-12-04 12:44:00,20,8816.4
16034.0,2011-01-11 11:54:00,2011-05-27 16:17:00,3,437.7
16036.0,2011-03-21 13:01:00,2011-09-13 14:53:00,2,758.92
16037.0,2010-12-16 10:18:00,2011-03-15 09:13:00,3,855.02
16038.0,2011-05-22 11:29:00,2011-12-02 12:40:00,3,471.78000000000003
16040.0,2011-03-16 09:58:00,2011-10-05 13:47:00,3,1313.55
16041.0,2011-07-21 16:27:00,2011-11-09 12:25:00,3,3166.4
16042.0,2011-01-11 13:25:00,2011-11-17 17:50:00,5,1197.27
16043.0,2011-01-26 11:14:00,2011-11-02 12:50:00,4,773.99
16045.0,2011-02-22 14:55:00,2011-08-12 12:41:00,4,1340.7
16048.0,2010-12-01 15:27:00,2010-12-01 15:28:00,2,256.44
16049.0,2011-09-25 14:33:00,2011-10-30 13:19:00,3,1111.79
16050.0,2011-06-19 11:44:00,2011-06-19 11:44:00,1,137.9
16052.0,2011-10-16 15:13:00,2011-10-16 15:13:00,1,362.06
16053.0,2011-08-09 14:57:00,2011-11-07 11:21:00,2,1511.95
16054.0,2011-07-17 13:08:00,2011-07-17 13:08:00,1,783.9
16055.0,2011-05-03 09:26:00,2011-05-03 09:26:00,1,134.8
16056.0,2011-10-25 15:19:00,2011-10-25 15:19:00,1,664.85
16057.0,2011-02-28 10:35:00,2011-11-23 15:23:00,7,2263.12
16059.0,2010-12-07 10:36:00,2011-10-05 09:56:00,6,1459.8600000000001
16062.0,2010-12-10 12:00:00,2011-11-30 12:15:00,4,1153.62
16063.0,2011-03-24 14:55:00,2011-03-24 14:56:00,1,335.32
16065.0,2010-12-09 13:03:00,2010-12-09 13:03:00,1,372.09
16066.0,2011-08-07 14:33:00,2011-11-23 11:54:00,5,1521.87
16070.0,2011-11-07 16:36:00,2011-11-17 15:50:00,2,852.15
16071.0,2011-10-26 11:14:00,2011-10-26 11:14:00,1,326.24
16072.0,2011-02-24 14:32:00,2011-02-24 14:32:00,1,584.32
16073.0,2011-02-15 15:41:00,2011-02-15 15:41:00,1,122.39999999999999
16076.0,2011-05-15 12:31:00,2011-12-06 14:59:00,10,2234.73
16078.0,2011-03-01 09:47:00,2011-03-01 09:47:00,1,79.2
16079.0,2011-10-30 13:06:00,2011-11-23 12:48:00,3,1352.0
16080.0,2011-03-10 14:44:00,2011-09-19 10:42:00,2,217.16
16081.0,2010-12-08 11:16:00,2011-10-14 13:06:00,5,2806.9
16083.0,2010-12-14 11:51:00,2011-08-31 10:47:00,2,1317.62
16084.0,2011-02-13 16:05:00,2011-02-13 16:05:00,1,436.18
16085.0,2011-01-23 12:07:00,2011-11-16 13:24:00,5,981.51
16086.0,2010-12-07 13:45:00,2011-10-11 13:09:00,5,1121.39
16091.0,2011-05-25 09:18:00,2011-07-08 08:45:00,2,315.06
16092.0,2011-03-30 15:38:00,2011-08-17 10:46:00,3,817.86
16093.0,2011-08-25 11:09:00,2011-08-25 11:09:00,1,17.0
16094.0,2011-05-04 13:57:00,2011-11-28 12:45:00,4,1078.23
16096.0,2011-03-20 13:38:00,2011-03-20 13:38:00,1,320.62
16097.0,2011-04-13 13:47:00,2011-04-13 13:47:00,1,185.04999999999998
16098.0,2010-12-01 09:45:00,2011-09-13 09:59:00,7,2005.63
16099.0,2011-04-28 08:34:00,2011-10-20 13:13:00,3,731.9
16101.0,2011-09-30 10:18:00,2011-09-30 10:18:00,1,1290.7
16102.0,2011-08-03 12:50:00,2011-10-28 13:19:00,3,1842.14
16103.0,2011-04-20 12:28:00,2011-12-02 14:16:00,6,1429.64
16104.0,2011-10-09 10:23:00,2011-10-09 10:23:00,1,302.36
16105.0,2011-04-05 10:13:00,2011-04-05 10:13:00,1,336.96
16106.0,2011-10-05 10:37:00,2011-10-05 10:37:00,1,108.38
16107.0,2011-06-09 18:42:00,2011-11-22 09:40:00,7,3204.1600000000003
16108.0,2011-09-16 11:48:00,2011-09-16 11:48:00,1,842.5
16109.0,2011-02-04 12:37:00,2011-05-05 09:17:00,2,611.88
16110.0,2011-02-01 14:01:00,2011-10-25 14:35:00,3,1337.48
16112.0,2011-01-05 11:47:00,2011-07-19 14:28:00,4,195.74
16113.0,2011-06-09 16:16:00,2011-06-09 16:16:00,1,161.38
16114.0,2011-06-22 10:13:00,2011-06-22 10:13:00,1,135.75000000000003
16115.0,2011-02-20 12:14:00,2011-11-30 11:32:00,8,1667.97
16116.0,2011-05-12 12:01:00,2011-05-12 12:01:00,1,612.78
16117.0,2011-06-03 11:42:00,2011-06-03 11:42:00,1,232.21
16119.0,2011-09-28 10:15:00,2011-12-01 15:11:00,2,423.36
16120.0,2011-10-11 14:10:00,2011-10-11 14:22:00,4,1309.14
16121.0,2011-05-08 11:52:00,2011-10-13 12:59:00,2,867.11
16122.0,2010-12-08 11:41:00,2011-09-27 15:34:00,4,684.4200000000001
16123.0,2011-10-19 09:18:00,2011-10-19 09:18:00,1,307.78
16124.0,2011-01-26 14:45:00,2011-01-26 14:45:00,1,249.0
16125.0,2010-12-07 15:48:00,2010-12-07 15:48:00,1,289.35
16126.0,2011-02-16 11:18:00,2011-11-10 16:03:00,4,6287.77
16127.0,2011-10-31 13:58:00,2011-10-31 13:58:00,1,656.25
16128.0,2011-03-02 12:21:00,2011-11-22 11:14:00,5,1880.22
16131.0,2011-04-14 08:32:00,2011-10-19 11:53:00,6,3506.54
16133.0,2011-01-25 15:55:00,2011-12-06 11:24:00,33,14589.04
16134.0,2010-12-15 14:00:00,2011-11-18 10:05:00,2,618.09
16135.0,2011-03-22 12:30:00,2011-03-22 12:30:00,1,517.55
16136.0,2011-03-07 09:52:00,2011-10-11 09:10:00,3,709.38
16139.0,2011-05-17 10:23:00,2011-11-21 08:37:00,3,635.41
16140.0,2010-12-03 14:40:00,2011-10-05 12:15:00,2,725.18
16141.0,2011-09-12 13:11:00,2011-09-12 13:11:00,1,620.4
16142.0,2011-04-04 10:16:00,2011-04-04 10:16:00,1,535.34
16143.0,2010-12-05 15:18:00,2011-12-06 14:13:00,6,2424.94
16144.0,2011-04-07 10:09:00,2011-04-07 10:09:00,1,175.2
16145.0,2010-12-15 09:09:00,2011-12-01 10:33:00,11,3799.4900000000002
16146.0,2011-04-21 15:25:00,2011-07-05 14:20:00,3,734.13
16147.0,2011-07-29 09:57:00,2011-07-29 09:57:00,1,375.0
16148.0,2011-02-16 14:01:00,2011-02-16 14:01:00,1,76.32000000000001
16149.0,2011-07-20 14:54:00,2011-12-05 11:29:00,2,280.52
16150.0,2010-12-02 18:27:00,2011-10-28 12:39:00,5,2053.02
16152.0,2011-03-16 09:47:00,2011-03-16 09:47:00,1,1829.04
16153.0,2010-12-20 09:22:00,2011-10-21 10:50:00,5,1824.23
16156.0,2011-02-02 12:02:00,2011-12-01 12:42:00,9,3122.04
16157.0,2011-09-28 11:48:00,2011-11-24 11:41:00,3,656.69
16159.0,2011-03-03 12:27:00,2011-03-03 12:27:00,1,348.2
16160.0,2011-09-15 10:53:00,2011-10-05 14:19:00,2,1025.44
16161.0,2010-12-06 10:03:00,2011-12-08 12:10:00,19,5575.56
16162.0,2011-04-01 15:03:00,2011-04-01 15:03:00,1,37.4
16163.0,2010-12-09 16:28:00,2011-04-21 15:15:00,2,856.6
16164.0,2011-10-28 09:12:00,2011-11-22 15:04:00,3,822.48
16168.0,2010-12-05 11:38:00,2011-11-29 12:45:00,27,3787.6
16169.0,2011-09-25 11:33:00,2011-12-01 15:28:00,4,1822.97
16170.0,2011-04-05 13:42:00,2011-10-20 08:21:00,6,1885.05
16171.0,2011-10-11 14:51:00,2011-10-11 14:51:00,1,73.2
16172.0,2011-04-12 12:02:00,2011-09-05 13:22:00,5,1140.21
16173.0,2011-09-02 15:23:00,2011-11-24 10:53:00,6,1418.32
16174.0,2011-07-11 09:23:00,2011-08-05 13:26:00,3,1009.5500000000001
16175.0,2011-04-13 14:38:00,2011-09-06 14:32:00,4,1037.59
16177.0,2011-10-20 12:57:00,2011-10-20 12:57:00,1,331.95
16178.0,2011-07-24 16:05:00,2011-07-24 16:05:00,1,197.9
16179.0,2011-10-10 09:41:00,2011-10-10 09:41:00,1,215.83
16180.0,2011-04-01 10:23:00,2011-08-31 16:28:00,8,10254.18
16181.0,2011-09-27 13:38:00,2011-09-27 13:38:00,1,305.54
16182.0,2011-02-18 10:11:00,2011-09-28 13:23:00,4,6617.65
16183.0,2011-10-03 14:59:00,2011-10-03 14:59:00,1,338.71000000000004
16184.0,2011-05-12 13:33:00,2011-10-06 17:43:00,6,1158.79
16185.0,2011-04-21 11:59:00,2011-11-23 09:41:00,2,529.41
16186.0,2010-12-02 14:40:00,2011-11-17 12:43:00,12,4006.94
16187.0,2011-02-28 13:34:00,2011-11-08 09:50:00,15,6911.4400000000005
16188.0,2011-04-11 09:44:00,2011-10-26 12:19:00,4,981.86
16189.0,2011-09-15 15:21:00,2011-11-24 11:47:00,2,215.48
16190.0,2011-10-30 15:59:00,2011-10-30 15:59:00,1,215.08
16191.0,2010-12-14 12:38:00,2011-12-07 11:26:00,13,5180.52
16193.0,2011-04-17 11:45:00,2011-04-17 11:45:00,1,314.45
16198.0,2011-09-25 14:58:00,2011-09-25 14:58:00,1,400.68100000000004
16200.0,2011-06-28 15:47:00,2011-12-05 14:40:00,2,1080.6200000000001
16201.0,2011-08-22 10:47:00,2011-12-06 16:02:00,4,1863.47
16202.0,2010-12-14 10:43:00,2010-12-14 10:43:00,1,365.27
16203.0,2010-12-02 15:39:00,2011-10-12 12:31:00,4,592.9
16204.0,2011-11-16 13:40:00,2011-11-16 13:40:00,1,405.71
16205.0,2011-06-13 11:33:00,2011-11-09 09:32:00,4,761.38
16206.0,2011-01-16 11:07:00,2011-10-16 10:41:00,4,537.0600000000001
16207.0,2011-11-14 13:51:00,2011-11-14 13:51:00,1,394.38
16208.0,2011-02-23 13:37:00,2011-10-26 11:36:00,2,664.26
16209.0,2011-04-07 12:23:00,2011-09-12 11:58:00,5,2262.62
16210.0,2010-12-01 12:27:00,2011-12-08 12:36:00,18,21086.3
16211.0,2011-09-12 12:11:00,2011-09-12 12:11:00,1,547.02
16212.0,2011-03-01 12:51:00,2011-11-20 13:00:00,2,690.34
16213.0,2011-09-22 10:03:00,2011-09-22 10:03:00,1,159.0
16214.0,2011-03-15 13:23:00,2011-06-22 11:30:00,3,1062.75
16215.0,2011-09-20 10:18:00,2011-09-20 10:18:00,1,242.35
16216.0,2011-03-17 15:34:00,2011-03-17 15:34:00,1,914.9300000000001
16217.0,2011-03-02 15:28:00,2011-04-18 13:31:00,2,304.25
16218.0,2010-12-01 11:29:00,2011-11-10 09:59:00,7,3084.68
16221.0,2010-12-07 13:13:00,2011-11-03 11:43:00,3,864.86
16222.0,2011-01-25 13:38:00,2011-01-25 13:38:00,1,846.72
16224.0,2011-04-04 12:00:00,2011-10-13 17:51:00,4,1295.3
16225.0,2011-03-07 12:17:00,2011-10-26 08:30:00,5,1096.32
16226.0,2011-04-18 12:58:00,2011-05-20 14:41:00,3,255.12
16227.0,2011-04-28 13:33:00,2011-04-28 13:33:00,1,314.22
16229.0,2011-05-11 10:18:00,2011-09-13 17:16:00,2,1010.6
16230.0,2011-05-03 15:12:00,2011-06-03 10:06:00,2,542.03
16232.0,2011-05-08 14:05:00,2011-10-27 12:16:00,4,990.88
16233.0,2010-12-08 12:51:00,2011-09-29 17:27:00,3,536.6800000000001
16235.0,2011-01-11 15:42:00,2011-10-30 10:56:00,5,867.3100000000001
16236.0,2011-09-22 14:10:00,2011-09-22 14:10:00,1,432.2
16239.0,2011-06-03 09:30:00,2011-10-14 08:29:00,2,414.2
16240.0,2011-09-23 13:44:00,2011-11-15 14:30:00,2,3718.8
16241.0,2010-12-05 11:04:00,2011-11-30 11:08:00,13,2607.87
16242.0,2011-03-07 17:04:00,2011-12-01 15:12:00,7,3603.21
16243.0,2011-10-16 12:09:00,2011-11-06 12:32:00,2,409.1
16244.0,2010-12-02 11:41:00,2011-05-12 10:18:00,2,1522.75
16245.0,2011-03-28 09:30:00,2011-11-16 10:14:00,3,1413.66
16247.0,2011-06-22 14:23:00,2011-06-22 14:23:00,1,114.56
16248.0,2011-10-09 11:32:00,2011-10-09 11:32:00,1,152.94
16249.0,2011-04-14 13:50:00,2011-10-18 10:07:00,5,1800.07
16250.0,2010-12-01 09:59:00,2011-03-23 15:07:00,2,389.44
16253.0,2011-03-29 13:33:00,2011-10-04 09:09:00,2,3683.86
16255.0,2010-12-09 14:25:00,2011-11-23 12:40:00,8,2619.91
16256.0,2011-03-18 12:18:00,2011-03-18 12:18:00,1,752.4300000000001
16257.0,2011-06-16 10:11:00,2011-06-16 10:11:00,1,46.95
16258.0,2011-05-04 14:33:00,2011-10-25 13:30:00,5,5203.51
16260.0,2011-10-20 09:40:00,2011-10-20 09:40:00,1,1035.45
16261.0,2011-04-07 19:05:00,2011-11-22 17:23:00,4,746.83
16265.0,2010-12-10 10:21:00,2011-11-30 16:41:00,9,5447.0
16266.0,2011-05-17 14:50:00,2011-09-27 12:08:00,7,861.89
16268.0,2011-09-29 18:30:00,2011-09-29 18:30:00,2,667.65
16270.0,2010-12-21 14:26:00,2010-12-21 14:26:00,1,1141.24
16271.0,2010-12-16 16:36:00,2011-12-07 12:45:00,5,1429.24
16272.0,2011-08-15 10:53:00,2011-08-15 10:54:00,1,411.7
16274.0,2010-12-01 15:35:00,2010-12-01 15:35:00,1,357.95
16275.0,2011-05-27 12:41:00,2011-05-27 12:41:00,1,559.87
16276.0,2011-06-16 09:34:00,2011-06-16 09:34:00,1,810.6000000000001
16278.0,2011-08-31 17:12:00,2011-08-31 17:12:00,1,566.38
16279.0,2011-06-16 11:50:00,2011-11-18 15:00:00,3,1509.58
16281.0,2011-09-28 14:57:00,2011-09-28 14:57:00,1,2062.06
16282.0,2011-01-04 11:42:00,2011-01-04 11:42:00,1,168.3
16283.0,2011-05-15 13:37:00,2011-12-04 12:08:00,5,1570.81
16284.0,2011-10-20 13:54:00,2011-11-08 16:12:00,2,823.97
16287.0,2011-06-23 09:08:00,2011-06-23 09:08:00,1,142.5
16292.0,2011-08-10 12:24:00,2011-08-10 12:24:00,1,302.25
16293.0,2010-12-07 15:02:00,2011-11-18 09:58:00,10,2248.9900000000002
16295.0,2011-10-06 10:45:00,2011-11-30 08:17:00,4,1328.55
16297.0,2011-03-16 08:29:00,2011-03-16 08:29:00,1,301.9
16298.0,2011-06-06 10:06:00,2011-11-17 11:59:00,3,598.2
16302.0,2011-08-05 09:44:00,2011-08-05 09:44:00,1,233.22
16303.0,2011-01-10 14:16:00,2011-11-14 10:49:00,3,5360.63
16305.0,2011-07-24 12:18:00,2011-07-24 12:18:00,1,361.21999999999997
16306.0,2010-12-07 15:18:00,2011-05-10 12:12:00,6,632.27
16308.0,2011-03-23 14:46:00,2011-11-02 11:24:00,4,2560.0
16309.0,2011-04-13 11:46:00,2011-08-25 15:35:00,2,706.57
16311.0,2011-10-21 13:13:00,2011-11-22 08:54:00,2,616.26
16313.0,2011-10-21 09:04:00,2011-12-06 13:02:00,2,274.15000000000003
16315.0,2011-01-13 11:57:00,2011-01-13 11:57:00,1,226.37
16316.0,2010-12-16 14:26:00,2011-10-06 13:48:00,8,2938.91
16317.0,2011-02-15 14:30:00,2011-08-12 12:46:00,3,1341.65
16318.0,2011-11-04 13:05:00,2011-11-04 13:05:00,1,328.15
16319.0,2011-05-06 11:27:00,2011-05-06 11:27:00,1,404.40000000000003
16320.0,2011-05-10 15:31:00,2011-06-20 15:25:00,2,1038.46
16321.0,2011-01-20 12:11:00,2011-09-28 14:55:00,5,373.65000000000003
16322.0,2011-11-03 14:33:00,2011-12-08 15:41:00,2,326.75
16323.0,2011-05-27 14:48:00,2011-05-27 14:48:00,1,207.50000000000003
16324.0,2011-06-15 14:26:00,2011-08-03 12:58:00,3,428.68
16325.0,2011-04-08 09:20:00,2011-10-24 08:48:00,3,594.24
16326.0,2011-01-09 12:01:00,2011-12-04 10:11:00,14,3110.96
16327.0,2010-12-05 12:43:00,2011-11-25 13:23:00,6,3844.22
16330.0,2011-08-19 17:08:00,2011-11-22 12:24:00,3,251.91
16332.0,2011-02-07 14:16:00,2011-11-11 14:22:00,7,1593.2
16333.0,2011-02-03 10:50:00,2011-12-02 12:19:00,22,26626.8
16337.0,2011-11-03 10:03:00,2011-11-03 10:03:00,1,151.05
16338.0,2011-07-05 13:56:00,2011-07-05 13:56:00,1,214.8
16339.0,2011-02-28 13:41:00,2011-02-28 13:41:00,1,109.95
16340.0,2011-08-24 14:53:00,2011-08-24 14:53:00,1,549.07
16341.0,2011-05-22 13:20:00,2011-11-15 09:12:00,4,1971.8700000000001
16342.0,2011-06-13 10:10:00,2011-09-25 14:36:00,4,322.41
16343.0,2011-11-23 17:43:00,2011-11-23 17:45:00,2,370.48
16344.0,2011-07-04 15:50:00,2011-07-04 15:50:00,1,101.10000000000001
16345.0,2011-10-26 16:03:00,2011-10-26 16:03:00,1,575.41
16347.0,2011-11-03 13:01:00,2011-11-28 13:14:00,2,887.65
16348.0,2011-04-13 15:49:00,2011-11-07 15:44:00,7,1469.45
16349.0,2011-02-22 12:40:00,2011-02-22 12:40:00,1,53.5
16350.0,2011-01-10 09:44:00,2011-11-18 15:53:00,4,1116.47
16351.0,2011-01-11 10:26:00,2011-01-11 10:26:00,1,153.9
16352.0,2011-11-02 08:44:00,2011-11-22 10:32:00,2,494.44
16353.0,2010-12-05 12:09:00,2011-12-06 12:23:00,23,6675.71
16354.0,2011-09-27 16:28:00,2011-10-07 14:28:00,2,395.8
16356.0,2011-03-07 12:31:00,2011-05-26 11:51:00,3,211.77
16357.0,2011-05-10 10:35:00,2011-11-06 16:04:00,3,658.88
16358.0,2011-06-08 15:05:00,2011-12-08 15:09:00,4,2027.5
16359.0,2011-01-12 10:49:00,2011-12-02 17:04:00,9,1750.92
16360.0,2011-09-12 13:50:00,2011-12-05 12:16:00,6,3512.53
16361.0,2011-09-29 13:13:00,2011-11-30 12:32:00,4,896.66
16362.0,2011-09-09 14:47:00,2011-11-07 13:01:00,5,734.77
16363.0,2011-10-17 14:14:00,2011-10-17 14:14:00,1,109.36
16364.0,2011-07-25 14:35:00,2011-11-28 11:27:00,2,707.04
16365.0,2010-12-07 17:19:00,2011-11-22 11:24:00,9,1540.42
16366.0,2011-11-21 08:19:00,2011-11-21 08:19:00,1,327.3
16367.0,2010-12-12 12:01:00,2011-11-02 13:13:00,2,804.49
16368.0,2011-11-11 15:08:00,2011-12-07 13:12:00,2,497.43
16369.0,2011-05-27 09:39:00,2011-11-21 16:25:00,3,1553.66
16370.0,2011-04-28 16:40:00,2011-09-18 15:55:00,4,1320.56
16372.0,2011-11-06 12:50:00,2011-11-06 13:08:00,2,367.93
16374.0,2011-03-22 13:46:00,2011-10-04 15:21:00,2,473.03000000000003
16376.0,2011-11-22 16:47:00,2011-12-01 11:38:00,2,987.01
16377.0,2011-03-17 15:41:00,2011-03-17 15:41:00,1,676.2
16378.0,2011-02-02 12:42:00,2011-04-06 15:07:00,3,362.95
16379.0,2011-09-22 09:33:00,2011-12-05 15:38:00,4,2157.4
16380.0,2011-10-09 15:40:00,2011-10-09 15:40:00,1,1780.59
16383.0,2011-03-16 13:00:00,2011-09-26 12:45:00,2,668.36
16384.0,2011-03-21 10:13:00,2011-09-11 11:19:00,2,584.5
16385.0,2010-12-08 12:56:00,2011-10-10 13:12:00,3,555.89
16386.0,2011-03-31 12:19:00,2011-11-11 12:28:00,2,317.2
16387.0,2011-01-21 11:34:00,2011-01-21 11:34:00,1,94.36
16389.0,2011-03-01 15:47:00,2011-10-17 14:41:00,4,1382.07
16392.0,2011-03-15 12:11:00,2011-03-15 12:11:00,1,221.19
16393.0,2010-12-05 13:10:00,2011-12-07 12:51:00,13,3046.21
16394.0,2011-02-23 10:58:00,2011-10-14 09:48:00,5,1555.34
16395.0,2011-01-13 12:10:00,2011-10-10 12:50:00,5,1486.9
16398.0,2011-03-31 09:38:00,2011-07-08 15:16:00,2,1705.8
16399.0,2011-04-18 13:46:00,2011-11-20 16:12:00,2,408.57
16400.0,2011-09-06 12:27:00,2011-09-06 12:27:00,1,303.93
16401.0,2011-01-16 10:56:00,2011-12-08 18:15:00,12,4098.32
16402.0,2010-12-05 13:42:00,2011-03-20 12:25:00,2,299.6
16403.0,2011-01-31 13:39:00,2011-01-31 13:39:00,1,177.5
16404.0,2011-09-30 14:55:00,2011-09-30 14:55:00,1,443.05
16405.0,2011-02-02 17:08:00,2011-02-10 15:24:00,2,167.25
16406.0,2011-11-21 11:57:00,2011-11-21 11:57:00,1,163.07
16407.0,2011-01-31 14:02:00,2011-11-27 11:05:00,10,2126.93
16409.0,2011-01-26 14:51:00,2011-11-03 16:45:00,5,2028.88
16411.0,2010-12-05 13:26:00,2011-11-20 13:23:00,2,214.65
16412.0,2011-10-17 12:35:00,2011-10-17 12:35:00,1,151.83
16413.0,2011-10-14 12:08:00,2011-10-14 12:08:00,1,262.2
16414.0,2011-03-04 13:27:00,2011-11-18 09:42:00,2,126.25
16415.0,2011-10-26 13:35:00,2011-10-26 13:35:00,1,210.35
16416.0,2011-10-14 13:35:00,2011-11-13 12:50:00,3,1051.4
16418.0,2011-04-27 16:54:00,2011-10-26 12:39:00,3,675.27
16419.0,2011-02-01 12:25:00,2011-08-19 12:33:00,6,972.23
16422.0,2010-12-05 15:35:00,2011-11-22 14:00:00,51,34684.4
16423.0,2011-11-15 09:21:00,2011-11-15 09:21:00,1,346.12
16424.0,2011-06-01 13:40:00,2011-06-01 13:40:00,1,133.56
16425.0,2011-02-10 14:30:00,2011-02-10 14:30:00,1,302.7
16426.0,2011-03-08 15:45:00,2011-12-07 14:01:00,10,1908.25
16427.0,2011-02-28 15:18:00,2011-03-21 17:10:00,2,241.06
16429.0,2011-08-25 13:54:00,2011-08-25 13:54:00,1,284.55
16430.0,2011-10-13 14:47:00,2011-10-13 14:47:00,1,300.85
16431.0,2011-02-15 14:02:00,2011-05-10 14:09:00,3,642.81
16432.0,2011-10-06 13:59:00,2011-10-06 13:59:00,1,287.4
16433.0,2011-11-11 14:09:00,2011-11-11 14:09:00,1,184.26
16434.0,2011-02-13 12:17:00,2011-11-10 14:28:00,7,1522.25
16438.0,2011-09-18 13:31:00,2011-12-04 10:51:00,5,798.35
16440.0,2011-05-09 12:25:00,2011-12-02 12:02:00,5,3640.67
16441.0,2011-02-21 17:35:00,2011-10-03 17:48:00,2,381.2
16442.0,2010-12-14 10:46:00,2011-12-08 11:43:00,3,616.79
16444.0,2011-03-20 12:14:00,2011-10-24 13:50:00,4,654.67
16445.0,2011-11-06 12:32:00,2011-11-06 12:32:00,1,230.51
16446.0,2011-05-18 09:52:00,2011-12-09 09:15:00,2,168472.5
16447.0,2011-07-27 12:45:00,2011-07-27 12:45:00,1,259.01
16448.0,2011-05-25 16:28:00,2011-05-25 16:28:00,1,188.89000000000001
16449.0,2011-03-04 12:15:00,2011-05-26 10:25:00,2,707.69
16450.0,2011-07-13 11:47:00,2011-07-13 11:47:00,1,311.92
16451.0,2011-09-13 09:17:00,2011-09-13 09:17:00,1,266.97
16454.0,2011-10-06 16:57:00,2011-10-26 11:40:00,2,6.9
16455.0,2010-12-03 16:44:00,2011-10-07 12:17:00,7,1841.18
16456.0,2010-12-01 14:11:00,2011-09-01 13:50:00,5,2158.37
16457.0,2011-05-05 13:19:00,2011-05-05 13:19:00,1,208.36
16458.0,2010-12-14 11:51:00,2011-12-07 09:34:00,18,3482.7400000000002
16460.0,2011-09-19 10:15:00,2011-11-11 13:46:00,3,814.72
16461.0,2011-06-15 12:07:00,2011-06-15 12:07:00,1,151.42
16462.0,2011-03-01 08:58:00,2011-09-27 10:24:00,3,136.0
16463.0,2011-05-19 14:45:00,2011-11-18 14:01:00,4,1422.4
16464.0,2011-07-20 13:53:00,2011-11-20 12:11:00,3,1314.68
16466.0,2011-02-20 11:39:00,2011-11-06 11:35:00,7,1603.46
16468.0,2011-09-26 14:13:00,2011-09-26 14:13:00,1,74.9
16469.0,2011-04-07 13:11:00,2011-11-16 12:25:00,4,650.4300000000001
16470.0,2010-12-16 11:53:00,2011-10-19 12:11:00,4,762.39
16471.0,2011-03-10 09:41:00,2011-03-10 09:41:00,1,223.95000000000002
16473.0,2011-01-07 10:55:00,2011-06-28 09:10:00,3,316.11
16474.0,2011-07-17 14:51:00,2011-12-02 13:02:00,7,1871.5
16475.0,2011-03-11 09:39:00,2011-09-12 14:37:00,4,544.3
16477.0,2010-12-03 12:48:00,2011-10-07 09:44:00,7,2494.46
16478.0,2011-10-05 12:02:00,2011-11-14 15:51:00,3,331.0
16479.0,2011-11-29 13:04:00,2011-11-29 13:40:00,2,300.83
16480.0,2011-09-25 11:40:00,2011-09-25 11:40:00,1,769.29
16482.0,2011-11-24 12:33:00,2011-11-24 12:33:00,1,220.62
16483.0,2011-05-31 13:08:00,2011-05-31 13:08:00,1,139.35
16484.0,2011-06-02 10:39:00,2011-06-19 12:06:00,2,404.3
16485.0,2011-09-23 15:50:00,2011-09-23 15:50:00,1,363.65
16488.0,2011-07-14 11:46:00,2011-11-06 13:42:00,3,498.8
16491.0,2011-10-24 10:18:00,2011-10-24 10:18:00,1,731.5
16493.0,2011-01-14 08:16:00,2011-09-21 11:10:00,4,1351.63
16494.0,2011-02-16 12:49:00,2011-02-16 12:49:00,1,826.53
16495.0,2011-03-08 16:38:00,2011-12-06 13:20:00,3,684.41
16496.0,2011-01-27 09:42:00,2011-12-01 10:31:00,3,1599.52
16497.0,2011-01-10 13:20:00,2011-10-21 10:55:00,6,2965.69
16498.0,2011-06-30 19:52:00,2011-07-01 15:07:00,2,100.97
16499.0,2010-12-10 10:27:00,2010-12-14 13:31:00,2,365.45
16500.0,2011-01-13 10:28:00,2011-12-05 12:04:00,6,400.86
16503.0,2010-12-14 13:50:00,2011-08-25 11:46:00,4,1431.93
16504.0,2011-11-14 15:18:00,2011-11-14 15:18:00,1,484.38
16505.0,2011-11-08 12:14:00,2011-11-08 12:14:00,1,777.6
16506.0,2011-10-30 15:50:00,2011-11-20 12:17:00,2,90.30000000000001
16509.0,2011-02-16 09:25:00,2011-02-16 09:25:00,1,363.7
16510.0,2010-12-02 13:39:00,2010-12-02 13:39:00,1,248.1
16511.0,2011-03-18 11:24:00,2011-11-18 10:41:00,3,950.26
16513.0,2011-10-27 14:56:00,2011-12-05 10:18:00,4,874.59
16515.0,2011-02-01 13:09:00,2011-10-18 13:10:00,5,1627.13
16516.0,2011-11-09 14:59:00,2011-11-09 14:59:00,1,101.7
16517.0,2011-03-07 13:50:00,2011-03-07 13:50:00,1,162.7
16518.0,2011-02-28 16:36:00,2011-10-09 15:04:00,2,484.32
16519.0,2010-12-09 14:08:00,2011-11-14 15:41:00,2,215.07999999999998
16520.0,2010-12-09 13:08:00,2011-06-06 13:24:00,3,1046.57
16523.0,2011-01-28 12:06:00,2011-12-08 09:06:00,21,9418.470000000001
16525.0,2010-12-08 11:31:00,2011-12-07 15:07:00,26,13027.45
16526.0,2011-06-21 12:02:00,2011-06-21 12:02:00,1,290.36
16527.0,2011-09-19 16:21:00,2011-09-19 16:21:00,1,228.06000000000003
16528.0,2011-12-06 12:45:00,2011-12-06 12:45:00,1,244.41
16529.0,2011-06-02 17:23:00,2011-06-02 17:23:00,1,455.25
16531.0,2010-12-14 13:19:00,2011-11-17 16:29:00,7,1244.59
16532.0,2011-01-05 12:37:00,2011-11-22 11:08:00,3,6748.8
16533.0,2011-10-02 15:07:00,2011-11-20 13:08:00,3,1095.56
16535.0,2011-12-04 15:18:00,2011-12-04 15:18:00,1,593.75
16536.0,2011-08-21 15:54:00,2011-08-21 15:54:00,1,548.97
16539.0,2010-12-01 15:40:00,2011-12-07 08:41:00,4,1388.81
16542.0,2011-10-17 10:47:00,2011-10-17 10:47:00,1,119.62
16545.0,2011-06-28 10:37:00,2011-06-28 10:37:00,1,339.3
16546.0,2010-12-02 12:07:00,2011-02-22 11:20:00,2,787.15
16549.0,2011-01-09 14:03:00,2011-11-29 15:06:00,10,4154.64
16550.0,2010-12-06 13:53:00,2011-08-23 11:12:00,5,2298.97
16551.0,2011-01-07 10:24:00,2011-09-05 09:38:00,3,922.12
16552.0,2010-12-01 12:36:00,2011-04-11 10:04:00,2,379.73
16553.0,2010-12-14 13:58:00,2011-06-29 15:42:00,12,5719.82
16554.0,2011-01-12 12:41:00,2011-10-28 14:51:00,3,837.1
16555.0,2011-08-22 12:32:00,2011-11-04 14:31:00,2,285.89
16556.0,2010-12-14 13:32:00,2011-10-04 11:36:00,7,3313.79
16557.0,2011-07-25 13:28:00,2011-11-15 14:04:00,2,281.85
16558.0,2010-12-08 12:01:00,2011-12-09 10:20:00,20,8338.49
16560.0,2010-12-16 14:36:00,2011-11-13 10:35:00,2,841.41
16561.0,2011-10-11 09:53:00,2011-12-04 11:50:00,2,511.12
16563.0,2011-10-17 11:51:00,2011-10-17 11:51:00,1,1077.74
16565.0,2010-12-10 15:21:00,2010-12-10 15:21:00,1,173.7
16566.0,2011-02-20 10:29:00,2011-11-24 16:34:00,5,614.66
16567.0,2011-01-07 09:31:00,2011-05-29 13:57:00,2,865.6
16569.0,2011-12-06 15:32:00,2011-12-06 15:32:00,1,124.2
16570.0,2011-02-01 10:37:00,2011-11-24 17:02:00,10,3738.4
16571.0,2011-03-03 09:41:00,2011-11-13 11:46:00,3,1421.69
16572.0,2011-03-09 12:04:00,2011-08-04 16:34:00,3,1009.6
16573.0,2011-02-22 15:14:00,2011-09-16 09:13:00,2,663.61
16574.0,2011-09-29 13:39:00,2011-09-29 13:39:00,1,451.44
16581.0,2011-06-10 10:05:00,2011-06-10 10:05:00,1,105.84
16582.0,2011-08-18 17:02:00,2011-08-18 17:02:00,1,313.62
16583.0,2010-12-01 12:03:00,2010-12-01 12:03:00,1,233.45000000000002
16584.0,2011-03-30 13:14:00,2011-09-20 13:45:00,2,936.08
16586.0,2011-04-05 09:32:00,2011-04-05 09:32:00,1,463.95
16587.0,2011-04-21 15:51:00,2011-04-21 15:51:00,1,225.15
16589.0,2011-07-01 13:31:00,2011-09-29 14:50:00,3,459.24
16591.0,2011-10-02 10:43:00,2011-10-02 10:43:00,1,213.5
16592.0,2011-02-25 10:19:00,2011-12-05 13:49:00,16,4113.68
16593.0,2011-01-16 12:11:00,2011-10-20 12:41:00,3,330.03
16594.0,2011-09-25 14:08:00,2011-09-25 14:08:00,1,181.09
16595.0,2011-10-09 13:15:00,2011-10-09 13:15:00,1,360.16
16596.0,2010-12-08 16:18:00,2011-11-24 10:02:00,2,250.15
16597.0,2011-12-05 15:44:00,2011-12-05 15:44:00,1,90.04
16598.0,2011-02-27 11:42:00,2011-02-27 11:42:00,1,145.04999999999998
16600.0,2011-01-05 12:13:00,2011-12-05 16:00:00,6,813.52
16601.0,2011-10-30 11:09:00,2011-10-30 11:09:00,1,244.8
16602.0,2011-11-03 15:54:00,2011-11-03 15:54:00,1,528.08
16603.0,2011-09-09 13:02:00,2011-09-26 10:06:00,2,482.47
16607.0,2010-12-16 08:41:00,2011-11-22 10:24:00,14,3347.71
16609.0,2011-04-01 10:11:00,2011-11-24 13:32:00,7,5493.46
16610.0,2011-05-04 13:13:00,2011-05-04 13:13:00,1,75.66
16611.0,2011-06-06 15:46:00,2011-06-06 15:46:00,1,129.49
16612.0,2011-02-01 10:38:00,2011-11-07 07:38:00,4,1187.66
16613.0,2011-09-30 15:52:00,2011-09-30 15:52:00,1,618.59
16614.0,2011-06-10 11:36:00,2011-06-10 11:36:00,1,506.19
16616.0,2011-07-05 13:38:00,2011-11-24 16:31:00,2,500.42
16617.0,2011-04-18 10:35:00,2011-04-18 10:35:00,1,151.85
16618.0,2011-01-21 11:55:00,2011-11-08 13:52:00,5,2647.59
16619.0,2011-03-21 08:18:00,2011-03-21 08:18:00,1,226.21
16620.0,2011-03-24 10:37:00,2011-12-06 12:19:00,2,178.96
16621.0,2011-03-07 11:32:00,2011-10-19 11:38:00,4,813.48
16623.0,2011-04-08 10:09:00,2011-04-08 10:09:00,1,129.45000000000002
16624.0,2011-05-26 14:20:00,2011-09-20 12:39:00,2,810.5699999999999
16625.0,2011-03-10 12:50:00,2011-03-10 12:50:00,1,333.08
16626.0,2011-03-18 12:27:00,2011-12-09 11:56:00,17,4413.1
16627.0,2011-09-21 14:38:00,2011-09-21 14:38:00,1,322.8
16628.0,2011-04-19 08:55:00,2011-11-10 12:45:00,5,2188.05
16629.0,2011-09-04 16:12:00,2011-09-27 10:34:00,2,417.73
16633.0,2011-04-19 14:36:00,2011-11-22 13:41:00,6,2883.1
16634.0,2010-12-02 17:41:00,2011-05-01 12:09:00,2,217.9
16637.0,2011-04-28 10:20:00,2011-11-07 13:17:00,4,1154.47
16638.0,2010-12-06 10:19:00,2011-11-17 11:09:00,10,1680.72
16639.0,2011-04-18 09:31:00,2011-11-08 13:20:00,3,1257.51
16641.0,2011-08-26 12:49:00,2011-08-26 12:49:00,1,231.1
16642.0,2011-05-16 12:35:00,2011-12-05 11:31:00,2,688.33
16643.0,2011-04-08 08:24:00,2011-04-08 08:24:00,1,487.51
16644.0,2011-05-11 12:53:00,2011-06-15 12:39:00,2,833.78
16647.0,2011-05-19 09:31:00,2011-06-23 11:47:00,2,214.06
16648.0,2011-10-28 08:58:00,2011-10-28 08:58:00,1,290.65999999999997
16650.0,2011-09-29 09:51:00,2011-09-29 09:51:00,1,518.42
16652.0,2011-03-11 13:13:00,2011-10-12 09:38:00,7,6773.97
16653.0,2011-09-29 13:38:00,2011-11-23 14:51:00,2,1212.66
16654.0,2010-12-06 15:09:00,2011-07-21 15:23:00,4,601.27
16655.0,2011-01-12 10:16:00,2011-11-22 11:25:00,6,3794.52
16656.0,2010-12-10 11:23:00,2011-11-17 14:43:00,15,8625.8
16657.0,2011-03-30 12:02:00,2011-11-30 11:48:00,4,933.62
16658.0,2010-12-06 13:47:00,2010-12-06 13:47:00,1,123.24
16659.0,2011-06-03 15:03:00,2011-06-03 15:03:00,1,39.12
16660.0,2011-01-24 12:44:00,2011-11-23 14:53:00,4,1267.6499999999999
16665.0,2010-12-12 14:03:00,2010-12-12 14:03:00,1,135.4
16666.0,2011-11-20 14:01:00,2011-11-20 14:01:00,1,118.98
16667.0,2011-02-28 12:57:00,2011-10-02 15:26:00,2,570.13
16668.0,2011-02-28 12:46:00,2011-11-24 17:43:00,6,306.71999999999997
16669.0,2011-09-22 14:13:00,2011-11-16 12:26:00,3,1374.8700000000001
16670.0,2010-12-16 10:30:00,2011-11-23 09:34:00,11,4095.9
16671.0,2011-06-28 11:20:00,2011-11-11 13:40:00,3,1692.27
16672.0,2011-03-18 10:15:00,2011-12-07 16:29:00,20,8134.94
16674.0,2011-09-02 13:59:00,2011-10-16 11:31:00,2,319.61
16676.0,2011-01-06 13:00:00,2011-11-06 12:01:00,4,1592.1200000000001
16678.0,2011-03-02 09:24:00,2011-12-07 12:17:00,12,3109.99
16679.0,2010-12-08 13:51:00,2010-12-08 13:51:00,1,129.75
16680.0,2011-10-27 17:35:00,2011-10-27 17:35:00,1,183.7
16681.0,2011-03-31 13:46:00,2011-09-28 11:11:00,6,1770.34
16682.0,2011-06-05 11:02:00,2011-12-05 12:13:00,5,1028.0
16684.0,2010-12-16 17:34:00,2011-12-05 14:06:00,28,66653.56
16685.0,2011-10-09 13:44:00,2011-10-09 13:58:00,2,324.24
16686.0,2010-12-19 14:41:00,2011-10-23 13:49:00,7,3062.83
16688.0,2011-10-10 12:23:00,2011-12-08 15:24:00,4,1260.86
16689.0,2011-09-18 13:29:00,2011-09-25 11:39:00,2,422.59999999999997
16690.0,2011-05-22 10:53:00,2011-09-28 15:02:00,2,225.57999999999998
16692.0,2011-02-23 15:41:00,2011-03-28 14:46:00,2,1276.0
16693.0,2011-03-13 11:06:00,2011-10-02 11:10:00,2,482.01
16696.0,2011-04-05 15:20:00,2011-07-27 14:23:00,4,657.9000000000001
16697.0,2011-04-12 17:12:00,2011-04-12 17:12:00,1,112.75
16698.0,2011-03-31 13:33:00,2011-04-27 10:52:00,2,1998.0
16700.0,2010-12-08 16:34:00,2011-12-01 11:00:00,13,5076.55
16701.0,2010-12-13 11:51:00,2011-12-01 11:10:00,13,5398.3
16705.0,2010-12-16 10:51:00,2011-12-09 12:08:00,20,14034.99
16706.0,2011-08-17 15:53:00,2011-11-02 13:50:00,3,531.35
16708.0,2011-10-25 12:20:00,2011-10-25 12:20:00,1,656.63
16709.0,2011-03-03 10:55:00,2011-09-16 10:56:00,5,3029.87
16710.0,2010-12-06 13:13:00,2011-11-20 14:50:00,10,2483.04
16711.0,2010-12-17 12:43:00,2011-12-06 16:32:00,5,1651.03
16712.0,2011-03-08 15:07:00,2011-11-30 13:48:00,11,3645.43
16713.0,2010-12-08 13:01:00,2011-11-21 12:36:00,15,6923.13
16714.0,2011-01-26 13:40:00,2011-05-05 11:09:00,3,1161.53
16715.0,2011-09-22 18:15:00,2011-09-22 18:15:00,1,301.71999999999997
16716.0,2011-02-01 15:35:00,2011-03-18 10:03:00,2,901.2
16717.0,2010-12-08 16:48:00,2011-11-16 12:16:00,6,3858.38
16718.0,2010-12-05 13:03:00,2010-12-05 13:03:00,1,623.75
16719.0,2010-12-06 12:06:00,2011-11-25 09:27:00,7,1790.42
16720.0,2011-11-13 16:22:00,2011-11-13 16:22:00,1,155.23999999999998
16721.0,2011-03-22 16:08:00,2011-03-22 16:08:00,1,292.47
16722.0,2010-12-06 12:59:00,2011-11-22 13:28:00,13,4730.81
16723.0,2011-08-24 11:31:00,2011-09-09 13:01:00,2,589.15
16725.0,2010-12-03 16:02:00,2011-02-10 16:52:00,7,781.02
16726.0,2010-12-13 13:28:00,2011-11-13 14:53:00,5,1382.02
16727.0,2010-12-10 13:48:00,2010-12-10 13:48:00,1,272.82
16728.0,2011-03-20 13:28:00,2011-10-24 14:36:00,4,1054.67
16729.0,2011-04-12 14:22:00,2011-11-01 14:29:00,21,7239.92
16730.0,2011-01-24 14:01:00,2011-10-18 14:11:00,3,743.11
16732.0,2011-11-08 09:54:00,2011-11-08 09:54:00,1,603.75
16734.0,2011-08-17 15:00:00,2011-10-18 13:44:00,3,650.51
16735.0,2011-01-09 12:53:00,2011-09-22 11:49:00,5,2300.56
16737.0,2011-10-17 13:03:00,2011-10-17 13:03:00,1,417.59999999999997
16738.0,2011-02-15 09:46:00,2011-02-15 09:46:00,1,3.75
16739.0,2011-06-16 09:17:00,2011-06-16 09:17:00,1,323.0
16742.0,2011-10-24 12:02:00,2011-10-24 12:02:00,1,464.9
16743.0,2010-12-16 12:15:00,2011-11-10 13:13:00,7,2238.09
16744.0,2011-06-19 15:13:00,2011-11-28 13:06:00,7,1304.76
16745.0,2011-02-01 11:31:00,2011-09-14 11:58:00,17,7194.3
16746.0,2010-12-16 11:43:00,2011-12-05 12:33:00,18,6697.66
16747.0,2011-10-03 10:18:00,2011-11-02 11:37:00,2,836.06
16748.0,2011-01-09 13:50:00,2011-11-22 10:17:00,5,1515.9
16750.0,2011-04-21 16:53:00,2011-10-26 12:48:00,5,623.93
16751.0,2011-11-09 10:48:00,2011-11-09 10:48:00,1,1764.72
16752.0,2010-12-02 12:18:00,2010-12-02 12:18:00,1,207.5
16753.0,2011-10-12 13:14:00,2011-10-12 13:14:00,1,223.92000000000002
16754.0,2010-12-02 17:38:00,2010-12-02 17:38:00,1,2002.4
16755.0,2011-01-28 10:47:00,2011-08-17 13:21:00,3,1496.83
16756.0,2011-05-09 09:33:00,2011-05-09 09:33:00,1,239.4
16757.0,2011-01-25 11:59:00,2011-01-25 11:59:00,1,106.83000000000001
16758.0,2011-10-05 14:47:00,2011-10-05 14:47:00,1,369.34
16759.0,2011-11-09 09:06:00,2011-12-02 12:42:00,3,789.79
16761.0,2011-09-04 11:15:00,2011-09-04 11:15:00,1,316.62
16762.0,2011-07-18 12:52:00,2011-11-20 11:43:00,3,1501.38
16763.0,2011-05-25 11:52:00,2011-05-25 11:52:00,1,611.85
16764.0,2011-07-19 17:17:00,2011-12-06 11:41:00,13,2799.25
16765.0,2011-02-18 15:41:00,2011-02-18 15:41:00,1,34.0
16766.0,2011-03-11 13:34:00,2011-03-11 15:22:00,2,1145.6
16767.0,2011-01-27 13:38:00,2011-11-09 09:42:00,11,5580.6
16768.0,2011-03-13 10:25:00,2011-10-23 10:38:00,3,478.09000000000003
16769.0,2011-03-24 13:41:00,2011-03-24 13:41:00,1,380.39
16770.0,2010-12-02 15:49:00,2011-10-13 12:21:00,5,770.1
16771.0,2011-01-05 13:57:00,2011-11-06 13:28:00,5,2246.81
16773.0,2011-10-13 14:37:00,2011-10-13 14:37:00,1,171.59
16774.0,2011-06-14 12:45:00,2011-10-03 12:41:00,4,661.52
16775.0,2010-12-07 15:15:00,2011-11-29 15:22:00,11,1695.66
16776.0,2011-10-10 13:04:00,2011-10-10 13:04:00,1,388.28
16777.0,2011-03-27 14:34:00,2011-09-20 13:41:00,2,226.35
16778.0,2011-03-10 15:21:00,2011-09-26 13:48:00,2,245.94
16779.0,2010-12-08 09:56:00,2011-12-07 14:54:00,22,10629.72
16780.0,2011-03-25 17:34:00,2011-08-31 16:09:00,2,425.19
16781.0,2010-12-02 14:26:00,2010-12-02 14:26:00,1,311.25
16782.0,2010-12-09 11:28:00,2011-11-29 13:20:00,13,2279.9
16784.0,2011-11-20 12:20:00,2011-11-20 12:20:00,1,107.6
16788.0,2011-03-30 13:05:00,2011-08-08 14:53:00,2,597.48
16789.0,2011-12-01 15:12:00,2011-12-01 15:12:00,1,80.8
16790.0,2011-11-02 11:23:00,2011-12-06 11:53:00,6,1545.6200000000001
16791.0,2011-01-11 15:42:00,2011-11-10 19:12:00,7,1721.78
16792.0,2011-03-02 14:39:00,2011-03-02 14:41:00,2,110.38000000000001
16793.0,2011-10-13 15:08:00,2011-10-13 15:08:00,1,243.84
16794.0,2011-06-12 14:15:00,2011-12-08 17:54:00,10,1222.71
16795.0,2010-12-09 14:08:00,2010-12-09 14:08:00,1,414.88
16796.0,2011-09-11 14:01:00,2011-09-11 14:01:00,1,305.62
16800.0,2011-11-28 14:06:00,2011-11-28 14:06:00,1,1201.49
16801.0,2011-03-11 13:56:00,2011-06-29 15:33:00,4,1619.73
16803.0,2011-10-05 14:28:00,2011-10-05 14:28:00,1,332.3
16804.0,2011-03-14 15:48:00,2011-11-16 16:43:00,3,536.99
16805.0,2010-12-14 13:35:00,2011-06-19 11:23:00,2,460.59
16806.0,2011-04-14 19:59:00,2011-08-28 15:27:00,4,801.49
16807.0,2011-03-14 09:46:00,2011-07-20 12:00:00,3,1121.59
16808.0,2011-03-10 19:05:00,2011-09-01 19:34:00,2,288.42
16809.0,2011-03-22 15:20:00,2011-11-16 15:45:00,5,914.69
16810.0,2011-05-31 15:32:00,2011-05-31 15:32:00,1,309.54
16811.0,2011-11-22 17:19:00,2011-12-05 11:39:00,2,547.07
16812.0,2010-12-14 12:35:00,2010-12-14 12:35:00,1,479.35
16813.0,2011-05-19 13:28:00,2011-12-01 14:03:00,10,1692.98
16814.0,2010-12-05 11:45:00,2011-11-25 13:27:00,21,6509.1
16816.0,2010-12-16 17:01:00,2011-08-28 14:16:00,4,417.06
16817.0,2010-12-06 14:19:00,2011-12-07 11:03:00,9,1604.75
16818.0,2011-05-18 11:42:00,2011-11-29 10:41:00,11,3349.57
16820.0,2011-09-05 12:06:00,2011-09-05 12:06:00,1,497.61
16823.0,2011-04-26 15:00:00,2011-04-26 15:00:00,1,358.38
16824.0,2011-06-28 13:36:00,2011-11-24 12:38:00,2,460.64
16825.0,2011-06-07 09:44:00,2011-11-01 11:51:00,2,775.1800000000001
16826.0,2011-10-19 14:05:00,2011-10-19 14:05:00,1,341.7
16828.0,2011-08-19 13:24:00,2011-09-07 15:10:00,2,128.5
16829.0,2011-07-06 10:48:00,2011-07-06 10:48:00,1,197.22
16830.0,2011-11-01 11:35:00,2011-11-01 11:35:00,1,325.91
16832.0,2011-05-06 14:12:00,2011-06-08 15:36:00,3,199.15
16833.0,2011-01-09 13:02:00,2011-12-08 14:39:00,4,1106.53
16834.0,2011-04-26 09:37:00,2011-04-26 09:37:00,1,413.46
16835.0,2010-12-01 17:15:00,2011-08-03 13:50:00,2,180.85
16836.0,2011-08-15 12:38:00,2011-10-31 10:05:00,2,251.87
16837.0,2011-04-08 08:48:00,2011-11-08 14:27:00,11,3170.98
16838.0,2011-02-24 15:01:00,2011-05-26 13:13:00,2,588.85
16839.0,2010-12-05 11:15:00,2011-12-01 09:03:00,34,16594.35
16841.0,2011-02-25 12:40:00,2011-11-03 11:51:00,6,1869.82
16842.0,2011-02-10 14:51:00,2011-08-31 10:42:00,3,1264.19
16843.0,2011-01-16 16:10:00,2011-10-28 09:06:00,16,10196.57
16846.0,2011-10-20 13:55:00,2011-10-20 13:55:00,1,214.32
16847.0,2011-10-27 13:29:00,2011-10-27 13:29:00,1,193.44
16848.0,2011-10-18 08:42:00,2011-10-18 08:42:00,1,281.42
16849.0,2011-06-06 09:16:00,2011-06-06 09:16:00,1,124.57
16850.0,2011-01-10 11:09:00,2011-01-10 11:09:00,1,332.41
16851.0,2011-10-19 09:48:00,2011-12-05 13:32:00,3,342.45
16852.0,2011-06-16 15:49:00,2011-11-29 13:22:00,2,144.91
16855.0,2011-10-27 16:31:00,2011-11-16 12:03:00,2,328.4
16856.0,2011-11-25 08:59:00,2011-11-25 08:59:00,1,35.400000000000006
16858.0,2010-12-06 09:52:00,2010-12-06 09:52:00,1,375.69
16859.0,2011-03-23 13:39:00,2011-07-18 12:19:00,2,747.81
16861.0,2011-07-04 15:38:00,2011-10-11 09:05:00,2,173.76000000000002
16863.0,2010-12-08 08:58:00,2011-11-08 15:26:00,2,502.8
16866.0,2011-07-01 12:34:00,2011-07-22 10:06:00,3,207.73999999999998
16869.0,2011-06-17 13:01:00,2011-11-17 12:02:00,4,825.42
16871.0,2011-03-14 10:31:00,2011-11-17 19:27:00,6,2812.34
16872.0,2011-06-08 14:32:00,2011-09-23 16:05:00,3,680.0200000000001
16873.0,2010-12-10 15:45:00,2011-12-05 12:05:00,6,7123.62
16875.0,2011-01-04 10:37:00,2011-10-03 13:39:00,5,2095.53
16877.0,2011-05-15 16:13:00,2011-11-27 13:47:00,6,853.72
16878.0,2011-09-16 17:39:00,2011-09-16 17:39:00,1,13.3
16880.0,2011-06-03 16:45:00,2011-11-09 11:33:00,7,1519.08
16881.0,2011-10-04 10:33:00,2011-10-04 10:33:00,1,432.0
16882.0,2011-01-26 17:43:00,2011-10-04 10:42:00,3,705.12
16883.0,2010-12-03 10:33:00,2011-06-05 12:51:00,2,276.73
16884.0,2011-11-02 10:16:00,2011-11-02 11:52:00,2,429.84000000000003
16885.0,2010-12-17 17:23:00,2011-11-24 13:40:00,3,471.51
16887.0,2011-11-04 14:07:00,2011-11-04 14:07:00,1,194.88
16889.0,2011-01-07 10:47:00,2011-05-29 11:05:00,3,1578.67
16891.0,2010-12-03 11:35:00,2011-12-08 11:15:00,5,809.7
16892.0,2011-06-09 11:35:00,2011-12-08 13:18:00,5,525.54
16893.0,2010-12-08 12:06:00,2010-12-08 12:06:00,1,145.93
16895.0,2011-10-06 12:15:00,2011-10-06 12:15:00,1,219.14000000000001
16897.0,2011-01-30 11:52:00,2011-02-13 15:02:00,2,289.78000000000003
16898.0,2010-12-06 12:23:00,2011-11-13 15:44:00,3,508.81
16899.0,2010-12-14 13:11:00,2011-12-02 12:03:00,6,1281.56
16900.0,2011-10-07 13:17:00,2011-11-23 10:32:00,3,887.11
16902.0,2011-08-15 14:17:00,2011-08-15 14:17:00,1,1706.88
16903.0,2011-11-10 15:32:00,2011-11-10 15:32:00,1,373.24
16904.0,2010-12-07 13:29:00,2011-12-05 13:10:00,16,3754.27
16905.0,2010-12-03 10:43:00,2011-12-04 14:01:00,7,3102.43
16906.0,2011-04-05 12:30:00,2011-09-19 11:49:00,4,579.77
16907.0,2010-12-09 16:52:00,2011-11-10 18:04:00,5,981.65
16909.0,2011-09-28 16:45:00,2011-09-28 16:45:00,1,379.14
16910.0,2011-09-09 14:14:00,2011-12-05 12:51:00,8,1510.06
16912.0,2011-01-20 15:42:00,2011-11-11 12:18:00,11,2575.38
16913.0,2011-02-22 12:56:00,2011-02-22 12:56:00,1,113.44
16914.0,2011-11-03 15:27:00,2011-11-03 15:27:00,1,208.46
16915.0,2011-03-01 09:52:00,2011-11-30 16:39:00,6,621.6800000000001
16916.0,2010-12-02 13:14:00,2011-11-16 12:08:00,2,576.26
16917.0,2011-03-08 11:55:00,2011-03-08 11:55:00,1,391.52
16918.0,2011-01-26 17:37:00,2011-10-21 12:50:00,6,1068.82
16919.0,2010-12-06 12:52:00,2011-07-06 13:35:00,11,2596.45
16921.0,2011-10-09 16:22:00,2011-10-09 16:22:00,1,169.79
16923.0,2010-12-12 11:06:00,2011-11-27 13:00:00,19,7247.61
16924.0,2011-09-16 12:54:00,2011-11-18 12:53:00,3,846.75
16926.0,2010-12-03 13:42:00,2010-12-03 13:42:00,1,230.25
16927.0,2010-12-13 11:57:00,2011-08-16 11:10:00,3,543.05
16928.0,2010-12-01 15:21:00,2011-09-20 15:10:00,17,2847.6
16929.0,2011-07-07 12:39:00,2011-12-06 08:37:00,7,1295.39
16930.0,2011-10-02 14:25:00,2011-11-13 16:13:00,3,380.55
16931.0,2010-12-05 11:40:00,2011-12-04 13:15:00,21,4604.22
16932.0,2011-10-17 14:12:00,2011-10-17 14:12:00,1,161.94
16933.0,2011-04-14 13:33:00,2011-12-08 12:54:00,2,563.23
16934.0,2011-10-16 12:25:00,2011-10-16 12:40:00,2,950.9300000000001
16936.0,2011-11-14 11:04:00,2011-11-14 11:04:00,1,262.68
16938.0,2011-02-04 09:34:00,2011-12-01 10:20:00,4,2736.38
16940.0,2011-02-23 12:27:00,2011-10-18 13:15:00,3,3049.88
16942.0,2011-04-26 11:59:00,2011-11-27 12:40:00,9,1920.59
16943.0,2011-01-25 14:00:00,2011-05-12 11:57:00,3,816.73
16945.0,2010-12-16 17:49:00,2011-11-18 11:39:00,19,4345.5
16947.0,2011-04-18 09:38:00,2011-04-18 09:38:00,1,406.48
16948.0,2011-01-18 10:58:00,2011-07-24 12:46:00,3,435.02000000000004
16949.0,2011-01-27 12:11:00,2011-12-06 11:07:00,6,1286.27
16950.0,2010-12-07 15:20:00,2011-10-14 09:06:00,3,1178.56
16951.0,2011-02-08 14:58:00,2011-07-28 12:05:00,3,1277.75
16952.0,2011-08-22 12:58:00,2011-08-22 13:03:00,2,167.60999999999999
16953.0,2011-11-09 15:54:00,2011-11-09 15:54:00,1,20.8
16954.0,2010-12-15 10:41:00,2011-12-09 09:46:00,9,2085.08
16955.0,2010-12-01 13:31:00,2011-06-08 10:36:00,4,518.67
16956.0,2011-11-22 08:56:00,2011-11-22 08:56:00,1,308.74
16957.0,2011-03-03 09:25:00,2011-04-14 13:56:00,2,416.64
16959.0,2011-09-13 15:03:00,2011-09-13 15:03:00,1,117.35000000000001
16960.0,2011-04-01 11:54:00,2011-11-01 11:35:00,3,507.05
16961.0,2011-08-15 13:46:00,2011-08-15 13:46:00,1,234.17
16963.0,2011-06-05 13:48:00,2011-06-05 13:48:00,1,110.55000000000001
16965.0,2011-04-27 12:08:00,2011-04-27 12:08:00,1,201.19
16966.0,2011-04-13 14:17:00,2011-12-01 13:40:00,7,2154.97
16967.0,2011-06-03 14:24:00,2011-06-03 14:24:00,1,319.02
16968.0,2011-08-24 10:51:00,2011-12-05 15:02:00,2,439.43
16969.0,2011-06-01 12:10:00,2011-10-31 13:12:00,3,650.41
16971.0,2011-11-01 15:06:00,2011-11-01 15:06:00,1,357.21
16976.0,2011-03-17 16:33:00,2011-03-17 16:33:00,1,251.51999999999998
16978.0,2011-09-23 12:50:00,2011-09-23 12:50:00,1,344.33
16979.0,2011-02-15 09:20:00,2011-12-06 12:21:00,6,1852.0
16980.0,2011-02-21 12:58:00,2011-03-29 16:36:00,2,1078.96
16982.0,2011-10-10 12:28:00,2011-10-10 12:28:00,1,384.06
16983.0,2010-12-05 12:34:00,2011-11-27 12:10:00,7,1931.25
16984.0,2011-08-01 17:37:00,2011-09-12 13:43:00,2,4481.35
16985.0,2010-12-16 10:38:00,2011-11-22 13:33:00,10,5464.12
16986.0,2011-11-09 15:52:00,2011-11-10 11:55:00,2,1873.2
16987.0,2011-05-18 15:55:00,2011-12-06 17:26:00,7,1625.05
16988.0,2011-12-04 16:02:00,2011-12-04 16:02:00,1,126.12
16989.0,2011-07-12 09:11:00,2011-12-02 16:39:00,6,1133.25
16990.0,2011-05-05 08:30:00,2011-05-05 08:30:00,1,179.0
16992.0,2011-02-28 10:37:00,2011-11-29 11:50:00,5,1614.31
16996.0,2010-12-21 13:22:00,2011-11-09 16:43:00,6,1456.96
16997.0,2011-01-18 11:51:00,2011-02-24 17:28:00,3,702.0
16998.0,2011-02-08 15:42:00,2011-07-13 09:44:00,4,295.0
16999.0,2011-09-26 15:43:00,2011-11-16 13:53:00,2,484.82
17001.0,2010-12-16 09:35:00,2011-12-09 09:38:00,11,3989.57
17002.0,2011-02-22 11:46:00,2011-09-15 12:40:00,3,1493.73
17004.0,2011-09-08 12:16:00,2011-10-24 14:25:00,2,1412.94
17006.0,2011-09-25 12:15:00,2011-12-05 12:09:00,4,781.78
17007.0,2010-12-17 13:57:00,2011-10-20 10:47:00,6,889.9300000000001
17010.0,2011-11-21 14:49:00,2011-11-21 14:49:00,1,195.36
17011.0,2011-11-09 13:30:00,2011-11-09 13:30:00,1,270.9
17014.0,2011-10-04 11:36:00,2011-12-01 14:09:00,3,586.33
17015.0,2011-06-07 13:19:00,2011-11-11 10:45:00,3,1842.56
17017.0,2010-12-02 10:17:00,2011-12-07 09:32:00,20,8694.26
17018.0,2011-01-18 08:46:00,2011-10-30 11:42:00,2,920.1
17019.0,2010-12-06 12:55:00,2011-11-28 13:06:00,4,1272.61
17022.0,2011-11-08 17:09:00,2011-11-08 17:09:00,1,71.0
17024.0,2011-07-05 09:31:00,2011-10-25 13:47:00,3,95.85
17025.0,2010-12-01 15:45:00,2011-10-10 09:06:00,3,357.77
17026.0,2010-12-05 12:47:00,2011-06-07 14:28:00,2,154.82999999999998
17027.0,2011-01-26 14:19:00,2011-09-22 12:24:00,6,890.29
17029.0,2011-04-17 10:57:00,2011-08-21 11:06:00,2,716.0
17030.0,2011-10-07 08:49:00,2011-10-07 08:49:00,1,146.87
17031.0,2011-07-08 09:38:00,2011-11-28 10:23:00,2,380.35
17033.0,2010-12-15 13:21:00,2011-09-14 14:34:00,3,1030.1399999999999
17034.0,2011-02-25 10:10:00,2011-11-23 15:14:00,3,745.52
17035.0,2011-02-01 12:27:00,2011-04-08 11:23:00,2,433.53000000000003
17037.0,2011-09-13 12:49:00,2011-09-13 12:49:00,1,1267.32
17038.0,2011-11-09 13:50:00,2011-11-09 13:50:00,1,112.4
17040.0,2011-07-25 10:19:00,2011-07-25 10:19:00,1,449.73
17041.0,2010-12-14 11:43:00,2011-11-13 11:21:00,3,1081.57
17042.0,2011-04-06 14:53:00,2011-12-07 12:26:00,5,1044.3799999999999
17043.0,2011-03-18 14:53:00,2011-11-07 15:33:00,4,1735.18
17044.0,2011-11-14 14:28:00,2011-11-14 14:28:00,1,948.48
17045.0,2011-04-06 12:08:00,2011-08-18 17:09:00,3,339.44
17046.0,2011-07-05 14:24:00,2011-07-05 14:24:00,1,642.02
17047.0,2011-05-18 16:50:00,2011-09-15 13:27:00,3,1100.9
17048.0,2011-01-12 16:51:00,2011-08-14 11:49:00,3,925.35
17049.0,2011-03-09 08:33:00,2011-12-07 10:48:00,9,5659.9800000000005
17050.0,2011-02-13 12:41:00,2011-09-04 13:48:00,6,3228.84
17051.0,2011-05-29 14:13:00,2011-05-29 14:13:00,1,247.14
17052.0,2011-11-11 14:50:00,2011-11-11 14:50:00,1,413.75
17053.0,2011-08-01 10:23:00,2011-08-01 10:23:00,1,498.48
17054.0,2011-04-08 13:14:00,2011-11-11 12:56:00,5,1356.33
17058.0,2011-04-14 09:18:00,2011-09-19 10:13:00,3,1179.89
17059.0,2010-12-05 12:35:00,2011-11-10 12:27:00,5,3095.04
17060.0,2011-03-18 13:27:00,2011-03-18 13:27:00,1,234.24
17061.0,2011-04-21 13:29:00,2011-09-27 11:24:00,11,5232.2300000000005
17062.0,2010-12-05 11:59:00,2011-01-30 11:01:00,4,538.37
17063.0,2011-02-23 13:44:00,2011-11-18 16:19:00,7,1461.14
17064.0,2011-01-16 16:10:00,2011-10-12 10:18:00,3,859.35
17068.0,2010-12-06 13:58:00,2011-11-27 13:14:00,21,4552.14
17069.0,2010-12-01 16:49:00,2011-11-11 17:13:00,9,2709.7000000000003
17070.0,2011-08-17 17:01:00,2011-08-17 17:01:00,1,312.14
17071.0,2011-02-03 08:18:00,2011-11-11 16:31:00,9,2429.03
17073.0,2011-08-22 14:37:00,2011-11-22 11:47:00,4,1446.09
17075.0,2011-01-26 13:20:00,2011-11-22 11:58:00,4,834.12
17076.0,2010-12-10 10:08:00,2011-11-03 17:53:00,3,841.0799999999999
17078.0,2011-11-03 18:49:00,2011-11-03 19:17:00,2,378.2
17079.0,2011-09-22 15:34:00,2011-09-22 15:34:00,1,118.80000000000001
17080.0,2011-03-15 12:05:00,2011-11-17 12:59:00,2,287.62
17081.0,2011-10-24 13:08:00,2011-11-14 12:56:00,2,290.16
17082.0,2011-01-25 14:36:00,2011-11-06 15:17:00,2,2003.85
17083.0,2011-02-09 11:38:00,2011-08-22 15:43:00,3,1405.78
17084.0,2011-11-04 14:49:00,2011-11-04 14:54:00,2,2949.75
17085.0,2010-12-12 12:24:00,2011-08-08 14:15:00,5,1566.65
17086.0,2011-10-07 11:22:00,2011-12-02 13:54:00,6,2050.08
17088.0,2011-03-31 09:48:00,2011-11-11 14:23:00,4,1991.01
17090.0,2010-12-20 13:52:00,2011-12-05 13:44:00,7,2043.95
17091.0,2010-12-07 09:55:00,2011-12-07 10:43:00,9,3827.76
17092.0,2011-03-07 14:51:00,2011-10-20 19:51:00,4,1777.78
17094.0,2011-01-21 13:09:00,2011-01-21 13:09:00,1,302.0
17095.0,2011-01-09 11:05:00,2011-11-17 12:21:00,3,1324.16
17096.0,2011-03-23 12:05:00,2011-11-24 15:01:00,4,1022.13
17097.0,2010-12-09 14:55:00,2011-12-07 17:05:00,8,954.42
17100.0,2011-11-21 16:36:00,2011-11-21 16:36:00,2,971.74
17101.0,2011-06-14 14:49:00,2011-11-29 13:57:00,4,1621.73
17102.0,2011-03-23 10:08:00,2011-03-23 10:08:00,1,25.5
17105.0,2011-02-06 14:46:00,2011-07-03 15:53:00,2,665.78
17107.0,2011-03-06 15:17:00,2011-11-06 14:14:00,6,10815.43
17109.0,2011-04-21 15:46:00,2011-11-10 16:59:00,6,885.04
17110.0,2011-06-27 12:58:00,2011-06-27 12:58:00,1,163.29999999999998
17111.0,2011-10-23 15:59:00,2011-10-23 15:59:00,1,248.61
17114.0,2011-01-09 11:39:00,2011-12-04 12:17:00,8,808.62
17115.0,2011-04-20 14:46:00,2011-12-01 14:30:00,3,837.5
17117.0,2011-02-24 13:54:00,2011-02-24 13:54:00,1,116.19999999999999
17118.0,2011-01-26 12:19:00,2011-01-26 12:19:00,1,157.02
17119.0,2011-10-11 11:03:00,2011-12-06 14:40:00,2,606.91
17120.0,2011-04-20 15:21:00,2011-04-20 15:21:00,1,307.46
17122.0,2011-08-12 14:33:00,2011-08-12 14:33:00,1,138.32
17123.0,2011-07-01 10:47:00,2011-07-01 10:47:00,1,345.3
17124.0,2011-06-07 14:02:00,2011-06-07 14:02:00,1,298.89
17125.0,2011-10-20 14:41:00,2011-10-20 14:41:00,1,259.35
17126.0,2010-12-12 11:26:00,2011-07-10 13:52:00,5,1004.75
17128.0,2011-01-09 12:02:00,2011-01-09 12:02:00,1,157.09
17131.0,2011-09-25 12:42:00,2011-12-04 12:52:00,5,2463.17
17133.0,2011-03-18 13:47:00,2011-11-24 12:27:00,7,4892.24
17134.0,2011-03-20 11:56:00,2011-08-25 09:53:00,2,425.0
17135.0,2010-12-03 09:31:00,2011-11-23 16:48:00,7,1139.73
17138.0,2011-03-09 11:54:00,2011-03-09 11:54:00,1,380.5
17139.0,2011-02-24 09:32:00,2011-11-24 10:12:00,12,10668.47
17140.0,2011-04-06 13:33:00,2011-04-06 13:33:00,1,465.32
17142.0,2011-04-14 18:22:00,2011-04-14 18:22:00,1,579.0
17144.0,2011-09-16 12:50:00,2011-12-08 17:57:00,2,984.57
17146.0,2010-12-16 12:20:00,2011-08-26 12:44:00,3,749.78
17147.0,2011-02-01 09:36:00,2011-11-17 12:32:00,4,1714.59
17148.0,2011-10-19 09:59:00,2011-10-19 09:59:00,1,124.88
17152.0,2011-03-21 16:20:00,2011-05-29 12:19:00,3,1689.5
17153.0,2011-11-15 13:42:00,2011-11-15 13:42:00,1,213.78
17154.0,2011-09-25 13:42:00,2011-09-25 13:42:00,1,329.34
17155.0,2011-06-15 10:22:00,2011-11-22 12:38:00,2,251.7
17157.0,2011-06-16 15:08:00,2011-12-02 09:10:00,2,319.0
17158.0,2010-12-14 13:03:00,2011-11-07 15:15:00,3,1266.97
17159.0,2011-06-21 09:49:00,2011-11-18 10:52:00,3,1538.88
17160.0,2011-04-12 12:00:00,2011-11-08 14:05:00,6,3518.03
17162.0,2011-02-07 12:27:00,2011-11-11 11:34:00,10,1715.46
17163.0,2011-09-22 15:54:00,2011-11-18 08:57:00,2,293.1
17164.0,2011-03-11 14:26:00,2011-11-07 09:14:00,7,2467.35
17165.0,2011-02-28 16:39:00,2011-02-28 16:39:00,1,158.68
17166.0,2011-05-20 08:18:00,2011-11-01 09:46:00,2,206.34
17169.0,2011-06-09 13:16:00,2011-10-13 10:25:00,2,835.78
17171.0,2011-02-23 16:37:00,2011-02-23 16:37:00,1,224.91
17172.0,2011-09-22 09:36:00,2011-09-22 09:36:00,1,317.76
17173.0,2011-07-31 15:26:00,2011-12-04 14:40:00,8,3766.6
17174.0,2011-05-06 11:47:00,2011-05-06 11:47:00,1,59.9
17175.0,2011-02-16 14:56:00,2011-10-26 15:31:00,4,1443.69
17176.0,2011-05-22 12:41:00,2011-05-22 12:41:00,1,306.13
17179.0,2010-12-13 14:24:00,2011-06-14 16:48:00,3,711.79
17180.0,2011-01-27 18:05:00,2011-10-14 15:46:00,4,796.03
17181.0,2010-12-01 12:38:00,2011-10-13 14:48:00,2,239.92000000000002
17183.0,2011-08-26 15:25:00,2011-12-02 10:07:00,6,3347.31
17186.0,2011-10-10 12:52:00,2011-10-24 10:20:00,2,144.0
17187.0,2011-04-27 12:39:00,2011-04-27 12:39:00,1,203.95
17188.0,2010-12-12 12:56:00,2011-11-28 13:53:00,7,2474.23
17189.0,2010-12-15 17:28:00,2011-08-25 19:39:00,2,384.40000000000003
17190.0,2011-05-16 15:29:00,2011-10-12 11:33:00,2,444.74
17191.0,2010-12-06 14:36:00,2011-11-11 16:58:00,7,2095.13
17193.0,2011-06-16 10:04:00,2011-11-04 12:47:00,7,1699.3
17194.0,2010-12-14 12:06:00,2011-03-11 12:05:00,2,262.62
17197.0,2011-11-10 10:32:00,2011-11-10 10:32:00,1,1013.01
17198.0,2010-12-03 14:54:00,2011-11-16 10:39:00,3,692.22
17201.0,2011-10-17 11:55:00,2011-10-17 11:55:00,1,342.63
17203.0,2011-10-10 14:37:00,2011-11-04 12:27:00,6,3563.85
17204.0,2011-03-21 12:42:00,2011-06-17 14:46:00,4,1564.56
17205.0,2011-10-17 12:46:00,2011-10-17 12:46:00,1,384.08
17206.0,2011-10-17 13:25:00,2011-10-17 13:25:00,1,204.24
17211.0,2010-12-05 12:44:00,2011-11-13 12:03:00,8,2317.2200000000003
17212.0,2011-03-31 19:42:00,2011-03-31 19:42:00,1,226.85
17213.0,2010-12-08 13:03:00,2011-10-30 14:53:00,7,2781.23
17214.0,2010-12-15 15:14:00,2011-10-10 13:17:00,6,1069.1200000000001
17217.0,2011-04-19 17:19:00,2011-04-19 17:19:00,1,113.5
17218.0,2010-12-06 15:25:00,2011-12-05 13:52:00,10,1960.72
17219.0,2011-11-08 11:25:00,2011-11-08 11:25:00,1,114.23
17220.0,2010-12-10 14:54:00,2011-11-15 13:47:00,14,3198.25
17221.0,2011-11-03 17:39:00,2011-12-02 13:35:00,2,335.13
17222.0,2011-10-05 13:58:00,2011-10-05 13:58:00,1,354.15
17223.0,2010-12-06 14:08:00,2011-02-02 15:57:00,2,426.79
17226.0,2011-02-04 11:52:00,2011-02-04 11:52:00,1,393.49
17227.0,2010-12-06 11:16:00,2011-11-21 10:51:00,6,939.32
17228.0,2010-12-02 16:00:00,2011-11-24 10:24:00,8,1906.09
17229.0,2011-07-20 12:38:00,2011-09-04 13:56:00,2,318.76
17230.0,2010-12-15 11:22:00,2011-03-20 16:12:00,8,3638.41
17231.0,2010-12-13 14:16:00,2011-11-27 15:18:00,10,3174.32
17232.0,2011-11-25 12:24:00,2011-12-07 12:21:00,2,421.52
17233.0,2011-11-04 14:06:00,2011-11-04 14:06:00,1,190.88
17234.0,2011-06-10 11:20:00,2011-06-10 11:20:00,1,149.89
17235.0,2010-12-02 13:38:00,2011-11-14 15:51:00,2,550.06
17236.0,2010-12-12 11:49:00,2011-11-27 12:00:00,6,916.13
17237.0,2011-11-17 12:55:00,2011-11-28 15:02:00,2,314.69
17238.0,2010-12-03 15:05:00,2011-12-07 11:35:00,17,3744.65
17239.0,2011-01-31 09:41:00,2011-01-31 09:41:00,1,382.5
17242.0,2011-06-12 13:04:00,2011-08-23 14:55:00,2,1135.04
17243.0,2010-12-05 10:03:00,2011-12-08 13:26:00,26,8676.85
17244.0,2011-10-17 15:19:00,2011-10-17 15:19:00,1,954.9
17245.0,2011-05-19 10:43:00,2011-05-19 10:43:00,1,171.45
17247.0,2011-11-24 15:21:00,2011-11-24 15:21:00,1,282.19
17248.0,2011-08-11 13:34:00,2011-08-11 13:34:00,1,318.65
17250.0,2011-03-23 16:45:00,2011-12-06 12:15:00,2,384.52
17251.0,2010-12-12 11:06:00,2010-12-12 11:06:00,1,283.28000000000003
17252.0,2011-06-06 16:41:00,2011-08-15 09:45:00,2,353.86
17253.0,2011-11-21 12:59:00,2011-11-21 12:59:00,1,178.26
17254.0,2011-11-24 14:09:00,2011-12-05 12:46:00,2,272.44
17255.0,2011-02-13 15:18:00,2011-10-30 12:18:00,2,298.41
17256.0,2011-01-31 14:53:00,2011-08-24 13:30:00,2,240.0
17259.0,2010-12-06 12:55:00,2011-07-14 15:01:00,2,603.37
17262.0,2010-12-08 13:30:00,2011-10-18 12:56:00,5,1253.3600000000001
17263.0,2011-05-15 14:32:00,2011-05-15 14:32:00,1,63.44
17265.0,2011-06-12 12:00:00,2011-07-24 10:49:00,2,562.9
17266.0,2011-07-15 11:57:00,2011-12-07 14:12:00,3,310.64
17267.0,2011-08-04 17:19:00,2011-08-04 17:22:00,2,317.62
17268.0,2011-04-08 13:20:00,2011-08-24 10:06:00,4,763.64
17272.0,2011-03-22 12:05:00,2011-10-28 16:37:00,4,2148.63
17274.0,2011-11-04 13:16:00,2011-11-04 13:16:00,1,111.98
17277.0,2011-01-21 12:37:00,2011-04-26 12:47:00,2,1065.3500000000001
17278.0,2011-04-12 13:10:00,2011-04-12 13:10:00,1,246.04
17279.0,2011-10-13 11:58:00,2011-10-13 11:58:00,1,187.83
17282.0,2011-02-13 11:36:00,2011-08-01 14:29:00,3,1703.41
17284.0,2011-01-07 14:31:00,2011-10-10 14:38:00,6,1652.58
17286.0,2011-11-18 12:47:00,2011-11-18 12:47:00,1,153.92
17287.0,2010-12-02 12:22:00,2011-11-13 13:27:00,7,1064.11
17288.0,2010-12-16 13:33:00,2011-11-30 16:09:00,7,1419.73
17289.0,2011-06-12 13:51:00,2011-11-08 12:01:00,3,944.41
17290.0,2011-11-23 15:53:00,2011-12-06 12:38:00,2,525.24
17291.0,2011-02-04 13:04:00,2011-02-04 13:04:00,1,550.8000000000001
17293.0,2010-12-13 14:55:00,2011-12-01 14:37:00,9,1875.11
17295.0,2011-10-06 12:22:00,2011-11-11 10:49:00,3,556.95
17297.0,2011-11-22 14:43:00,2011-11-22 14:43:00,1,131.78
17298.0,2011-08-07 12:21:00,2011-08-30 16:43:00,2,498.42
17299.0,2011-06-19 16:04:00,2011-11-28 12:01:00,4,669.11
17301.0,2011-11-18 13:43:00,2011-11-18 13:43:00,1,197.63
17302.0,2011-02-07 10:14:00,2011-11-25 09:36:00,5,1135.63
17303.0,2010-12-13 13:32:00,2010-12-13 13:32:00,1,250.04
17306.0,2010-12-21 13:34:00,2011-11-29 12:14:00,19,8631.31
17309.0,2011-09-05 15:20:00,2011-09-05 15:20:00,1,82.75
17311.0,2011-01-27 10:56:00,2011-09-22 14:11:00,2,1384.85
17312.0,2011-07-03 13:12:00,2011-07-24 11:52:00,3,644.3
17313.0,2011-11-08 15:45:00,2011-11-08 15:45:00,1,2328.84
17314.0,2011-01-31 11:25:00,2011-11-15 09:41:00,8,2527.92
17315.0,2010-12-17 12:24:00,2011-12-08 12:15:00,38,6292.26
17317.0,2011-09-11 12:45:00,2011-10-24 17:19:00,3,2600.34
17320.0,2010-12-06 15:38:00,2011-08-31 13:31:00,3,1200.6200000000001
17321.0,2011-10-03 11:34:00,2011-12-01 13:41:00,2,700.86
17323.0,2011-02-20 14:38:00,2011-11-24 17:29:00,7,921.0699999999999
17324.0,2010-12-08 12:45:00,2011-11-22 10:34:00,4,990.23
17325.0,2011-03-04 13:09:00,2011-03-04 13:09:00,1,96.8
17329.0,2011-01-28 15:29:00,2011-11-25 14:24:00,2,523.11
17330.0,2011-10-03 11:26:00,2011-11-17 08:56:00,2,363.9
17331.0,2011-08-08 11:55:00,2011-08-08 11:55:00,1,175.2
17333.0,2011-09-15 10:11:00,2011-09-15 10:11:00,1,494.25
17334.0,2011-02-04 09:03:00,2011-02-10 14:59:00,2,307.02
17337.0,2011-02-02 17:06:00,2011-07-11 14:55:00,4,2027.8700000000001
17338.0,2010-12-13 12:57:00,2011-11-22 14:23:00,8,6643.93
17339.0,2010-12-09 14:44:00,2011-09-06 13:29:00,2,243.36
17340.0,2010-12-08 15:56:00,2011-11-10 10:45:00,11,12353.29
17341.0,2010-12-08 12:46:00,2011-07-06 12:33:00,3,781.36
17343.0,2010-12-19 15:07:00,2010-12-19 15:07:00,1,193.64
17344.0,2011-10-24 12:56:00,2011-10-24 12:56:00,1,160.57
17345.0,2011-05-27 12:26:00,2011-11-24 15:03:00,4,537.74
17346.0,2010-12-01 14:34:00,2011-12-06 12:18:00,15,2676.56
17347.0,2011-09-14 13:12:00,2011-09-14 13:12:00,1,228.96
17348.0,2011-02-15 10:49:00,2011-11-25 11:25:00,5,1159.52
17349.0,2011-06-13 14:29:00,2011-06-13 14:29:00,1,110.75
17350.0,2011-10-19 16:05:00,2011-12-01 15:47:00,4,1286.07
17351.0,2011-03-11 16:05:00,2011-11-03 18:45:00,3,587.15
17353.0,2011-07-08 16:17:00,2011-08-02 17:19:00,2,1740.0
17354.0,2011-10-20 10:34:00,2011-10-20 10:34:00,1,1393.06
17356.0,2011-02-01 11:07:00,2011-02-01 11:07:00,1,178.22
17357.0,2011-11-15 16:29:00,2011-11-15 16:30:00,2,388.14
17358.0,2010-12-19 14:16:00,2011-02-09 16:57:00,2,365.85
17359.0,2011-11-28 14:37:00,2011-11-28 14:37:00,1,127.86
17360.0,2011-06-08 17:09:00,2011-11-22 13:11:00,3,585.79
17361.0,2011-02-21 09:55:00,2011-10-21 15:43:00,3,488.2
17362.0,2011-02-03 10:26:00,2011-04-14 14:43:00,2,312.23
17364.0,2011-01-12 16:57:00,2011-12-09 09:00:00,11,4481.18
17365.0,2011-01-11 12:11:00,2011-11-27 12:13:00,8,4801.56
17367.0,2011-04-15 14:21:00,2011-04-15 14:21:00,1,168.4
17368.0,2011-01-06 11:57:00,2011-11-16 15:26:00,8,1912.67
17370.0,2011-06-23 11:50:00,2011-09-28 10:14:00,4,446.18
17371.0,2010-12-13 15:20:00,2011-11-22 13:30:00,3,423.89
17372.0,2010-12-12 12:00:00,2011-10-30 11:37:00,8,1342.68
17373.0,2011-01-31 11:46:00,2011-10-30 15:28:00,4,646.92
17374.0,2011-03-03 12:53:00,2011-05-05 09:05:00,2,495.77
17375.0,2010-12-13 15:16:00,2011-05-24 15:45:00,3,400.1
17376.0,2011-02-01 14:12:00,2011-09-30 12:36:00,2,203.2
17377.0,2010-12-01 12:35:00,2011-11-16 11:17:00,20,4100.92
17379.0,2011-11-28 13:56:00,2011-11-28 13:56:00,1,404.66
17381.0,2010-12-02 12:58:00,2011-12-01 11:59:00,29,20275.61
17382.0,2011-10-05 13:05:00,2011-10-05 13:05:00,1,65.4
17383.0,2011-12-05 17:36:00,2011-12-05 17:36:00,1,199.29
17384.0,2011-05-04 16:07:00,2011-11-20 15:48:00,2,336.40000000000003
17385.0,2011-11-25 11:02:00,2011-11-25 11:02:00,1,261.11
17386.0,2011-06-27 12:11:00,2011-12-02 11:28:00,6,2686.42
17387.0,2011-11-06 11:25:00,2011-11-20 11:00:00,2,784.11
17388.0,2011-02-25 12:28:00,2011-09-23 10:31:00,4,1259.5600000000002
17389.0,2011-01-12 15:48:00,2011-12-09 09:38:00,34,31833.68
17391.0,2011-06-28 12:21:00,2011-06-29 09:58:00,2,508.8
17392.0,2010-12-16 19:04:00,2011-02-06 12:48:00,2,457.91
17394.0,2011-05-04 13:22:00,2011-05-04 13:22:00,1,203.86999999999998
17396.0,2010-12-03 09:45:00,2011-10-31 14:12:00,8,7330.8
17397.0,2011-11-17 13:58:00,2011-11-17 14:08:00,2,696.41
17398.0,2011-03-29 13:04:00,2011-08-17 09:48:00,3,653.38
17400.0,2010-12-21 17:16:00,2011-08-05 15:38:00,5,2129.96
17402.0,2010-12-05 13:53:00,2011-12-05 10:15:00,13,2633.85
17403.0,2011-11-03 15:18:00,2011-11-03 15:18:00,1,281.62
17404.0,2010-12-14 13:28:00,2011-12-05 16:26:00,15,31906.82
17405.0,2011-07-12 14:17:00,2011-12-08 17:12:00,3,1031.41
17406.0,2010-12-08 10:35:00,2011-01-10 15:07:00,3,2200.42
17408.0,2011-06-29 12:53:00,2011-06-29 12:53:00,1,32.65
17409.0,2011-04-05 16:42:00,2011-06-08 10:36:00,2,771.85
17410.0,2011-05-08 15:21:00,2011-11-23 15:46:00,5,1214.72
17411.0,2011-03-23 13:44:00,2011-11-27 14:25:00,3,778.94
17412.0,2010-12-02 16:29:00,2011-12-07 11:36:00,7,1258.06
17414.0,2011-06-08 11:43:00,2011-10-27 12:13:00,2,778.0
17415.0,2011-09-21 12:50:00,2011-09-21 12:50:00,1,507.84
17416.0,2011-03-03 13:45:00,2011-11-10 12:47:00,7,6893.42
17418.0,2011-01-20 11:39:00,2011-10-28 13:00:00,2,463.46000000000004
17419.0,2010-12-07 15:03:00,2011-11-28 13:47:00,12,4226.57
17420.0,2010-12-01 09:56:00,2011-10-20 14:52:00,3,598.83
17422.0,2011-02-16 14:44:00,2011-11-23 13:27:00,6,1979.37
17423.0,2011-05-06 09:14:00,2011-10-24 13:36:00,2,698.41
17425.0,2011-10-10 11:37:00,2011-11-20 15:30:00,2,759.17
17426.0,2011-03-02 16:34:00,2011-12-01 18:07:00,6,5037.26
17427.0,2011-09-29 11:29:00,2011-09-29 11:29:00,1,100.8
17428.0,2010-12-06 09:37:00,2011-12-09 09:45:00,28,17256.85
17429.0,2011-05-05 09:53:00,2011-08-03 13:22:00,3,524.9200000000001
17430.0,2010-12-09 13:05:00,2011-11-07 09:24:00,2,265.76
17431.0,2011-01-30 14:36:00,2011-01-30 14:36:00,1,403.3
17432.0,2011-11-02 17:30:00,2011-11-21 17:33:00,2,365.76
17433.0,2011-09-12 14:24:00,2011-09-12 14:24:00,1,303.16
17434.0,2011-09-15 13:54:00,2011-12-07 13:16:00,7,2373.82
17436.0,2011-04-27 11:33:00,2011-12-08 12:30:00,2,216.29999999999998
17438.0,2011-03-31 10:26:00,2011-03-31 10:26:00,1,388.45000000000005
17440.0,2011-04-06 12:05:00,2011-07-06 11:54:00,3,186.42000000000002
17442.0,2011-02-22 13:02:00,2011-11-03 09:17:00,6,2248.56
17443.0,2011-05-04 10:47:00,2011-05-04 10:47:00,1,534.24
17444.0,2011-06-20 09:04:00,2011-07-15 12:05:00,3,2940.04
17446.0,2011-02-02 14:40:00,2011-06-16 10:42:00,2,120.9
17447.0,2011-09-29 10:10:00,2011-10-30 14:18:00,2,541.53
17449.0,2010-12-15 10:57:00,2011-12-07 16:56:00,7,2520.86
17450.0,2010-12-07 09:23:00,2011-12-01 13:29:00,46,194550.79
17451.0,2011-08-26 11:54:00,2011-12-08 15:02:00,7,1721.4
17453.0,2011-10-06 17:02:00,2011-11-22 09:42:00,2,486.71999999999997
17454.0,2010-12-15 10:54:00,2011-05-31 13:58:00,4,517.53
17455.0,2011-05-20 12:31:00,2011-05-20 12:31:00,1,131.7
17456.0,2010-12-09 15:23:00,2010-12-09 15:23:00,1,249.85999999999999
17457.0,2011-01-04 14:33:00,2011-08-05 12:48:00,5,1737.7
17458.0,2011-11-24 13:01:00,2011-11-24 13:01:00,1,316.5
17459.0,2011-10-10 17:00:00,2011-10-27 13:25:00,2,657.3
17460.0,2010-12-01 16:24:00,2011-09-06 15:04:00,6,622.4300000000001
17461.0,2011-11-10 12:01:00,2011-11-17 10:21:00,3,757.46
17462.0,2011-02-28 17:01:00,2011-10-10 13:56:00,2,675.69
17463.0,2011-01-30 15:48:00,2011-11-23 13:40:00,5,1896.41
17464.0,2011-07-04 13:19:00,2011-07-04 13:19:00,1,289.96
17466.0,2011-09-22 09:16:00,2011-11-29 13:15:00,2,763.28
17468.0,2011-11-25 12:52:00,2011-11-29 15:33:00,2,137.0
17469.0,2011-05-19 08:55:00,2011-11-23 13:15:00,5,1870.97
17470.0,2010-12-07 09:57:00,2011-10-26 12:42:00,5,1125.07
17472.0,2011-02-13 14:40:00,2011-06-01 14:57:00,3,710.29
17475.0,2011-09-21 14:55:00,2011-09-21 14:55:00,1,194.37
17480.0,2011-09-23 11:39:00,2011-09-23 11:39:00,1,511.82
17481.0,2011-09-07 09:57:00,2011-12-06 12:28:00,4,1255.59
17483.0,2011-06-09 19:40:00,2011-10-05 13:10:00,3,414.04
17486.0,2011-03-23 14:00:00,2011-03-23 14:00:00,1,396.87
17489.0,2011-05-11 11:34:00,2011-10-12 08:56:00,2,376.64
17490.0,2011-06-16 09:15:00,2011-12-09 09:08:00,7,2092.32
17491.0,2010-12-07 12:18:00,2011-12-08 16:18:00,10,3558.87
17492.0,2011-04-05 15:21:00,2011-04-05 15:21:00,1,374.57
17495.0,2011-11-01 12:06:00,2011-12-02 12:08:00,2,497.56
17496.0,2010-12-16 08:39:00,2010-12-16 08:39:00,1,271.05
17498.0,2011-09-25 12:25:00,2011-09-25 12:25:00,1,272.22
17499.0,2011-02-23 09:14:00,2011-02-23 09:14:00,1,622.88
17500.0,2011-11-10 09:08:00,2011-11-22 14:25:00,3,1138.0
17501.0,2011-05-03 09:46:00,2011-05-03 09:47:00,2,288.6
17502.0,2011-11-10 16:39:00,2011-11-30 13:13:00,4,689.1
17503.0,2011-11-01 11:12:00,2011-12-07 09:18:00,2,558.96
17504.0,2011-01-21 11:09:00,2011-05-17 12:59:00,9,2997.03
17505.0,2011-05-18 09:01:00,2011-07-01 12:50:00,2,1145.84
17506.0,2011-09-25 11:39:00,2011-09-25 11:39:00,1,302.2
17507.0,2011-02-03 18:08:00,2011-03-23 11:48:00,2,605.58
17508.0,2011-03-04 08:10:00,2011-03-04 08:10:00,1,387.31
17509.0,2011-10-07 13:14:00,2011-10-13 10:26:00,8,6115.14
17510.0,2011-11-15 10:00:00,2011-11-15 10:00:00,1,308.48
17511.0,2010-12-01 10:19:00,2011-12-07 10:12:00,31,91062.38
17512.0,2011-02-11 12:22:00,2011-11-11 12:11:00,10,2924.9900000000002
17513.0,2011-09-28 16:42:00,2011-09-28 16:42:00,1,513.2
17514.0,2011-08-03 15:45:00,2011-08-03 15:45:00,1,208.65
17515.0,2011-01-25 14:33:00,2011-11-08 14:04:00,4,639.02
17516.0,2011-02-27 12:41:00,2011-11-24 16:51:00,5,768.08
17517.0,2011-02-04 11:48:00,2011-02-04 11:48:00,1,153.94
17519.0,2010-12-06 15:18:00,2011-11-22 16:43:00,6,1844.02
17520.0,2011-10-17 12:04:00,2011-10-17 12:04:00,1,546.81
17521.0,2011-05-24 15:14:00,2011-11-10 11:22:00,3,723.2099999999999
17522.0,2011-05-05 16:31:00,2011-12-08 12:31:00,5,1070.71
17523.0,2011-11-20 13:40:00,2011-11-28 13:20:00,4,652.74
17524.0,2010-12-13 14:32:00,2010-12-13 14:32:00,1,145.0
17525.0,2010-12-15 12:05:00,2010-12-15 12:05:00,1,422.70000000000005
17526.0,2010-12-09 12:20:00,2011-12-05 11:05:00,4,1195.8999999999999
17527.0,2011-05-05 13:43:00,2011-10-17 12:32:00,4,939.37
17528.0,2011-09-29 13:04:00,2011-12-08 13:27:00,8,3628.5
17530.0,2010-12-09 20:01:00,2011-12-08 18:42:00,10,2385.0
17531.0,2011-06-02 19:17:00,2011-06-02 19:17:00,1,296.7
17534.0,2011-10-17 12:47:00,2011-10-17 12:47:00,1,223.36
17535.0,2011-03-04 15:20:00,2011-03-04 15:20:00,1,164.4
17536.0,2011-06-15 13:23:00,2011-06-15 13:23:00,1,76.5
17537.0,2011-02-09 13:37:00,2011-11-10 10:56:00,2,897.62
17538.0,2011-11-14 12:12:00,2011-11-14 12:12:00,1,98.42
17540.0,2011-01-27 14:35:00,2011-11-15 11:56:00,2,578.9
17542.0,2011-03-15 11:45:00,2011-03-15 11:45:00,1,170.75
17545.0,2011-10-27 13:48:00,2011-10-27 14:04:00,3,645.96
17548.0,2011-04-20 12:01:00,2011-04-20 12:01:00,1,103.3
17549.0,2011-10-19 10:05:00,2011-11-16 09:59:00,2,148.86
17550.0,2011-04-10 15:19:00,2011-05-26 14:09:00,3,267.16
17551.0,2010-12-15 14:12:00,2010-12-15 14:12:00,1,306.84
17552.0,2010-12-02 18:45:00,2011-10-10 17:00:00,4,930.41
17553.0,2011-08-02 10:00:00,2011-08-02 10:00:00,1,1487.6
17554.0,2011-07-14 20:01:00,2011-12-08 14:15:00,5,1952.45
17555.0,2011-01-09 12:31:00,2011-11-20 12:22:00,2,483.26
17556.0,2011-05-18 10:48:00,2011-05-18 10:48:00,1,157.9
17557.0,2011-09-19 14:23:00,2011-11-25 12:57:00,3,541.46
17560.0,2011-02-02 11:14:00,2011-09-06 09:18:00,5,854.95
17561.0,2011-11-20 12:53:00,2011-11-20 12:53:00,1,167.62
17562.0,2011-06-19 13:06:00,2011-11-25 14:21:00,7,1122.38
17564.0,2011-09-20 14:00:00,2011-11-15 13:27:00,3,454.01
17566.0,2011-11-14 13:42:00,2011-12-01 19:54:00,2,901.21
17567.0,2010-12-02 15:18:00,2011-12-02 15:48:00,8,4331.48
17569.0,2011-01-11 14:15:00,2011-01-11 14:15:00,1,344.14
17571.0,2011-02-14 15:15:00,2011-10-20 15:57:00,4,1498.51
17572.0,2010-12-01 12:51:00,2011-09-29 17:53:00,4,226.75000000000003
17573.0,2011-09-07 10:36:00,2011-11-10 13:01:00,3,380.6
17574.0,2011-04-11 09:47:00,2011-04-11 09:47:00,1,185.65
17576.0,2010-12-09 16:57:00,2011-12-01 17:56:00,19,3622.68
17578.0,2011-05-05 18:38:00,2011-05-05 18:38:00,1,143.46
17579.0,2011-06-13 14:12:00,2011-12-05 12:28:00,3,448.90000000000003
17580.0,2010-12-16 15:27:00,2011-04-01 12:41:00,3,215.72
17581.0,2010-12-02 14:47:00,2011-12-09 12:21:00,25,11045.04
17582.0,2011-04-17 13:18:00,2011-04-17 13:18:00,1,175.27
17584.0,2011-08-04 14:12:00,2011-12-02 17:12:00,2,1242.3
17585.0,2011-01-05 15:09:00,2011-08-22 13:30:00,4,1133.07
17588.0,2011-04-21 10:31:00,2011-08-31 13:37:00,3,1240.2
17589.0,2011-04-13 13:47:00,2011-10-10 16:58:00,4,2404.17
17590.0,2011-10-30 14:05:00,2011-12-07 12:55:00,3,1479.22
17591.0,2010-12-07 15:39:00,2011-09-27 13:42:00,7,2225.9700000000003
17593.0,2010-12-22 10:29:00,2011-12-06 10:30:00,5,3927.34
17594.0,2011-03-30 10:32:00,2011-09-15 16:34:00,2,993.18
17595.0,2011-11-02 16:19:00,2011-11-27 16:08:00,2,388.79
17596.0,2010-12-06 12:34:00,2011-11-16 14:11:00,7,2827.93
17597.0,2011-05-10 11:54:00,2011-05-10 11:54:00,1,2044.3700000000001
17600.0,2011-11-22 09:43:00,2011-11-22 09:43:00,1,161.67000000000002
17601.0,2011-04-14 18:02:00,2011-04-14 18:02:00,1,116.00999999999999
17602.0,2011-01-19 16:18:00,2011-12-07 13:53:00,6,5102.97
17603.0,2011-09-22 14:18:00,2011-09-22 14:18:00,1,394.72
17604.0,2011-01-31 15:09:00,2011-05-06 13:43:00,2,309.36
17608.0,2011-11-06 13:00:00,2011-11-06 13:06:00,2,193.42
17609.0,2011-01-16 16:23:00,2011-10-30 12:28:00,5,1112.22
17611.0,2010-12-13 13:52:00,2011-12-02 13:29:00,15,3984.22
17612.0,2011-02-15 10:40:00,2011-10-17 14:59:00,6,2048.45
17613.0,2011-02-07 11:20:00,2011-11-17 10:51:00,14,4559.15
17614.0,2011-10-13 16:01:00,2011-10-13 16:01:00,1,390.07
17615.0,2011-05-01 15:33:00,2011-08-01 14:06:00,3,329.6
17616.0,2010-12-07 10:04:00,2011-06-19 10:11:00,3,571.1999999999999
17618.0,2010-12-12 16:05:00,2011-12-04 11:50:00,3,971.58
17619.0,2011-01-31 14:18:00,2011-01-31 14:18:00,1,218.52
17620.0,2011-10-11 12:08:00,2011-10-11 12:08:00,1,81.44
17621.0,2010-12-20 13:31:00,2011-11-18 17:11:00,3,1379.9
17623.0,2011-11-07 11:32:00,2011-11-07 11:32:00,1,527.0500000000001
17624.0,2011-05-05 17:59:00,2011-11-25 10:52:00,2,843.48
17625.0,2011-03-27 12:21:00,2011-11-21 13:36:00,4,2047.0
17628.0,2011-09-19 15:21:00,2011-09-19 15:21:00,1,75.75
17629.0,2010-12-15 09:58:00,2011-12-04 10:56:00,8,1814.12
17630.0,2011-04-21 14:03:00,2011-06-23 11:58:00,2,503.59999999999997
17631.0,2011-04-21 13:22:00,2011-12-08 09:47:00,3,528.33
17633.0,2011-08-11 15:43:00,2011-11-08 13:25:00,4,1324.84
17634.0,2011-01-06 12:45:00,2011-11-03 13:09:00,9,2361.9700000000003
17636.0,2011-11-20 14:40:00,2011-11-20 14:40:00,1,285.56
17637.0,2011-08-16 13:25:00,2011-11-08 12:51:00,2,547.0600000000001
17639.0,2011-03-08 15:22:00,2011-03-08 15:22:00,1,108.5
17640.0,2011-09-14 09:13:00,2011-09-14 09:13:00,1,621.66
17642.0,2011-06-16 12:55:00,2011-08-12 09:11:00,2,712.29
17643.0,2010-12-01 14:38:00,2010-12-01 14:38:00,1,101.55
17644.0,2011-03-24 09:44:00,2011-12-08 13:43:00,11,2895.64
17646.0,2010-12-09 14:28:00,2011-05-04 13:17:00,3,1008.39
17647.0,2011-10-05 15:38:00,2011-10-05 15:38:00,1,133.06
17648.0,2011-04-04 10:29:00,2011-10-10 09:41:00,4,1797.5
17649.0,2011-07-24 15:53:00,2011-07-24 15:53:00,1,868.49
17650.0,2011-11-18 14:52:00,2011-11-18 14:52:00,1,166.08
17651.0,2011-06-15 15:57:00,2011-11-28 10:29:00,10,3945.0
17652.0,2011-03-03 14:05:00,2011-11-14 12:55:00,12,4867.72
17653.0,2011-08-11 15:24:00,2011-11-03 12:46:00,4,1207.56
17654.0,2011-03-07 13:17:00,2011-03-07 13:17:00,1,117.55
17655.0,2010-12-08 16:45:00,2011-11-29 11:34:00,7,2638.94
17656.0,2011-08-03 10:45:00,2011-09-27 13:04:00,5,1674.69
17658.0,2011-05-12 15:23:00,2011-11-14 12:07:00,2,595.42
17659.0,2010-12-02 16:46:00,2011-11-22 13:29:00,12,2999.46
17660.0,2011-07-21 13:37:00,2011-07-21 13:37:00,1,196.0
17663.0,2011-02-25 14:11:00,2011-11-14 08:56:00,7,1802.91
17664.0,2011-05-11 14:17:00,2011-11-21 11:29:00,2,604.64
17666.0,2011-10-05 11:06:00,2011-12-06 09:06:00,2,728.16
17667.0,2011-02-14 09:24:00,2011-10-04 14:32:00,5,2055.51
17668.0,2011-11-01 14:45:00,2011-12-08 13:25:00,2,347.75
17669.0,2011-04-04 10:11:00,2011-10-28 08:53:00,7,3406.7200000000003
17670.0,2011-04-26 09:12:00,2011-04-26 09:12:00,1,205.7
17671.0,2010-12-09 14:27:00,2011-11-24 12:21:00,4,1572.71
17672.0,2011-02-03 13:29:00,2011-10-20 14:18:00,2,3178.17
17673.0,2011-01-23 15:16:00,2011-12-08 12:50:00,6,1629.12
17674.0,2010-12-06 10:20:00,2011-09-26 13:35:00,2,551.0400000000001
17675.0,2010-12-07 13:22:00,2011-12-08 18:03:00,31,20374.28
17676.0,2010-12-08 13:49:00,2011-12-05 15:16:00,6,1387.68
17677.0,2010-12-06 08:42:00,2011-12-08 09:56:00,30,16363.23
17678.0,2011-03-21 11:52:00,2011-03-21 11:52:00,1,298.11
17679.0,2011-09-15 10:35:00,2011-10-18 07:43:00,2,1992.11
17680.0,2011-11-16 12:42:00,2011-11-16 12:42:00,1,184.4
17682.0,2010-12-06 13:35:00,2011-11-29 15:59:00,6,2474.33
17684.0,2011-10-27 11:10:00,2011-10-27 11:10:00,1,239.41
17685.0,2010-12-02 14:42:00,2011-11-23 11:36:00,7,3191.53
17686.0,2011-02-10 10:18:00,2011-12-02 15:39:00,7,5739.46
17690.0,2010-12-01 16:15:00,2011-11-09 15:17:00,15,4757.95
17691.0,2010-12-06 11:10:00,2010-12-16 17:20:00,2,290.40000000000003
17692.0,2010-12-15 13:37:00,2011-08-04 14:01:00,4,740.9399999999999
17693.0,2011-07-25 15:48:00,2011-07-25 15:48:00,1,200.47
17694.0,2011-07-21 12:00:00,2011-07-21 12:00:00,1,283.12
17695.0,2011-06-21 12:35:00,2011-07-31 10:40:00,2,765.34
17696.0,2010-12-10 09:51:00,2011-11-01 13:43:00,8,2285.71
17697.0,2011-04-17 15:40:00,2011-04-17 15:40:00,1,338.95
17698.0,2011-03-24 11:34:00,2011-03-24 11:34:00,1,154.95
17700.0,2011-03-03 16:34:00,2011-11-23 11:51:00,4,2534.64
17701.0,2011-04-01 12:25:00,2011-04-01 12:25:00,1,417.95
17702.0,2011-05-17 16:23:00,2011-11-09 16:03:00,4,1824.3700000000001
17703.0,2011-07-24 13:30:00,2011-11-04 15:51:00,3,798.74
17704.0,2011-04-14 09:28:00,2011-06-24 09:40:00,2,885.19
17705.0,2011-02-11 10:57:00,2011-12-06 13:45:00,9,1823.52
17706.0,2010-12-08 11:02:00,2011-12-05 13:34:00,17,10504.49
17707.0,2011-01-07 13:30:00,2011-06-07 15:03:00,2,152.4
17708.0,2011-01-19 10:09:00,2011-06-05 10:12:00,2,267.08
17709.0,2011-06-23 11:55:00,2011-06-23 11:55:00,1,137.45000000000002
17711.0,2011-02-23 11:32:00,2011-11-29 11:40:00,2,385.1
17712.0,2011-10-26 12:28:00,2011-10-26 12:28:00,1,522.91
17714.0,2011-01-23 10:32:00,2011-01-23 10:32:00,1,153.0
17715.0,2011-05-23 12:32:00,2011-05-23 12:32:00,1,326.4
17716.0,2011-03-17 10:38:00,2011-11-17 12:00:00,11,5655.99
17718.0,2011-04-21 13:39:00,2011-04-21 13:39:00,1,139.35
17719.0,2011-03-29 11:29:00,2011-11-02 10:36:00,15,5396.04
17720.0,2010-12-07 10:43:00,2011-11-13 15:04:00,4,1195.94
17722.0,2010-12-08 12:41:00,2011-09-04 15:22:00,4,2424.04
17723.0,2011-05-09 14:44:00,2011-08-04 18:37:00,6,3276.4
17724.0,2011-07-24 13:26:00,2011-09-29 15:26:00,3,1033.0
17725.0,2011-03-17 19:47:00,2011-11-23 16:34:00,11,3439.08
17727.0,2011-11-24 17:06:00,2011-11-24 17:06:00,1,1060.25
17728.0,2011-09-14 11:39:00,2011-12-06 08:52:00,3,2876.01
17730.0,2011-01-17 14:49:00,2011-12-06 15:43:00,13,5298.4800000000005
17731.0,2011-06-09 14:18:00,2011-09-21 15:02:00,4,1240.11
17732.0,2010-12-02 09:29:00,2010-12-02 09:29:00,1,303.97
17733.0,2011-03-23 09:54:00,2011-11-01 08:16:00,2,692.19
17734.0,2011-04-20 10:04:00,2011-10-17 12:33:00,3,700.63
17735.0,2010-12-07 10:32:00,2011-12-07 16:47:00,19,13110.02
17736.0,2011-08-18 14:33:00,2011-11-30 15:36:00,3,377.44
17737.0,2011-10-12 14:42:00,2011-11-30 15:16:00,2,168.24
17738.0,2011-03-02 16:26:00,2011-11-20 15:05:00,4,1879.05
17739.0,2010-12-14 14:26:00,2011-11-28 09:12:00,7,2791.35
17742.0,2011-01-11 10:04:00,2011-08-18 15:28:00,2,355.11
17744.0,2010-12-16 14:17:00,2011-12-06 12:11:00,6,2322.4
17746.0,2011-04-13 14:31:00,2011-04-13 14:31:00,1,110.25
17747.0,2011-08-19 08:13:00,2011-08-19 08:13:00,1,71.4
17749.0,2011-03-28 13:39:00,2011-06-14 15:45:00,2,674.52
17750.0,2011-06-28 15:44:00,2011-12-04 14:09:00,9,1797.57
17752.0,2010-12-15 16:19:00,2010-12-15 16:19:00,1,80.64
17754.0,2011-03-24 13:54:00,2011-12-09 11:20:00,5,1772.26
17757.0,2010-12-02 17:17:00,2011-12-08 15:31:00,30,5605.29
17758.0,2011-04-03 15:22:00,2011-11-20 14:45:00,8,3456.7000000000003
17759.0,2011-06-23 13:35:00,2011-11-22 16:02:00,3,834.99
17760.0,2010-12-01 15:08:00,2011-11-18 10:56:00,2,287.59
17761.0,2011-11-07 10:23:00,2011-11-07 10:23:00,1,712.78
17763.0,2011-03-21 14:25:00,2011-03-21 14:25:00,1,15.0
17764.0,2011-05-12 16:11:00,2011-10-20 11:03:00,2,818.82
17765.0,2011-03-28 11:58:00,2011-07-04 12:41:00,3,371.88
17767.0,2011-11-24 14:42:00,2011-11-24 14:42:00,1,271.2
17768.0,2011-06-26 13:46:00,2011-12-01 13:22:00,3,2273.1800000000003
17769.0,2011-01-23 11:15:00,2011-11-27 11:18:00,10,3997.98
17770.0,2011-03-02 13:35:00,2011-05-25 12:34:00,5,1143.27
17771.0,2011-01-20 14:13:00,2011-10-14 11:43:00,2,245.81
17772.0,2011-11-29 10:57:00,2011-11-29 11:05:00,2,182.77
17774.0,2011-02-07 13:13:00,2011-09-04 12:49:00,4,1225.41
17775.0,2011-03-30 10:50:00,2011-03-30 10:50:00,1,56.4
17777.0,2011-08-31 14:35:00,2011-11-15 12:02:00,3,665.86
17779.0,2011-07-19 12:19:00,2011-11-18 14:15:00,3,658.57
17781.0,2011-03-31 19:54:00,2011-07-03 16:00:00,2,188.02
17783.0,2011-04-06 10:07:00,2011-09-28 16:07:00,2,283.47
17785.0,2011-10-17 13:43:00,2011-10-17 13:43:00,1,131.94
17786.0,2011-01-26 14:35:00,2011-09-15 12:51:00,2,278.74
17787.0,2010-12-03 13:43:00,2011-07-10 11:24:00,4,1865.19
17788.0,2011-08-02 10:38:00,2011-09-27 10:09:00,2,1117.9
17789.0,2011-03-03 13:14:00,2011-03-03 13:14:00,1,225.9
17790.0,2010-12-10 10:47:00,2011-11-13 11:30:00,14,1965.55
17791.0,2011-11-10 12:09:00,2011-11-10 12:09:00,1,106.1
17793.0,2011-11-14 14:24:00,2011-11-14 14:24:00,1,323.04
17795.0,2011-03-20 12:02:00,2011-06-13 12:36:00,2,350.39
17796.0,2010-12-05 12:23:00,2011-10-30 15:38:00,4,697.9
17797.0,2011-06-10 11:29:00,2011-11-17 13:21:00,3,780.43
17799.0,2010-12-13 13:10:00,2011-11-17 15:16:00,10,3055.93
17800.0,2011-01-09 13:50:00,2011-11-02 12:57:00,9,1199.01
17802.0,2010-12-02 13:44:00,2011-09-18 14:56:00,3,1285.04
17805.0,2011-09-27 11:49:00,2011-09-27 11:49:00,1,512.31
17806.0,2011-11-28 14:12:00,2011-11-28 14:12:00,1,546.04
17809.0,2010-12-01 09:41:00,2011-11-23 12:59:00,12,5411.91
17811.0,2011-01-10 10:58:00,2011-12-05 13:46:00,39,7837.7300000000005
17812.0,2010-12-06 15:27:00,2011-11-27 11:47:00,4,732.16
17813.0,2011-09-29 15:57:00,2011-11-25 16:13:00,5,1770.8799999999999
17816.0,2010-12-09 14:10:00,2011-11-03 11:34:00,4,36.56
17817.0,2011-03-07 17:30:00,2011-12-05 14:39:00,3,387.68
17819.0,2010-12-03 14:26:00,2011-09-29 10:52:00,7,3704.87
17824.0,2011-10-19 14:14:00,2011-10-19 14:14:00,1,298.4
17827.0,2010-12-10 10:18:00,2011-12-04 15:00:00,5,1995.46
17828.0,2011-06-08 08:31:00,2011-11-17 08:41:00,4,1820.09
17829.0,2011-02-14 12:46:00,2011-02-14 12:46:00,1,889.24
17830.0,2011-02-24 10:15:00,2011-12-08 12:28:00,3,398.7
17831.0,2011-11-06 15:09:00,2011-11-06 15:09:00,1,35.400000000000006
17832.0,2011-10-21 11:43:00,2011-10-21 11:43:00,1,155.37
17835.0,2011-11-16 16:30:00,2011-12-07 11:48:00,3,350.64
17836.0,2011-10-23 16:13:00,2011-10-23 16:13:00,1,110.21
17837.0,2011-06-29 16:44:00,2011-10-28 16:13:00,8,1593.38
17838.0,2010-12-02 15:55:00,2011-11-13 11:20:00,5,2779.3
17839.0,2011-10-28 17:27:00,2011-10-28 17:27:00,1,338.8
17841.0,2010-12-01 14:41:00,2011-12-08 12:07:00,124,40991.57
17843.0,2011-02-09 15:33:00,2011-02-09 15:33:00,1,205.48
17844.0,2011-08-25 11:27:00,2011-08-25 11:27:00,1,51.56
17846.0,2011-09-15 15:20:00,2011-09-15 15:20:00,1,2033.1
17848.0,2010-12-16 18:38:00,2011-09-19 16:49:00,9,901.1999999999999
17849.0,2011-01-10 11:59:00,2011-05-05 13:46:00,4,605.8000000000001
17850.0,2010-12-01 08:26:00,2010-12-02 15:27:00,34,5391.21
17852.0,2011-11-28 12:31:00,2011-11-28 12:36:00,2,114.34
17854.0,2011-04-26 16:53:00,2011-06-07 16:21:00,2,311.26
17855.0,2010-12-02 09:44:00,2010-12-02 09:44:00,1,208.97
17856.0,2011-03-03 11:40:00,2011-12-08 09:40:00,4,1418.03
17857.0,2010-12-09 11:35:00,2011-12-05 13:13:00,23,26879.04
17858.0,2010-12-05 13:08:00,2011-12-04 11:56:00,12,5155.66
17859.0,2011-02-08 10:32:00,2011-02-08 10:32:00,1,148.21
17860.0,2010-12-06 12:41:00,2010-12-06 12:41:00,1,252.8
17861.0,2011-01-24 11:34:00,2011-12-06 16:21:00,8,2100.8
17862.0,2011-01-20 12:23:00,2011-01-20 12:23:00,1,330.9
17863.0,2010-12-05 13:21:00,2011-10-11 13:45:00,6,3160.0
17864.0,2011-03-09 11:44:00,2011-11-27 11:15:00,3,597.5
17865.0,2010-12-10 14:53:00,2011-11-09 12:08:00,20,10526.32
17866.0,2011-07-20 11:07:00,2011-07-20 11:07:00,1,329.65
17867.0,2011-02-24 12:25:00,2011-11-09 14:15:00,6,1197.1000000000001
17869.0,2010-12-06 17:16:00,2011-08-24 16:16:00,5,428.18
17870.0,2010-12-08 08:12:00,2011-12-07 15:07:00,12,1894.35
17871.0,2011-05-19 11:32:00,2011-05-19 11:32:00,1,155.9
17873.0,2010-12-01 14:54:00,2011-09-20 16:41:00,5,1859.16
17874.0,2011-03-29 11:25:00,2011-06-07 12:54:00,6,683.46
17877.0,2011-06-22 13:00:00,2011-06-22 13:00:00,1,237.60999999999999
17878.0,2011-10-27 11:24:00,2011-10-27 11:24:00,1,379.45
17879.0,2011-06-19 12:36:00,2011-06-19 12:36:00,1,178.51999999999998
17880.0,2010-12-10 10:21:00,2010-12-10 10:21:00,1,458.92
17881.0,2011-02-08 17:16:00,2011-02-08 17:16:00,1,133.35
17883.0,2011-04-07 19:16:00,2011-12-06 17:49:00,4,671.77
17884.0,2010-12-03 12:11:00,2011-12-06 11:33:00,4,717.45
17885.0,2011-11-27 14:40:00,2011-11-27 14:40:00,1,190.19
17886.0,2011-04-04 12:34:00,2011-11-08 10:09:00,3,899.61
17887.0,2011-08-02 17:29:00,2011-08-02 17:29:00,1,111.35
17888.0,2010-12-17 13:56:00,2011-11-18 13:45:00,8,726.05
17889.0,2011-01-21 17:14:00,2011-05-11 16:26:00,2,203.87
17890.0,2010-12-13 15:12:00,2011-01-21 11:19:00,2,602.09
17891.0,2011-06-30 20:08:00,2011-06-30 20:08:00,1,203.85999999999999
17892.0,2011-07-07 12:56:00,2011-10-14 16:49:00,3,244.1
17893.0,2011-04-28 13:50:00,2011-04-28 13:50:00,1,112.25
17894.0,2010-12-08 14:50:00,2011-09-29 09:23:00,8,1119.81
17895.0,2011-10-26 17:00:00,2011-10-26 17:00:00,1,98.0
17896.0,2011-11-16 13:59:00,2011-11-16 13:59:00,1,256.32
17897.0,2010-12-01 12:31:00,2011-06-20 11:23:00,3,566.6
17898.0,2011-05-16 17:13:00,2011-09-15 14:56:00,2,152.06
17899.0,2011-07-03 14:58:00,2011-07-03 14:58:00,1,155.79999999999998
17900.0,2011-06-02 14:28:00,2011-06-02 14:38:00,2,112.19999999999999
17901.0,2011-11-10 17:29:00,2011-11-10 17:29:00,1,110.38
17904.0,2011-11-18 12:57:00,2011-11-18 12:57:00,1,191.67
17905.0,2010-12-01 13:21:00,2011-09-29 17:33:00,4,800.24
17906.0,2011-04-06 17:25:00,2011-04-06 17:25:00,1,72.9
17908.0,2010-12-01 11:45:00,2010-12-01 11:45:00,1,243.28
17911.0,2011-11-30 14:52:00,2011-11-30 14:52:00,1,366.23
17912.0,2010-12-10 11:11:00,2011-02-02 14:25:00,5,311.01
17913.0,2010-12-19 11:35:00,2011-10-12 10:45:00,2,411.6
17914.0,2011-12-06 11:58:00,2011-12-06 11:58:00,1,336.43
17917.0,2010-12-12 12:08:00,2011-10-25 13:20:00,3,341.28
17919.0,2011-09-12 13:41:00,2011-09-12 13:41:00,1,1304.04
17920.0,2010-12-01 11:49:00,2011-12-05 14:29:00,17,4204.1
17921.0,2011-03-18 13:19:00,2011-10-06 18:56:00,4,826.52
17923.0,2011-03-02 15:15:00,2011-03-02 15:15:00,1,207.50000000000003
17924.0,2010-12-01 10:51:00,2011-11-28 09:11:00,7,2962.5
17925.0,2010-12-02 10:10:00,2010-12-02 10:10:00,1,244.08
17926.0,2011-05-20 09:24:00,2011-07-29 14:39:00,2,397.29
17928.0,2011-04-07 18:03:00,2011-10-25 13:52:00,2,212.54000000000002
17929.0,2011-02-04 11:40:00,2011-11-28 16:01:00,4,843.0
17930.0,2011-04-14 15:46:00,2011-11-04 10:23:00,5,1740.48
17931.0,2011-03-29 12:31:00,2011-07-28 18:33:00,2,408.36
17932.0,2011-05-12 13:58:00,2011-11-10 19:49:00,3,1331.57
17934.0,2011-10-12 10:50:00,2011-10-19 11:16:00,2,704.25
17935.0,2011-07-21 11:23:00,2011-07-24 13:18:00,2,145.79
17936.0,2011-12-04 13:32:00,2011-12-04 13:32:00,1,389.84
17937.0,2010-12-12 14:43:00,2011-12-01 11:45:00,7,4301.22
17939.0,2011-07-03 12:27:00,2011-07-03 12:27:00,1,99.14
17940.0,2011-02-10 09:29:00,2011-10-21 13:27:00,10,4106.44
17941.0,2011-08-01 08:30:00,2011-08-01 08:30:00,1,304.56
17942.0,2011-12-02 10:45:00,2011-12-02 10:45:00,1,77.50000000000001
17946.0,2011-03-25 14:34:00,2011-04-20 17:00:00,2,149.57999999999998
17947.0,2011-11-02 13:05:00,2011-11-02 13:05:00,1,176.68
17948.0,2011-07-15 12:58:00,2011-07-15 12:58:00,1,358.56000000000006
17949.0,2010-12-03 13:12:00,2011-12-08 18:46:00,45,58510.48
17950.0,2010-12-09 15:16:00,2011-09-28 15:18:00,3,482.2
17951.0,2010-12-01 12:40:00,2011-10-31 12:30:00,3,1008.5400000000001
17954.0,2010-12-03 14:18:00,2011-12-04 14:15:00,12,2332.72
17955.0,2011-05-04 12:29:00,2011-05-25 12:00:00,4,557.3
17956.0,2011-04-04 13:47:00,2011-04-04 13:47:00,1,12.75
17957.0,2011-10-04 14:58:00,2011-10-04 14:58:00,1,111.68
17958.0,2011-08-15 12:19:00,2011-08-15 12:19:00,1,508.46
17960.0,2011-06-21 14:15:00,2011-06-21 14:15:00,1,73.78
17961.0,2010-12-02 19:18:00,2011-11-18 16:55:00,39,1296.44
17962.0,2011-07-20 14:16:00,2011-07-20 14:16:00,1,102.83
17964.0,2010-12-02 13:32:00,2011-11-08 10:44:00,2,471.7
17965.0,2010-12-05 15:54:00,2011-11-02 09:31:00,14,2622.57
17966.0,2011-03-23 17:25:00,2011-11-02 10:26:00,5,1098.43
17967.0,2010-12-03 11:19:00,2010-12-03 11:19:00,1,123.07
17968.0,2010-12-01 12:23:00,2010-12-01 12:23:00,1,277.35
17969.0,2010-12-13 15:34:00,2011-06-26 13:00:00,2,228.2
17970.0,2011-05-12 20:03:00,2011-05-12 20:03:00,1,582.59
17972.0,2011-04-12 12:16:00,2011-04-12 12:16:00,1,136.04
17973.0,2011-10-19 10:34:00,2011-10-19 10:34:00,1,337.04
17974.0,2011-05-04 11:50:00,2011-11-15 11:37:00,3,740.79
17975.0,2010-12-08 11:38:00,2011-11-24 13:27:00,13,4488.81
17976.0,2010-12-02 13:49:00,2010-12-02 13:49:00,1,353.19
17977.0,2011-11-10 13:28:00,2011-11-10 13:28:00,1,288.14
17978.0,2010-12-09 14:05:00,2010-12-09 14:05:00,1,300.92
17979.0,2011-03-25 11:34:00,2011-11-04 12:05:00,4,757.71
17980.0,2010-12-15 15:50:00,2011-06-27 12:01:00,3,811.45
17984.0,2011-07-17 15:59:00,2011-07-17 15:59:00,1,152.68
17985.0,2011-11-17 14:24:00,2011-11-17 14:24:00,1,634.95
17986.0,2011-10-14 14:22:00,2011-10-14 14:22:00,1,20.8
17987.0,2011-06-07 14:22:00,2011-06-07 14:22:00,1,198.57
17988.0,2011-01-17 11:59:00,2011-11-28 11:00:00,7,201.12
17990.0,2010-12-13 12:10:00,2011-04-17 11:44:00,3,630.84
17991.0,2011-04-27 16:39:00,2011-04-28 15:58:00,2,93.35
17994.0,2011-02-22 11:02:00,2011-08-10 11:41:00,4,678.49
17995.0,2011-03-03 12:30:00,2011-03-03 12:30:00,1,76.1
17997.0,2011-06-28 17:28:00,2011-09-26 16:13:00,8,1970.67
17999.0,2010-12-08 15:17:00,2011-11-02 15:56:00,2,382.06
18001.0,2011-09-14 11:21:00,2011-11-27 16:02:00,2,417.23
18004.0,2010-12-12 13:47:00,2010-12-12 13:47:00,1,169.47
18005.0,2011-10-23 14:40:00,2011-12-06 11:51:00,2,249.72
18006.0,2011-11-16 16:52:00,2011-11-16 16:52:00,1,444.68
18008.0,2011-01-25 12:26:00,2011-09-30 15:17:00,9,2116.19
18009.0,2011-04-18 13:36:00,2011-04-18 13:36:00,1,257.34
18010.0,2011-03-28 12:27:00,2011-03-28 12:27:00,1,174.8
18011.0,2010-12-01 17:35:00,2010-12-01 17:35:00,1,102.78999999999999
18013.0,2011-07-07 14:08:00,2011-07-07 14:11:00,2,187.29
18014.0,2011-11-11 15:28:00,2011-11-11 15:28:00,1,166.42
18015.0,2011-12-05 14:49:00,2011-12-05 14:49:00,1,120.03
18016.0,2010-12-10 17:14:00,2011-11-07 13:25:00,5,1483.56
18017.0,2011-02-02 13:57:00,2011-09-19 16:15:00,3,523.0
18018.0,2011-05-24 13:22:00,2011-08-23 17:37:00,2,122.14
18019.0,2011-10-19 12:10:00,2011-10-19 12:10:00,1,38.45
18022.0,2011-11-04 12:45:00,2011-11-04 12:45:00,1,668.11
18024.0,2011-07-10 12:28:00,2011-07-10 12:40:00,2,389.78
18027.0,2011-09-02 10:38:00,2011-09-02 10:38:00,1,115.31
18030.0,2011-10-28 13:55:00,2011-12-05 16:37:00,2,230.64999999999998
18032.0,2011-01-09 15:32:00,2011-01-09 15:32:00,1,73.5
18033.0,2011-10-05 17:28:00,2011-10-05 17:28:00,1,97.97
18034.0,2011-11-18 12:08:00,2011-11-18 12:22:00,2,422.88
18035.0,2011-10-27 17:48:00,2011-11-04 12:39:00,3,730.4
18036.0,2011-04-08 11:26:00,2011-11-07 14:40:00,3,405.62
18037.0,2010-12-12 16:20:00,2011-07-08 13:39:00,6,70.02
18040.0,2011-04-08 08:27:00,2011-11-20 14:20:00,2,357.2
18041.0,2010-12-02 11:21:00,2011-11-28 11:39:00,21,4183.39
18042.0,2011-10-17 11:49:00,2011-10-17 11:49:00,1,165.04999999999998
18043.0,2010-12-08 12:35:00,2011-11-15 12:48:00,3,559.51
18044.0,2010-12-14 12:25:00,2011-12-05 14:26:00,10,2088.6
18045.0,2011-10-25 13:07:00,2011-10-25 13:07:00,1,189.4
18048.0,2011-05-20 14:54:00,2011-05-20 14:58:00,2,172.29
18050.0,2010-12-15 14:25:00,2010-12-15 14:25:00,1,74.4
18053.0,2011-09-30 09:05:00,2011-09-30 09:05:00,1,300.02
18055.0,2010-12-05 10:52:00,2011-12-02 14:25:00,10,6784.1900000000005
18056.0,2011-02-24 14:27:00,2011-02-24 14:27:00,1,363.65
18058.0,2011-11-30 08:38:00,2011-11-30 08:38:00,1,170.16
18059.0,2011-10-03 09:30:00,2011-11-16 16:49:00,3,306.46
18061.0,2010-12-08 13:03:00,2011-11-18 11:20:00,10,2119.41
18062.0,2011-01-06 10:03:00,2011-06-19 14:47:00,3,720.52
18064.0,2011-04-18 15:08:00,2011-07-29 16:39:00,2,814.0
18065.0,2010-12-10 12:44:00,2011-12-04 10:30:00,14,2392.83
18066.0,2011-09-25 15:30:00,2011-09-25 15:30:00,1,318.0
18067.0,2011-10-30 15:58:00,2011-10-30 15:58:00,1,396.33
18068.0,2011-02-23 14:50:00,2011-02-23 14:50:00,1,101.69999999999999
18069.0,2011-01-16 15:50:00,2011-11-13 16:03:00,5,2036.67
18071.0,2010-12-09 10:33:00,2011-03-27 11:59:00,2,453.0
18072.0,2011-06-07 10:44:00,2011-06-07 10:44:00,1,247.44
18073.0,2011-05-26 19:38:00,2011-08-17 14:02:00,12,3877.52
18074.0,2010-12-01 09:53:00,2010-12-01 09:53:00,1,489.6
18075.0,2010-12-14 10:48:00,2011-11-16 15:21:00,10,2611.75
18077.0,2010-12-08 10:21:00,2011-12-01 13:32:00,11,2633.0099999999998
18078.0,2011-03-25 15:08:00,2011-05-06 14:32:00,2,336.13
18079.0,2011-04-15 12:14:00,2011-10-25 15:27:00,4,3651.97
18080.0,2011-04-11 10:10:00,2011-11-21 08:02:00,2,1231.5
18081.0,2011-07-29 11:56:00,2011-11-03 16:30:00,3,343.45
18082.0,2011-11-14 12:45:00,2011-11-14 12:45:00,1,703.37
18084.0,2011-11-23 13:57:00,2011-11-23 13:57:00,1,90.47999999999999
18085.0,2010-12-01 12:08:00,2011-01-13 15:17:00,2,689.95
18086.0,2011-03-10 13:34:00,2011-03-10 13:34:00,1,101.34
18087.0,2011-02-22 10:43:00,2011-09-02 15:12:00,2,4055.7199999999993
18088.0,2011-10-09 13:41:00,2011-10-09 13:41:00,1,167.67000000000002
18092.0,2010-12-09 10:00:00,2011-12-07 13:14:00,11,9068.26
18093.0,2011-02-10 12:15:00,2011-09-07 15:43:00,4,2106.52
18094.0,2011-02-21 08:50:00,2011-09-19 09:28:00,7,3017.3
18095.0,2011-01-11 12:37:00,2011-01-31 12:50:00,2,580.0500000000001
18096.0,2011-10-07 11:55:00,2011-11-28 12:44:00,3,911.15
18097.0,2010-12-20 14:49:00,2011-12-02 11:16:00,6,2697.8
18099.0,2011-08-04 15:52:00,2011-08-04 15:52:00,1,168.31
18101.0,2011-07-19 13:05:00,2011-11-28 13:37:00,2,223.65
18102.0,2010-12-07 16:42:00,2011-12-09 11:50:00,60,259657.3
18104.0,2011-11-02 14:07:00,2011-11-02 14:07:00,1,754.64
18105.0,2011-11-02 12:04:00,2011-11-02 12:04:00,1,113.48
18106.0,2011-01-14 12:23:00,2011-01-14 12:23:00,1,430.7
18108.0,2011-03-30 13:56:00,2011-03-30 13:56:00,1,271.0
18109.0,2010-12-05 10:58:00,2011-12-08 11:36:00,26,8052.97
18110.0,2011-11-20 12:34:00,2011-11-20 12:34:00,1,236.3
18112.0,2011-06-26 13:56:00,2011-11-27 14:43:00,2,352.69
18113.0,2010-12-06 12:31:00,2010-12-06 12:31:00,1,76.32000000000001
18114.0,2011-02-22 13:20:00,2011-02-22 13:20:00,1,220.1
18116.0,2010-12-10 12:14:00,2011-10-03 11:00:00,8,1418.03
18117.0,2011-11-14 12:47:00,2011-11-14 12:47:00,1,320.72
18118.0,2010-12-05 12:13:00,2011-11-29 11:32:00,26,5653.82
18119.0,2010-12-07 11:59:00,2010-12-07 11:59:00,1,181.12
18120.0,2011-05-09 13:45:00,2011-05-09 13:45:00,1,111.15
18121.0,2011-07-08 12:14:00,2011-07-13 12:53:00,2,673.1
18122.0,2011-07-12 11:37:00,2011-12-01 13:08:00,6,1826.21
18123.0,2011-11-08 13:31:00,2011-11-15 14:23:00,2,589.4399999999999
18125.0,2011-01-27 15:02:00,2011-11-10 12:29:00,4,1142.99
18126.0,2011-10-10 12:19:00,2011-10-10 12:19:00,1,206.83
18127.0,2011-07-29 10:06:00,2011-11-20 14:05:00,3,348.73
18129.0,2011-04-10 14:16:00,2011-04-10 14:16:00,1,112.55
18130.0,2011-10-13 15:58:00,2011-11-24 14:40:00,3,1059.39
18133.0,2011-05-11 14:14:00,2011-05-11 14:14:00,1,931.4999999999999
18135.0,2011-06-02 14:04:00,2011-11-10 19:32:00,5,681.9100000000001
18136.0,2011-01-24 12:08:00,2011-10-07 15:40:00,3,784.33
18138.0,2011-02-17 14:51:00,2011-02-17 14:51:00,1,152.65
18139.0,2011-11-21 14:06:00,2011-11-22 10:44:00,6,8438.34
18142.0,2011-05-08 12:31:00,2011-07-05 13:19:00,2,1019.52
18143.0,2011-07-21 10:44:00,2011-08-15 12:07:00,2,1000.16
18144.0,2010-12-01 13:45:00,2011-12-02 12:46:00,12,2888.75
18145.0,2011-01-31 12:10:00,2011-11-27 11:22:00,4,2861.55
18146.0,2011-05-03 16:35:00,2011-07-22 12:08:00,2,160.35000000000002
18147.0,2011-08-23 12:22:00,2011-10-25 11:46:00,2,179.34
18149.0,2011-03-11 12:44:00,2011-10-20 12:04:00,3,612.0799999999999
18150.0,2011-05-22 10:47:00,2011-11-07 16:49:00,3,566.58
18151.0,2011-02-23 08:29:00,2011-07-28 11:35:00,2,653.35
18154.0,2011-10-27 10:40:00,2011-12-06 16:41:00,2,399.19
18155.0,2011-02-21 10:36:00,2011-09-25 13:32:00,3,371.62
18156.0,2010-12-05 12:29:00,2011-11-27 12:24:00,2,734.94
18158.0,2011-09-12 09:03:00,2011-11-30 16:19:00,2,453.4
18159.0,2011-02-11 14:26:00,2011-02-11 14:26:00,1,530.15
18160.0,2011-05-23 13:41:00,2011-10-13 15:50:00,2,638.0600000000001
18161.0,2011-01-24 11:56:00,2011-11-24 16:40:00,5,1618.69
18164.0,2011-11-02 12:56:00,2011-11-02 12:56:00,1,399.65000000000003
18165.0,2011-06-15 13:23:00,2011-06-15 13:23:00,1,302.46000000000004
18167.0,2011-08-26 11:40:00,2011-11-16 15:56:00,3,1384.8600000000001
18168.0,2010-12-02 18:08:00,2011-06-16 19:21:00,6,1169.94
18169.0,2011-10-10 12:18:00,2011-10-10 12:18:00,1,202.65
18170.0,2011-05-06 15:13:00,2011-11-06 14:35:00,3,980.3100000000001
18171.0,2011-01-10 09:55:00,2011-10-12 09:13:00,5,1231.31
18172.0,2011-02-23 10:44:00,2011-11-25 11:12:00,20,7561.68
18173.0,2011-03-10 11:56:00,2011-09-14 11:26:00,4,2106.84
18174.0,2011-12-02 16:56:00,2011-12-02 16:56:00,1,104.0
18176.0,2010-12-16 15:45:00,2010-12-16 15:45:00,1,476.35
18177.0,2011-03-29 08:46:00,2011-11-08 14:44:00,6,1341.42
18178.0,2010-12-10 12:42:00,2011-08-03 09:30:00,4,1590.81
18179.0,2011-01-07 14:22:00,2011-11-30 16:23:00,6,1793.17
18180.0,2011-07-20 08:59:00,2011-12-05 08:39:00,6,1843.75
18181.0,2011-11-15 15:08:00,2011-11-15 15:08:00,1,382.8
18183.0,2011-03-10 10:08:00,2011-04-26 15:26:00,2,632.07
18184.0,2011-11-24 15:28:00,2011-11-24 15:28:00,1,49.8
18185.0,2011-04-04 13:42:00,2011-04-04 13:42:00,1,304.25
18188.0,2011-02-22 14:43:00,2011-11-24 16:46:00,3,2001.04
18189.0,2011-03-17 09:49:00,2011-09-23 12:40:00,2,1090.24
18190.0,2011-01-13 10:35:00,2011-05-31 14:48:00,2,284.46000000000004
18191.0,2011-03-23 12:08:00,2011-03-23 12:08:00,1,207.79999999999998
18192.0,2011-09-29 09:53:00,2011-09-29 09:53:00,1,957.97
18193.0,2011-06-27 13:58:00,2011-06-27 13:58:00,1,243.76
18194.0,2011-09-18 13:29:00,2011-09-18 13:29:00,1,973.8399999999999
18196.0,2011-02-22 16:13:00,2011-09-05 16:22:00,2,689.13
18198.0,2011-01-07 13:39:00,2011-12-05 14:49:00,17,5425.56
18200.0,2011-08-25 18:45:00,2011-08-25 18:45:00,1,163.8
18202.0,2011-02-01 13:36:00,2011-05-24 12:12:00,3,1396.99
18203.0,2011-07-05 13:07:00,2011-07-05 13:07:00,1,160.42
18204.0,2011-05-31 15:26:00,2011-09-29 16:44:00,3,1993.7
18205.0,2011-09-26 12:02:00,2011-11-03 13:22:00,2,517.36
18209.0,2011-11-11 12:07:00,2011-11-11 12:07:00,1,139.10000000000002
18210.0,2011-03-17 16:58:00,2011-12-08 11:02:00,6,2621.38
18211.0,2011-03-06 12:09:00,2011-11-14 08:10:00,5,600.07
18212.0,2011-01-17 16:14:00,2011-01-17 16:14:00,1,248.42
18213.0,2011-04-17 10:21:00,2011-04-17 10:21:00,1,232.48000000000002
18215.0,2011-09-11 16:05:00,2011-09-11 16:05:00,1,299.34000000000003
18216.0,2011-11-08 16:55:00,2011-11-08 16:55:00,1,481.75
18217.0,2011-09-30 10:44:00,2011-11-10 13:18:00,2,621.75
18218.0,2011-03-03 12:24:00,2011-05-12 12:53:00,2,662.08
18219.0,2010-12-06 10:05:00,2011-12-07 11:43:00,10,2069.77
18220.0,2011-04-27 09:03:00,2011-04-27 09:03:00,1,305.28000000000003
18221.0,2011-05-12 14:13:00,2011-11-17 14:40:00,5,1041.61
18222.0,2011-09-08 10:45:00,2011-09-08 10:45:00,1,443.0
18223.0,2010-12-16 16:42:00,2011-12-05 09:11:00,14,6484.54
18224.0,2011-03-21 10:30:00,2011-03-21 10:30:00,1,158.95000000000002
18225.0,2010-12-09 15:46:00,2011-12-06 13:27:00,12,5509.12
18226.0,2011-01-06 09:00:00,2011-10-26 13:36:00,11,5228.05
18227.0,2011-05-06 12:23:00,2011-05-06 12:23:00,1,93.75
18228.0,2011-09-21 10:48:00,2011-10-14 09:21:00,2,779.9
18229.0,2010-12-01 16:25:00,2011-11-28 09:48:00,20,7276.9
18230.0,2011-02-10 13:06:00,2011-11-30 13:22:00,7,2810.2000000000003
18231.0,2011-02-24 09:08:00,2011-05-31 14:18:00,5,2083.27
18232.0,2011-05-26 16:30:00,2011-09-19 11:49:00,4,592.97
18233.0,2011-01-18 08:44:00,2011-01-18 08:44:00,1,440.0
18235.0,2011-05-06 13:35:00,2011-09-29 08:27:00,3,1796.48
18236.0,2011-04-13 09:52:00,2011-11-10 08:06:00,6,882.24
18237.0,2011-07-28 13:05:00,2011-12-07 12:49:00,5,987.1
18239.0,2010-12-02 17:48:00,2011-05-05 12:38:00,5,1561.61
18240.0,2011-10-24 13:06:00,2011-10-24 13:06:00,1,422.58
18241.0,2011-05-06 09:22:00,2011-11-30 12:10:00,17,2073.09
18242.0,2011-05-10 11:20:00,2011-09-28 13:43:00,4,2232.49
18245.0,2010-12-19 14:58:00,2011-12-02 14:48:00,7,2567.06
18246.0,2011-04-20 13:55:00,2011-11-16 11:49:00,2,596.1
18248.0,2011-06-06 13:18:00,2011-08-09 10:19:00,2,804.02
18249.0,2011-11-22 15:07:00,2011-11-22 15:07:00,1,95.34
18250.0,2011-02-02 13:16:00,2011-02-02 13:16:00,1,349.27
18251.0,2011-09-13 15:03:00,2011-09-13 15:03:00,1,4314.72
18252.0,2011-06-21 11:47:00,2011-10-20 12:43:00,2,526.67
18255.0,2011-09-11 13:16:00,2011-09-11 13:16:00,1,103.3
18257.0,2011-02-16 15:13:00,2011-10-31 14:48:00,8,2337.63
18259.0,2010-12-08 13:38:00,2011-11-15 12:34:00,3,2338.6000000000004
18260.0,2010-12-16 18:23:00,2011-06-20 12:37:00,6,2643.2000000000003
18261.0,2011-09-05 09:34:00,2011-10-27 15:36:00,2,324.24
18262.0,2011-07-22 16:04:00,2011-07-22 16:04:00,1,149.48
18263.0,2011-04-01 11:48:00,2011-11-14 09:00:00,3,1213.16
18265.0,2011-07-04 15:26:00,2011-09-28 14:10:00,2,801.51
18268.0,2011-07-28 19:13:00,2011-07-28 19:13:00,1,25.5
18269.0,2010-12-08 13:53:00,2010-12-08 13:53:00,1,168.6
18270.0,2011-03-18 12:41:00,2011-11-01 13:57:00,2,283.15000000000003
18272.0,2011-04-07 09:35:00,2011-12-07 12:43:00,6,3078.58
18273.0,2011-03-27 11:22:00,2011-12-07 13:16:00,3,204.0
18274.0,2011-11-09 17:03:00,2011-11-09 17:03:00,1,175.92
18276.0,2011-10-27 10:54:00,2011-10-27 10:54:00,1,335.86
18277.0,2011-10-12 15:22:00,2011-10-12 15:22:00,1,110.38
18278.0,2011-09-27 11:58:00,2011-09-27 11:58:00,1,173.9
18280.0,2011-03-07 09:52:00,2011-03-07 09:52:00,1,180.60000000000002
18281.0,2011-06-12 10:53:00,2011-06-12 10:53:00,1,80.82
18282.0,2011-08-05 13:35:00,2011-12-02 11:43:00,2,178.05
18283.0,2011-01-06 14:14:00,2011-12-06 12:02:00,16,2094.88
18287.0,2011-05-22 10:39:00,2011-10-28 09:29:00,3,1837.28
