用户名,游戏状态,评分,评论内容,发布时间,设备信息
子余不吃鱼,玩过 4.9 小时后评价,1,戍卫新难度20多把不过，策划你自己过的去吗？玩啥不给啥这一块，真歹给你点点赞了。纯恶心人，300层叙拉古直接暴毙，你也就这样。是咱不配玩了,3 小时前,来自 红米 K70
提斯鸦人,玩过,2,卫高难模式数值设计尽显小作坊风范,修改于 4 小时前,来自 OnePlus Ace 2
赤色幽灵,玩过 179 小时后评价,5,塔防策略性十足 皮肤可白嫖 干员立绘很优质 抽卡有保底 这游戏可肝可不肝，选择性十足,5 小时前,来自 Vivo IQOO Neo6 SE
麻薯,玩过,5,安姐安姐安姐安姐我的天啊太美了伟大的yj正在创造不朽的神话,6 小时前,来自 华为ADA-AL00
和气生财钱包爆满,玩过 6000+ 小时后评价,1,我从开服第二年回坑开始玩，一直到今天，没有缺席过一天，满潜只有拉狗但周年基本不缺总会出，这不是问题， 最近出了卫戍协议，yj改了规则，增加了地狱难度， 然后我就开始拿不到核心了。 抱歉我很菜， 玩谢拉格拿不到初雪，维多利亚拿不到号角，叙拉古拿不到奥数蓝头发的那个，玩卡西米尔拿不到睡眠妹妹，玩阿戈尔拿不到歌蕾蒂娅，玩拉特兰(只有拉特兰是每次都出除非被颁，但懂得都懂，有时候被颁，有时候被抢，不是那么容易能拿到的) 这几天开了30把，没有一把是能够坚持到10回合，野队也只能区，这还不是最气人的。 唯一几把能够打到13回合的，核心永远是13回合出，不出意外，就是进入13回合自动刷新的那一把，必出初雪号角歌蕾蒂娅睡眠妹妹奥数蓝头发小莫。 yj，我谢谢你。 我不理解，我真的不理解。 对不起，玩了五六年的明日方舟，yj通过一场活动告诉我，我不配玩明日方舟，对不起，是我的错。 我永远会记得明日方舟给我的耻辱， 卫戍协议消磨了我剩余对明日方舟所有的爱。,6 小时前,来自 OPPO PGBM10
阿莫西林枇杷膏,玩过 306 小时后评价（总时长 307 小时）,2,卫最新更新的这个难度是什么史？本来就抓不到人凑不齐盟约还要在前五回合猛猛放奋怪恶心我，队友直接互相卡牌玩谢拉格的全发萨尔贡的牌玩叙拉古全发卡西米尔的牌，我盟约都点出来了为什么还是要给我我不要的牌？ ———————————————————————————— 新卫戍协议为什么还是要跟队友共享卡池？发牌全是乱的，遇到电表倒转的cs吸血的话自己阵营的牌谁都抓不到，而且电表倒转那些大部分到后期都转不起来，我要的牌全被他刷了，他转又转不起来打14回合也打不过，这是要干嘛？队友共享卡池玩拉特兰的抓不到拉特兰玩叙拉古的抓不到叙拉古，然后不玩什么阵营全刷什么阵营，为什么上期活动关于共享卡池的负面评价那么多这期还是要保留共享卡池？🦅🦶耳朵🐉是不是？,修改于 7 小时前,来自 Honor 70 Pro
猫猫,玩过 68.4 小时后评价（总时长 70.9 小时）,5,游戏太难玩,8 小时前,来自 PC 客户端
未知用户,未知状态,0,无内容,未知时间,未知设备
心乱飞,玩过 1364 小时后评价（总时长 1364 小时）,2,拉完了，要啥新意没啥的，单机游戏上限也就这样了,修改于 10 小时前,来自 Android 设备
未知用户,未知状态,0,无内容,未知时间,未知设备
Star painting,玩过,5,呃，可以呀，什么时候还我老猫,12 小时前,来自 Oppo A58
火树灵,玩过,1,终极进不去,12 小时前,来自 Android 设备
夭夭,玩过,5,好玩，只是前期对萌新不太友好，前期活动基本上都打不了多少，资源方面还是可以的，可以白嫖皮肤 2026年啦，算是半步老玩家了，这是我玩过所有二游中最不累，最福利最不氪的游戏，越到后面玩的越爽,修改于 16 小时前,来自 Vivo IQOO Neo10
青玉砚,玩过,5,挺好🌷,16 小时前,来自 Android 设备
偷一只猪,玩过 53.3 小时后评价（总时长 57.9 小时）,5,日常处理真方便，不像别的上班二游,21 小时前,来自 PC 客户端
A,玩过 865 小时后评价（总时长 936 小时）,5,给个好评吧，现在是真感觉玩不动了就当纯养成了,1 天前,来自 Vivo X200s
momo,玩过,5,朋友推荐的体验了一下，立绘什么的很好呀，就是机制有点玩不明白,1 天前,来自 Android 设备
老师好我叫刘同学,玩过,5,六年老玩家永远爱罗德岛,2 天前,来自 iPad 9.7-Inch 5th Gen
WRD,玩过 192 小时后评价（总时长 200 小时）,5,好玩,2 天前,来自 PC 客户端
黑漆一护,玩过,5,玩了六年了 真心觉得很好玩 明日方舟作为一个主游 可能不是合格的 但作为二游 他真的做的很好 他不会逼你去打任务关 做活动 也不会有强度焦虑 每个人都一样 在你没想到他的时候 他会安安静静的在那边等着你 直到你上号的时候 会听见你最喜欢的干员在主页喊你“你好 博士”,2 天前,来自 Huawei Mate 60 Pro
正襄,玩过 73.8 小时后评价（总时长 78.3 小时）,5,在众多二游里，有着不可替代的生态位,2 天前,来自 Huawei Mate 60 Pro
눈_눈,玩过 641 小时后评价（总时长 644 小时）,1,打卫单人都有bug，天胡局最后居然能直接卡死，BOSS不刷，计时还一直在。鹰角能不能测试好了再上线，第一次破防也是给卫协了。（该评论仅评价当时卫协活动，不作为游戏总体评价）,2 天前,来自 OPPO Reno12
洛木天风,玩过 4 分钟后评价,3,怎么说都弥补不了一点，进步不了一点的游戏体验,2 天前,来自 PC 客户端
拉普兰德的狗,玩过,1,800年不出一回联机，连个机还没有标记功能，导致队友疯狂卡牌，那奖励第一天都领完的东西了，你又不是像金铲铲那种吃分的东西，给大家爽一爽能如何？就非得哎，大家都得死。就强制必须大家有个保底的，或者你看谁高兴。然后让谁兜一下子，不然大家就都得死或者兜底那个也兜不住，来一堆破飞机。让大家一起看乐子。120级有什么用啊？你干原石多的一批有什么用啊？哎，在这个联机模式里，我就是不喜欢你，我就是不想给你爽，哎，那你就去死。,2 天前,来自 Vivo IQOO Z10 Turbo Pro
厌绪,玩过,2,终末地烂完了，本体能不能好好搞，我二游基本就玩这一个了，鹰角网络我恨你✋😭✋,3 天前,来自 HONOR AMG-AN00
User68564421,玩过,5,希望明日方舟越来越好吧！ 我是从测试服开始的，但我是断断续续的。 玩了那么多网游和二游，终究还是要回到明日方舟怀里玩才感觉到舒服。,3 天前,来自 Huawei Mate 60 Rs
꧁ 寒 ༒ 惜 ꧂,玩过,2,商城召唤都难获得有用角色，养了一堆角色不是卡主线就是卡副本，没动力了。销号重玩还要等时间给客服说也没用,3 天前,来自 Vivo IQOO Neo9
夫红,玩过 11.2 小时后评价（总时长 13.4 小时）,4,画风剧情都很顶，玩法不咋地，好在遇到打不过的关卡时可以借大佬的角色，话说官方能不能把助战角色改成有等级限制的，部分新手把自己练度低的角色弄上去老无语了，借个角色我还得一直刷直到刷到能用的角色为止，这类可以借别人角色的游戏经常能看到这种cs,3 天前,来自 Vivo X90 Pro+
谁啊这是,玩过 1997 小时后评价（总时长 1997 小时）,3,如果是喜欢这种类型，单纯想当个游戏玩的话，还可以。因为游戏本身优化了不少，如今借助战都不需要加好友了，并且新出的角色大部分都很强力，新玩家入坑只要跟着抽新角色很快就能跟上（反正我上一年开始玩的小号，现在常用配队和大号已经基本没有区别了） 如果是奔着剧情和角色来的，只能说非常不推荐👍🏻👍🏻👍🏻仅代表个人，我确实接受不了这种经不起推敲细节且每年都在不停地吃书的游戏剧情，某些角色异格更是如同换人，写的比很多同人还ooc也是无敌了，并且在因为剧情写崩烦得要死的时候还可以看到“我觉得写的挺好的”、“厨子闹麻了”、“没文化看不懂别评价”、“这种级别的文案都看不上还是退游吧”的绝美评论，社区环境体验非常梦幻。 不太介意这方面的话，倒是可以欢声笑语地接受新人设新标签新刻板印象，美美吃上鹰角网络官方文案这一高深莫测晦涩难懂小众独特松弛有度沉重现实的满汉全席了！因为我们明日方舟的剧情别的不好评价，文案量这一块确实是没的说👍🏻👍🏻👍🏻具体是又臭又长还是量大管饱要看个人了。 另外这游戏经常抄袭，各方面都是，并且闹大了道歉也不是在游戏官号上道歉。按理说应该是个大扣分项，但是国内二游基本上人均抄袭所以有点懒得喷了，嗯。。。。 。。很想问一句我等了几年的莫斯提马异格什么才能端上来，想到文案和美工忽然又有点畏惧了，这下真是最希望能在故事集落地的一集了，求求你少写一点吧,3 天前,来自 Android 设备
名,玩过 1200 小时后评价（总时长 1200 小时）,3,注册过终末地的手机号，注销后不能给明日方舟手机号换绑是怎么回事,修改于 3 天前,来自 小米24117RK2CC
挪威猫,玩过 3246 小时后评价,2,不出扫荡这辈子是不可能回坑了。,修改于 4 天前,来自 红米 K70
我心似水,玩过,1,干员区分难，各职业不好分清，太乱了 更大的问题集成战略要求全精二才能打，最低难度都过不去 ，基本没做平衡，属性溢出爆表， ☄️成长体验：,修改于 4 天前,来自 OPPO A11中国版
小朋友要开心,玩过,5,好玩爱玩非常喜欢玩，开服老玩家中间退坑了一段时间到avemujica联动才回归的到现在一直在玩,4 天前,来自 OPPO Find N6
未闻珂学家,玩过,1,打了一整把卫戍就没碰到5级以上的拉特兰干员。,4 天前,来自 Android 设备
赞美真理,玩过,4,四编，其实还蛮好玩的，如果不是要一直养成就更好了 三编，我知道问题在哪了，很多游戏都有刷材料升级环节，但！这个游戏过关需要的角色太多了，如果我要过一关推荐精英等级50的关卡，我需要刷至少8个角色的升级材料！！！而且很多关卡根据需求不同还需要刷特殊类型的比如特种啥的，我现在同时要搞十多个角色，每天就在材料本坐牢半天，然后打两关剧情，然后等级要求又高一大截，如此循环反复，真的很烦人 二编，剧情迷人就算了，毕竟看不看都无所谓。活动那些啥的，为什么要这么谜语人呢？根本看不懂到底在打什么，那些道具怎么用，然后关卡怎么打？然后就在那甚至新手教学也做的非常的迷语，为什么不能学习一下最开始的时候的关卡教学呢？那活动的教学写了跟没写一样，还需要我做阅读理解=_=，好好写字会死吗，说真的，读起来像中二小学生写的东西，编一堆高深名词，传达的有效信息为零。 一编:🤔玩了一周，刚开始很上头，后面逐渐失去热情。为什么过关到第三章那会就练度要求一路上升，打个两关就要去刷材料升角色，一刷材料体力就不够用，如此循环往复 顺便剧情也是很谜语人，左右脑互博，可能游戏就是写不好剧情吧，不过好歹这个可以跳过😑,修改于 4 天前,来自 Vivo IQOO Z10x
天羽,玩过 146 小时后评价（总时长 155 小时）,5,碰了这个游戏的那肝都有一点程度,4 天前,来自 OPPO A72
好你说的都对,玩过 365 小时后评价（总时长 369 小时）,4,可以入坑，虽然有点门槛，但舟最不缺的就是玩家的想象力,5 天前,来自 Vivo IQOO Neo9S Pro
豆沙面包,玩过 247 小时后评价（总时长 268 小时）,5,好玩,5 天前,来自 荣耀 X30
多弗朗明哥,玩过 6.8 小时后评价（总时长 32.1 小时）,1,这个评论不针对游戏；方舟的客服连AI都不如，不信的自己去测,5 天前,来自 PC 客户端
10086,玩过,1,太垃圾了一点都不好玩,5 天前,来自 Vivo IQOO Z9 Turbo
野治阡敔,玩过 170 小时后评价（总时长 171 小时）,5,凛冬异格快端上来吧,5 天前,来自 Vivo V2463A
天山冰痕,玩过 606 小时后评价（总时长 647 小时）,3,很不错的游戏，但是你游真限定能不能改一下，强的有点离谱又没法获得光馋人，还有属于是大方差游戏，抽卡体验欧非差距离谱,5 天前,来自 Android 设备
无尘,玩过,5,💃🏻立绘建模： 可以的建模都可以就是战斗画面，不是很好，就是纯看这个立绘和建模，就是那种纸片，我一八年被我同学带入坑的中间弃了好多年，也就两三年吧，然后现在又玩回来了，你是不知道当时那个数值非常的膨胀啊需要动脑子不像现在这种纯单通，不需要动脑的，那个时候流行基本就史尔特尔能使，也就之后免费送了个归溟也还行，也就我当时没有那种抽强力角色的概念，然后导致了我弃坑那段时间我没有抽，中间两三年还是登了一两回的，后来是因为我128实在承受不了了，然后把他删了，唉，现在最近玩儿也就是过年的时候下回来玩了，导致了我错过了，圣聆初雪，这种，这种不需要动脑子的角色，还有维神戴尔出的早，我没抽，当时也不知道怎么抽╮（╯＿╰）╭没有办法，之后六星也就几个能使，总的来说还是比较不错的，主要他现在出这个卫戍协议，我不知道怎么打，我还是不想动脑，现在这个游戏也就对新玩家比较好一点，对我当时那种精二芯片，还得通过打那个关卡过，现在不一样，现在打肉鸽就有，而且我当时还不知道怎么借角色，那种纯手操，打到第八章，直接废了，我打到第五章就不行了，我同学给我打到第八章，我不知道他怎么打的，但现在也好点了，我现在的话基本上也，三，40个六星吧，主要是看那个例会进战斗的话，不一定好看特效开不开无所谓，我一个60帧玩家，不跟PC端的一样，明日方舟不吃帧数还行，就是吃内存，我要是玩的久的话，可能耗我二三十个g，也算正常内存了，不像隔鸣潮，我同学都说他那个内存都到90多g了，比起这个还是比较好一点的。就是他这个角色复刻有点问题，那种光出新角色又不复刻旧角色的那种感觉，非常难受(╥﹏╥)老角色是复刻一波又一波，能不能有个自选？而且老角色强度不是很高，新角色复刻又遥遥无期，而且微信戴尔从我打的那一天到现在没见复刻过，我上线的时候没有见过，要不是因为刷视频刷到了，我还不知道有这个角色，还有什么祥子，联动的吗？我也不知道，唯一知道就是那个罗小黑那个四星，当时我也没看过这个动画，当然，我现在也不看，就看当时活动送的吧，也还算不错，只是可惜了，能玩儿吧，现在你要玩这款游戏的话，不想动脑，你就得六星角色比较多，而且还是那种强势的，就比如说过年，出的望，这个角色你要能抽到就非常的可以了，这个玩意儿，数值膨胀的非常厉害，除了打那种特殊关卡，不让用特种的那种角色的关卡，基本上能单通，现在单通的就那几个角色了，也就这个角色比较出的完美，初雪还要等45秒，这个不一样，这个上场就能摆，随便下棋，就是得手操，不像别的角色放上，直接挂机，但相比于他初始12费，已经够强势了，初雪零潜，还要24费，这已经极具高的性价比了，如果你要是满潜的望，直接十费出场，直接最快上场，就说这么多，应该没有什么补充的了，比较适合玩过那种策略的，适合玩，现在也就是老玩家带新玩家，没有一定基础，还真不一定会玩。,5 天前,来自 HUAWEI Nova 9
鹤仙,玩过 45.7 小时后评价,1,怎么说呢，一个游戏没有大保底，每次都歪真的会让人寒心,5 天前,来自 小米Xiaomi 14 Pro
~☂~,玩过,5,没有任何理解，全靠数值平推,5 天前,来自 小米Mi 11 Ultra
女部田郁子,玩过 16.4 小时后评价,2,理智太少啦,6 天前,来自 Android 设备
望岁朝心,玩过 76.1 小时后评价（总时长 76.8 小时）,5,好玩，爱玩,6 天前,来自 PC 客户端
鼠鼠文书官针眼,玩过,5,美丽的电子盆栽，不氪也能比较舒服，运营放国内数一数二,修改于 6 天前,来自 Nubia NX733J
河图.,玩过 373 小时后评价（总时长 382 小时）,5,我要玩一辈子明日方舟,6 天前,来自 Android 设备
九九,玩过 998 小时后评价（总时长 1000 小时）,5,💃🏻立绘建模：非常好看 💎资源获取：容易获取,6 天前,来自 Vivo IQOO 13
贝壳,玩过,5,真是太好玩了，还是明日方舟好玩，既没有激烈的竞争，没有繁多的每日任务，感觉每天上线不像是做委托，而是在享受游戏，所以都来玩明日方舟，,7 天前,来自 HONOR LYN-AN00
？！,玩过,2,3.19刷到新能了 好评 3.19刷不到第三只新能 差评 3.21发牌员我玩的是拉特兰 你尔多隆吗,修改于 7 天前,来自 Vivo S30
伶,玩过,5,准备入坑了，有什么值得注意的吗？,7 天前,来自 Vivo V2136A
淀粉肠本尊,玩过,5,好玩好玩，太好玩了！福利多，不肝不氪，新手入坑完全没有问题。,7 天前,来自 Android 设备
浮士德,玩过,4,如图，58级小登(正在攒抽抽芜拉) 先说结论:明日方舟总体属于超大杯中到上 角色:抽到即是完全体，没有专武，命座(潜能)提升蚊子腿，不用刻意去抽，养成也比较简单(就是有时有点缺材料，龙门币，经验，不过可以刷) 肝度:一般，我觉得不是很强(本人学生党基本没刻意肝过什么) 1改，游戏主线支线打完后长草有点难受，肉鸽与卫也玩腻了，建议玩家可以在长草期看看官方的漫画或者找一个新游戏玩，等到有新活动再上线,修改于 7 天前,来自 Android 设备
偏铝酸钠,玩过,1,qmndyj，卫戍30块不出一张有关羁绊的干员想干啥,7 天前,来自 小米22095RA98C
诗酒,玩过,1,纯狗屎最恶心的就是基建和材料一个概率掉落的材料刷六次就给一个什么机播玩意为了让你每天上班还要整个理智这种东西,7 天前,来自 Vivo IQOO Neo8
杨同志,玩过,5,这个游戏是我觉得手感最好的二游了好吧，属于是越玩越好玩的那种，前面玩崩铁觉得特好玩结果现在数值膨胀成啥了（但是剧情什么的都很顶的崩铁）还得是粥，也没玩多久68级了，这游戏我玩的算悠闲的了，干员什么的喜欢什么抽什么，也没什么压力。 总之，玩着很爽,7 天前,来自 小米2312CRAD3C
灰,玩过 837 小时后评价,5,2026.3.21 好像一年多没发评论了，回来写一写（ 卫戍协议真好玩啊！！！简直无敌了！！！！原本只是每天玩一把混奖励，我连电表倒转都不学的，就随便玩，就这么水灵灵的让我体验到了强烈的快感！我将永远拥护mrfz😡 zmd？不熟，你才是我永远的家🥳 —————————————————————— 心态记录： 最近的活动真的除了数值数值数值还是数值，打起来再没了之前的激情，现在关卡设计师都什么人物啊？又想要好好做吗？玩了两年多，两个号，我的热情真的在今年的活动里迅速消磨了。明日方舟对我来说渐渐的不再是一款独特的游戏了，无论是关卡设计还是立绘都越来越泯然众人，只剩下剧情音乐还有的一品，有些失望了，为什么不能多维持一会儿曾经美好的样子呢😔也就感情深，舍不得退坑了，这游戏现在我都不好意思再推给新人了。（这真是我发自内心的感受，不喜勿喷点个踩就走吧） —————————————— （看完4.5直播） 我的上帝啊，这皮肤还没有审稿吗？还是你们的审美已经降到这种地步了？还有新出的几个干员，只有2226和wan好看，剩下的都是什么玩意儿？四年多的二游不知道自己本职是卖卡的是吧？画那么丑想赚谁的钱啊？我都快恶心吐了。（别喷，喷就是你对，我就是觉得丑，不会买的，绝对不会买丑东西放我眼前天天恶心你不想干赶紧关服算了。 —————————————— 你最近发什么疯你最近发什么疯你最近发什么疯你最近发什么疯你最近发什么疯你最近发什么疯？？？你简直就是一坨似 —————————————— 3/28 你就给我仓检吧，你就给我使劲儿歪吧，从23年到现在歪的琴柳，白铁，泥岩（潜能），嵯峨（潜能），灵知，两个森蚺（潜能），帕拉斯，伊内丝。月月歪，歪***一整年，我再给你充一分我就是下见啊！连发限定不当人，扣信物扣黄票，吃相真恶心啊yj，要不是我沉默成本大，市面上没有喜欢的游戏，我早就弃坑了 —————————————— 8/25 给加两颗星，对这个游戏佛系之后，再也不恼火了，完全不在意抽卡方面，闲的没事打两把肉鸽，去生息抓抓宠物养养老挺快乐的。尤其是夏活那一波福利真挺不错的，补全了我唯一没有的老干员，送的精二券也挺好的。福利挺多，愿意改错的态度也很值得肯定。 另外今年夏活的剧情有点平淡？无聊？pv啊，歌啊制作都很出色，但是剧情显然把pv带给我的期待给迅速拉下去了，写的没啥大毛病，但就是不好看，没有去年的温馨也没有前年大前年的欢乐，文笔虽然是越来越口语化能看懂了，非常好，但是写的太白水跟那些最最最普通烂大街的网文似的，反正就是没意思，当然这是我的主观，你觉得就是好玩好看我不评价，你也别评价我。 立绘这方面，夏活这俩对我来说都不好看，剧情里那个黑猫，一个金毛盾妹妹，一个黄金狮蝎，哪个拎出来不比这俩好看？真是佩佩普通（至少namie的脸还算可爱，是能看的），红毛丑（真是哪哪都看不下去），下不去手抽卡。反正我确实只抽了送的24抽，一点不投入好吧，你舟的立绘真的是不稳定的很，画个有自己特色的美少女难如登天，每个明明有技术画好的画师来你舟这里都得起码端出一盆史来。 也就仗着我喜欢的那寥寥几个干员撑着了，哦还有对未来可能巨好看的剧情的期待，只能说希望你舟继续稳定运营下去，别总想整点乱七八糟的花样。 最后再说一句，什么时候加扫荡？你不会真以为现在这种方式玩家很喜欢吧？刷理智严重压缩了我玩肉鸽和生息的时间，烦的不行，真是难以想象我竟然忍受你这恶心的刷理智这么多年，还每一天都上线，真是要受够了😅😅😅 又想起来了，什么时候有PC啊？天天模拟器一点都不爽，感觉你们努努力是能做出来PC的，又不是跟刚开服那时候一样是个穷苦小团队了，努努力做出来好不好 ———————————— 9.19 尝试了很多二游最后都弃了，真是被舟的养成惯坏了（在夸），想来想去，我离不开舟的原因很大程度来自轻松的养成。希望终末地也跟舟差不多，养成容易点，抽卡资源多一些、容易获得一些，不搞武器池。我估计一辈子都搭在舟这个ip这里了（在夸）,修改于 7 天前,来自 Android 设备
Neferpitou,玩过 808 小时后评价（总时长 811 小时）,1,越来越难玩了，yj真让人失望。卫戍协议就是一坨有没有懂的,修改于 7 天前,来自 Vivo IQOO Z9 Turbo
🤔,玩过 1361 小时后评价（总时长 1375 小时）,5,我喜欢这个游戏,7 天前,来自 Android 设备
li,玩过,4,看图片想到一个问题，为什么方舟的角色可以同时长两双耳朵？,7 天前,来自 Android 设备
Asuka,玩过 1142 小时后评价（总时长 1146 小时）,4,今天在B站刷到几个剧情视频，想着去游戏里找活动去看完整的，然后翻了半天终于找到了，但是看了一会就看不下去了，，，果然还是刷刷视频得了,修改于 7 天前,来自 Android 设备
你第二,玩过,4,2026.3.21再编： 我才发现你游好像没有什么限时活动（甚至常驻）是不用战斗的。合着说明日方舟挑受众是这个意思。还在攒井box不深又没啥游戏理解的打起来就很痛苦 卡池太毒了。 限定池双up70%出率，指定一个当期up只能分到70%×50%=35%，300抽送一个当期限定，加可换一个往期任选，没有大保底机制可以一直歪，可能同一个角色溢出了另一个还没来。还有降井后的200井有时候感觉略显尴尬。而且限定池保底不继承。 联动池单up50%出率，120抽必出，没有大保底。 50抽开始加出率但是没有说60抽必出就是说或许最多可以抽满99抽（笑）大保底没有就不能这么算了连小保底都这么有弹性。 5星也没有保底。 虽然出率确实高一点（2%）但是一个队可以塞十多个人呢。 因为本人学生党攒玉攒得比较慢，就会出现这种情况：60抽，终于出了！😆歪了😐哎是双金😆又歪了😐燃尽了😭总之体验确实不太好。 关于立绘 很少有一眼看过去能爱上的角色（没有说不好看的意思，就是单纯对不上信号），但是不得不说，相较于其他游戏，粥的男角色比较对我胃口。（此人纯颜狗） 以及营销手段很能拿捏我了，我极喜欢买好看的皮肤 ，还有UI，名片之类的。 关于剧情 剧情为什么没有配音！（虽然我基本都是跳过的） 多卖真cp是对的。家产99。 关于关卡 从2-2就开始卡关的人不配说话。,修改于 7 天前,来自 Android 设备
末流而已,玩过,4,好多东西，好多概念，真的好复杂，搞不懂，萌新玩的一团乱麻，不知道要干啥，不知道怎么办,2026/3/20,来自 小米15
游戏品屎官:是木星吖,玩过,5,除了池子有点诡异，产能有点低以外，其他都很不错 【游戏玩法】 【可玩性】 【创新之处】 虽然是塔防游戏，但在玩法方面，鹰角时不时都在尝试创新，包括但不限于联机合作，联机踢球，怪物斗蛐蛐，联机多人版怪物斗蛐蛐，其中我最喜欢的就是肉鸽和危机合约，这俩我个人认为也算是方舟的招牌玩法了（虽然肉鸽好玩是好玩，但我肉鸽经常懒得打…） 【氪金平衡】 【平衡性】 没啥逼氪的，一年就出那么三四个限定，其余全常柱，干员很好获得，稍微肝一肝总会有的，而且潜能给的提升可以用蚊子腿来形容，抽到一个就是完全体，完全不用考虑补潜能，干员迭代速度不快，很多开服老干员到现在仍然能用，而且现在开局送的福利很多，零氪也能玩的很舒服 【立绘建模】 我个人觉得很多立绘都很不错（除了部分皮肤，特别点名批评新枝），全方舟共300个干员，你能想到的很多风格都能在这游戏里找到 【画面音乐】 音乐很不错，方舟的几百首曲子涵盖了各种风格，而且部分都非常好听 然后就是但愿一个月后的夏活，我能抽卡不歪吧，目前是母鸡卡联动想抽，夏活也想抽，抽卡资源紧张的一批,2026/3/20,来自 Vivo X9Plus
淋小伊,玩过 191 小时后评价,5,已经当休闲的游戏玩儿了，他的皮肤相当于可以免费获得诶，角色攒着到关键节点抽一次打的就很顺畅了，去年11月16日又开始玩儿的，被圣灵初雪的活动剧情给吸引了，结果下载完更新后，正好刚结束，难受的不行，期间就下过一次池子之后到年限，抽出来了几个很好用的干员，之后的关卡就打得很顺畅了,2026/3/20,来自 REDMI K80 Ultra
饮月,玩过,1,我真谢谢你，七十抽了都不出六星，出了之后发现歪了哈 服务器动不动就炸,修改于 2026/3/20,来自 OPPO Reno15
白色风车,玩过 45.3 小时后评价（总时长 146 小时）,2,不能保留多个登录账号是极大的败笔 非常不方便使用 每次切换账号都要重新扫码,2026/3/20,来自 PC 客户端
殇,玩过 84.5 小时后评价（总时长 162 小时）,5,测试一下我的游戏时长 os 加我好友！,修改于 2026/3/20,来自 Vivo X300 Pro
苏纵尘,玩过,3,🧝🏻‍♀️角色人设： 角色很多且大部分很有魅力这点没得说，拉普小莫夕德莱易绩我爱你们。 💃🏻立绘建模： 画师画的有好有坏，嗯对什么时候换掉霍尔海雅的画师 💎资源获取： 在二游里算是比较多的吧 🎮可玩性： 个人喜欢这种塔防二游，界园卫戍是完美的。对我是集批卫批。 聊聊官方: 史。yjwl我恨死你了。各种纰漏全都装死，不到闹大不会改，骗你的闹大了也不一定改。要不是我推和集成战略我绝对会打一星。平常就是官方美美装死玩家神人遍地，有节奏了就是玩家互撕官方隐身。内部爱的角色与内部恨的角色待遇差距真的很明显，我心疼我推和我。 以下为私人发泄:(发言涉及莫能cp向) ↓ ↓ ↓ ↓ ↓ ↓ ↓ ↓ 对拉普兰德好一点行吗，对莫斯提马好一点行吗，对德米特里好一点行吗，对莱昂图索好一点行吗，对叙拉古好一点行吗，对莫能好一点行吗，别再拆莫能卖快递莫菲了行吗，你还记得大明湖畔的莫斯提马和莫能吗，别再让拉普兰德替你的文案背锅了行吗,修改于 2026/3/20,来自 小米MI PAD 4
小君,玩过 1348 小时后评价（总时长 1354 小时）,5,这游戏很棒，现在63级0氪。5月1号玩的。我主玩推进之王，现在她精二30级，专精到9级颅碎击。公招出伊芙利特，也精二了。反正现在有6个精二。 虽然单抽银灰，但是我没有练。那次给我十连票，出了紫光也随意了。 希望能好好做游戏。这游戏氪金部分也是都是能得到。又不是一定要氪金。氪金了得到好的也不一定能快养出来。我很佛系。材料多再弄，我再升。 好了，希望下次保底凯尔希，拜托啦。我斯卡帝和塞雷亚和小绵羊池都是五星保底有些过分/滑稽/慢慢玩，我觉得这游戏真心不错的。干员迟早会有哈哈哈,2026/3/20,来自 小米15
烙馍,玩过 2.4 小时后评价（总时长 15.7 小时）,5,萌新入坑！玩了一会感觉还不错，剧情挺吸引我的而且感觉玩起来很轻松，抽卡机制有震惊到我，之前一直都是玩的米家和库洛这样机制的游戏，保底吃到崩溃。第一次接触这样的游戏还是很新奇的，人物立绘也很精致就是有的低星画风好像不是很一样，新手福利也好目前直接等级碾过去就行，目前我是当副游在玩感觉应该不用投入太大的精力，希望玩到后期不要骗肝骗氪就行,2026/3/20,来自 PC 客户端
666,玩过 136 小时后评价（总时长 143 小时）,5,为啥卫戍协议不给个锁血，海猫大出血时就少输一滴血直接嗝屁了😅,2026/3/20,来自 小米13
牧屿洲,玩过,5,刚入坑的纯新人小白，有什么游玩建议吗,2026/3/20,来自 Vivo IQOO Z9 Turbo
一妙龄少女竟对女装大佬…,玩过 592 小时后评价（总时长 601 小时）,1,玩卫戍协议刷初生怪不红温的是这个👍🏻,2026/3/19,来自 Xiaomi Redmi K60E
红豆茶泡饭,玩过 1444 小时后评价（总时长 1445 小时）,1,明日方舟爱杀熟 ↓真言池子吃了保底把周年庆搭上了，神人游戏还钱我要跑路了 ☄️成长体验：110级以后基本把游戏资源打完了，往后获取源石要么打关要么充钱，从母鸡卡开始彻底打完以后要买皮肤要抽卡基本上每期稳定充300+，鬼迷心窍到了极点的地步，想到我的人生有五年花在这个上面就扶额了 🎮可玩性：大部分都接受良好。神人界园DLC后体验感依然是屎，在把票券机制改回去之前不愿再打开，哈哈骗你的以后也不打开。 🔖运营服务：最爱装死的游戏运营，回避问题成为游戏公司惯用手段，这样的行为居然能被鹰小姐是自由的这句话轻轻带过。提纯最熟练的一集。 🌃画面音乐：这个没得喷。塞壬音乐加油。 二编：卫戍协议加油,修改于 2026/3/19,来自 Android 设备
地无私载,玩过 23.8 小时后评价（总时长 31.4 小时）,4,玩法比较劝退，资源给的比较大方。,2026/3/19,来自 Vivo IQOO Z9 Turbo
123,玩过 57.2 小时后评价（总时长 58.2 小时）,4,日常任务耗时短,2026/3/19,来自 Android 设备
九妖大王,玩过 67.2 小时后评价,5,好玩，人物立绘也很好看😃😋😋,2026/3/19,来自 Android 设备
Dyc,玩过 352 小时后评价,2,"上一个评论由于对早期不完善的模组系统的抨击失去了时效性，被大家所诟病。故删除重新整理发表。 目前模组系统趋于完善，由xy职业通用模+△（损伤）模+αβ特限模构成。但矛盾的是职业通用模亦不通用。有的干员xy模全有，有的只有x模，有的只有y模。 我认为目前模组系统最大的问题有两个。 1是落地模，首先现在落地模干员实机演示都是默认3级模组，也就是玩家抽到手后相比以前会多一个培养环节才能达到实机演示的强度。 出于心理原因，会认为付出了更多资源，却也只能获得实机演示强度，而无落地模干员少了一个培养环节，就能获得实机演示强度。其实很好解决，实机演示不带模组便可以解决这种落差。而且上线后新的模组还能让玩家感到干员上限相比实机演示获得了提升。以下是相关心理机制（ai总结） 禀赋效应 人们对自己已经拥有的东西估值更高。玩家一旦投入了资源，就会认为这个干员""应该""更强，模组作为""额外配置""被期待为增值项，而非基准线。 锚定效应 实机演示的强度成为心理锚点。如果演示带模组，玩家会把""模组强度""当作基准；如果不带，基准就是""无模组强度""。上线后的模组就变成了额外收益而非应有配置。） 为什么""演示不带模组""能解决问题？ 演示带模组时：玩家将""模组强度""锚定为基准，上线后感觉""没有模组就亏了"" 演示不带模组时：基准锚定在较低水平，模组成为额外奖励，触发获得快感 这利用了参照点依赖：人们对价值的判断依赖于比较基准，而非绝对值。 出于现实原因，游戏公司是来赚钱的，不是做慈善的，yj完全有理由增加更多培养环节，来增多消费点。而将干员本身强度拆进模组中是有效的操作，是值得怀疑的，而且有些落地模的提升不小。 ------------------- 2模组之间强度亦有差距。目前看来，其实所有常规模组都可以算通用模，xy是职业通用，△是增加损伤机制通用，但目前数量比较少，不太统一，比如vvan是把损伤机制加在了天赋里，其他的基本上都是特性里。所有模组加强特性部分几乎是同一强度，那为什么整体强度差距大呢？我同样给出两个主要原因。 模组不匹配。目前这么多干员通用模组怎么可能就适配所有干员？这也是通用模的局限性，所以我从以前就开始批判这个通用模组，但现在木已成舟，除了特限模组外，所有模组都是通用设计，可以说yj除了特限模组就几乎没有打算给干员量身定做模组。（yj一开始就是走通用模组设计的，只不过前期模组少，看不出来yj的设计思路，大家都以为是为老干员量身定做一个补强模组，实际上大家都误会了，这也是很多争论的原因。） 不愿给数值和机制。模组特性加成一样，但不同干员吃到的加成不一样，想要平衡强度就要从天赋加成上下功夫。但是yj在这点上很敷衍，导致模组强度没有平衡，反而加剧了。有的干员既给数值，又给机制，有的给一点数值，有的给一点机制。造就985模组和幽默模组巨大差距。 木已成舟的规定我们就不去打破，以下谈谈我的对模组系统新的展望。 目前一个干员最多就3个模组。最理想的情况就是一个干员3个模，x/y模+△模+α/β模（△模目前还少尚未定性，可以作为机制模为每个干员量身定做，从特限模可以看出yj是知道怎么做好模组的，但就是不想给强度。）。但鉴于一些干员已经同时拥有了xy模或者αβ模，我怀疑yj迟早要打破3个模组的限制（概率应该不大，老干员退环境后就没多少人关注了，出不出模组都没人在乎，除非超级模组，但没必要，不如出个超大杯捞捞钱），毕竟陈都二异了，yj是自由的，真要到那时，模组太多了，我希望模组能像技能那样等级共用。 ------------------------------------------------- 望的技能设计不是很符合围棋这一元素，整体设计没有异银好，纯粹数值，力大砖飞。我就不发表我的建议了，不然会被说：不要教玩家玩游戏，三国杀小作文，鸡蛋里挑骨头，你自己玩得明白吗，等等。 顺便附个练度，防止被一个自称没玩多久连年池都没见过的人说我不敢挂时长（骗你的，当时附了练度也被说），计时只是以前开过一段时间，因为除了拿来当老资历来怼人时别无用处，但大部分人也是挂出来的，因为以前不管刷啥只能挂着一次一次刷。 —————————————————————— 不是哥们，这卫戍比上次玩着还难受，盟约是多了，但是抽卡呢？半天刷不出来卡，连兜底都困难，速本更不敢，队友不胡根本兜不住，就算速上去也抽不到卡。还有touch策略那个小杯代码，有双精，我没协防时队友touch也没了，直接变预备干员（悄悄告诉你，touch还有可能被打死）。卡池大了，但抽卡手段还是没咋变，玩着有点难受，很多时候前6层连玩什么盟约都确定不了。 我也不知道那个boss是有多动症还是咋的，就这么爱到处跑，跑就算了，又要用1分钟慢慢从背后走回来，复活了还要停下来打一下，根本就没时间输出。 打boss死了不复活，bug还是费用不足？ 隐匿狙太恶心了吧，一出还是一堆。",修改于 2026/3/19,来自 Android 设备
hso,玩过,3,抄袭溶图一个不落，美美吻上zng再卖卖腐，你继续吧,2026/3/19,来自 红米K70E
🐾🦴 ⸝⸝,玩过 57 小时后评价（总时长 111 小时）,5,那还说啥了从初一玩到大一，明日方舟牛逼克拉斯,2026/3/19,来自 PC 客户端
damidami,玩过,5,明日方舟牛逼，原因请看下面历史战绩↓,2026/3/19,来自 OPPO A3 Pro 5G/OPPO A5 Plus 5G
咖喱鱼丸,玩过 192 小时后评价（总时长 263 小时）,1,卫戍乱发牌还有神人队友,2026/3/19,来自 Vivo V2507A
ahsijdbd,玩过 1096 小时后评价（总时长 1097 小时）,1,卫戍协议不给我牌，玩啥啥不给，差评,2026/3/18,来自 小米Xiaomi 14 Pro
桃夭tyw,玩过 631 小时后评价（总时长 650 小时）,5,社区神人多，单看游戏很好，千万不要看圈,2026/3/18,来自 华为P50 Pro
。,玩过 350 小时后评价（总时长 350 小时）,4,还可以。就是可能长草。,2026/3/18,来自 HONOR DNP-AN00
洋洋,玩过 13.4 小时后评价（总时长 25.1 小时）,5,立绘真的是最吸引我的一环，如果立绘好看强度又高，我真的能一直玩下去,2026/3/18,来自 PC 客户端
除了菜一无所有,玩过,5,戒了，已玩一年，非常好玩，,2026/3/18,来自 OPPO K12 5G
自律的肠哥,玩过 1805 小时后评价（总时长 1809 小时）,5,非常好玩，十分推荐,2026/3/18,来自 Android 设备
終程,玩过,4,前期的肝度有点大，资源获取也比较有限 但好在粥福利还是可以的，坚持玩真的能看到送了很多 可玩性我个人感觉还可以，美术和音乐也算做的比较好的一类 社区大部分人都比较和善，属于入股不亏的类型,2026/3/18,来自 Android 设备
维丝拉雅,玩过,5,爱玩好玩,2026/3/18,来自 小米24117RK2CC
来自星星,玩过,5,好玩，卫戍协议让我对象和我复合了,2026/3/18,来自 小米24117RK2CC
尾巴,玩过,5,2026/3/18二编： 卫戍协议2.0连跪14把，看来是我1.0被队友保护的太好了还能百冠… 我宣布粥铲铲是世界上最好玩的游戏。 一人血书卫戍协议2.0常驻。 2024/3/25是萌新博士一枚呀！ 1. 因为朋友给我讲了初雪的故事而入坑，恰好入坑抽到的一个角色就是初雪，很荣幸被她双向选择了。从这以后坚定成为初雪厨！从游戏入坑到现在她一直是我的看板娘，以后再有了其他喜欢的角色也没有换过。 2. 只要你喜欢小羊我们就是好朋友！抄作业时看到小羊的火山和点燃，觉得这个干员强到爆表，好看到爆炸，光速成厨，买了她粉色比基尼的衣服。始于强度和颜值，忠于艾雅法拉的人物故事。刚好她要进店，第一次认认真真攒了黄票准备强娶，习惯性地抽了几十发，她却直接来到了我的身边。小羊也是我第一个拉到90级的干员。但真正觉得被小羊选择，是在纯艾的池子。 时间线向前推数个月，看到了红蒂的立绘立刻一见钟情，我拿去问开服博士，得知她是限定后果断选择攒井强娶。但我算的抽是刚好300，如果下了当时的纯艾池就不够了。当时为了这件事还难过了好几天。但是！鹰角送给我的10抽+每天1抽，一共26抽（没记错的话），纯烬艾雅法拉直接来到了我身边。那一刻突然鼻子一酸，觉得被小羊坚定的选择了。她不要我付出任何就愿意来到我身边。 当时还是一个很穷很新的博士的我光速给梦羊2909，希望她可以知道，我也想尽我的努力回应她。 3. 井的300顺顺利利的换到了红蒂！我还记得她说：“她等这一天不知道等了多久。”我想说我也是，很开心你来罗德岛！看到你的样子，就觉得一切都是值得的。我一看到你就发自内心觉得喜欢你，一喜欢你就决定要娶你回家啦！我是一个攒不住抽的人，但是爱给我了很大力量，让我坚定不移地不下池子！ 4. 是被鸡翅养大的新手博士！新手池出的阿能，但是没过多久棘刺up就抽到了翅，从开荒到现在95级了，在编辑队伍的页面，下意识第一个还是要选棘刺。有些博士觉得棘刺是清杂干员，但是他是在我笨拙地漏怪的时候也愿意陪伴我的棘刺，来自伊比利亚的至高之术就是我心目中最最最最最最最最最超模的技能！！！我是个笨蛋博士，没什么游戏理解，没有棘刺我就过不了关。 5. 喜欢明日方舟！喜欢鹰角！喜欢所有支持喜爱明日方舟的玩家！喜欢初雪的大尾巴，喜欢小羊叫我前辈，喜欢蒂蒂扇人大耳刮子和唱歌，喜欢鸡翅的至高之术，喜欢林雨霞的耳朵和尾巴，喜欢凯尔希骂我，喜欢叔叔（虽然我还没有），喜欢羽毛笔叫我跑路，喜欢絮雨蓝色皮肤的小镜子，喜欢琴柳红色皮肤的大白腿，喜欢铃兰和服皮肤的两只小狐狸，喜欢银灰带的那只鸟，喜欢阿能的苹果派，喜欢一大堆打不完了，喜欢昨日原车！！！,修改于 2026/3/18,来自 HONOR 90 GT
晚卿,玩过,5,首先，推荐，好玩，前期要推主线解锁一下玩法，剩下的都可以慢慢来 💎资源获取： 获取难度低，到处都是可以获取抽卡资源的地方，抽卡资源也可以自己用基建手搓，但是只建议把所有资源拿完的玩家手搓合成玉(合成玉是抽卡资源) 💃🏻立绘建模： 好看，很多干员都很好看，强度高的干员也好看，皮肤完全是只要攒一下就能买到，老玩家想要的应该都搞到了，萌新也不用担心，很多活动关卡的资源都会进常驻 ☄️成长体验： 后面完全是上线清体力(有代理指挥)，基建换人，公招刷新就完了，每周一次的剿灭委托(合成玉)，平日里攒的资源规划好到了喜欢的卡池也可以抽到，前期一定要推主线!!不然没法解锁玩法和活动，过主线也会给很多资源，尽量不借干员打，不然开不了代理指挥(自动刷关) ✍🏻建议： 如果入坑，五星六星不要随便升级，除非真的非常非常喜欢，一部分前期白送的五星六星强度很低(少数强度还可以)，而且这些高星干员(五星以上)都比较废资源，新手资源真的很紧张，可以看看攻略怎么说，或者评论问也可以，不要给高星干员乱升级，四星干员有很多也用不着精二，到了要精二的关卡获取到的资源就足够抽强力干员了可以攒着给一些强力角色用 最后，我玩的时间并不算很长，但是也差不多是中期了(很早就玩了，但是退游了一段时间)，也就资源勉强够用(不够就用体力刷)，推关难度不大(本人懒得推)，一般的活动打一下获取个差不多的资源，也是属于养老了，遇到喜欢的角色攒一攒也是能拿下的 总之，明日方舟是一个到了后面很轻松的游戏，很多角色立绘都非常好看，xp党比较友好(老角色可能强度不在线了)，跟多角色都很好看，对我来说属于是极少数玩不腻的游戏了,修改于 2026/3/18,来自 小米Xiaomi 14
Canola,玩过 61.3 小时后评价,3,音乐得益于合作歌手乐队多，热门和小众宝藏都有 其中合作方热门多，曲风多样 对比之下，游戏里音乐存在感不高 更多在宣传角色 游戏也有一直出新内容 剧情嘛，高情商“还在持续更新，未完待续” 现在已退坑 啥时候加入一键扫荡就再加一星,修改于 2026/3/18,来自 Vivo V2505A
灰太狼,玩过,2,说句实话，粥这个卫戍整的老难受了，六本抓六费概率低的要死，20抽出不来一张体系六费，打一把谢拉格初雪找不到，铲子10级5费概率都有25，你六费牌更多你这么低概率你咋玩，别和我说精锐干员有高等级干员抓，4费买一费卖谁抓这么多废卡，叠层还搞限制，我拉特兰500层都打不过，你还限制上了？还有那个牌库，咋看咋难受，你就这么几个超大杯，有个共享牌库怎么玩？小登不知道库库抓强卡，老登库库滴经济已爆炸，咋玩？回答我😋😋😋,2026/3/18,来自 OPPO Reno15
过四,玩过,3,玩卫戍爽起来了给闪断更新了7mb,2026/3/17,来自 Android 设备
User647887895,玩过,5,出的戍卫联机活动怪物数值高的一批，牌是随机到老冯的，总体体验拉完了,2026/3/17,来自 Redmi K70 Pro
镯然,玩过 487 小时后评价（总时长 487 小时）,5,没啥说的，祝方舟的故事越出越好，想异格棘刺那样的别出现了，还有，卫戍协议给我常驻,2026/3/17,来自 Vivo S20
手机用户67869472,玩过 3.5 小时后评价（总时长 6 小时）,1,没植物大战僵尸好玩,2026/3/17,来自 Realme GT Neo5 SE
Akai,玩过 2252 小时后评价（总时长 2259 小时）,2,鹰角真是稳定的越做越差 生息演算也是 肉鸽也是 卫戍协议也是,修改于 2026/3/17,来自 一加手机12
玩游戏的猫窝,玩过 209 小时后评价（总时长 211 小时）,5,可以，值得一试,2026/3/17,来自 Vivo X200
w,玩过 2127 小时后评价,2,鹰角变了，还是我过分解读了？它为什么变的如此傲慢？为什么终末地里罗德岛的结局是这样？我真的不理解。 解释下我打差评的原因: 我对方舟这个游戏本身还是没恶意的，我很喜欢里面的角色，最喜欢的就是阿米娅，所以我是个严重的xp党，抽不出喜欢的角色我是真的受不了，真心的希望舟能把限定保底改一下，才打的差评。唉。 游戏性方面: 可玩性还是有的，有新手打算看看差评在入坑的可以玩玩试试，爆率够高这是优点，缺点就是这游戏玩的久了鹰角绝对会暗箱操作（比如抽卡概率）。 注:这游戏的游戏难度最近正在直线膨胀，新手谨慎入坑╮( •́ω•̀ )╭，若是三年前我绝对会强烈建议入坑，现在不好说，关卡机制和难度对新手来说玩的很不舒服，借助战还好点能打到ex。（想玩多看攻略也能玩，开局抽取强度角色很重要）。 给杠精的解释: 先别急着喷我，你自己看看zc攻略就知道了，以前和现在难度就是比不了，以前是修仙游戏主打清闲，现在是和上班一样头疼。 舟在温水煮青蛙，这样下去早晚完蛋，以前肉鸽的信物也不给了，连动态皮肤都不给了，玩家看在眼里也没挑你刺，你游就继续试探玩家底线？（指的是最近剿灭克扣资源的事）不知道的自己去b站看看。 个人抱怨: 哈哈哈哈哈哈哈！方舟你看到了吗？异环限定卡池百分百出，不可能会歪😃，有没有可比性？人家是百分之1.88的出货率。你游就继续吃老本吧，继续坑老玩家，压榨你游潜力，酒神和异w把舟的角色强度都爆完了，好样的👍，不知道的以为要跑路不做了（数值膨胀）。还有现在二游越来越卷，你终末地在不上怕就是没机会上了，终末地给我的震撼感已经消弭了。 战绩: 300抽没有黍300强换的 200没有限定阿能 最后因50抽没出酒神寒心退坑，故此留念。π_π 2000➕小时游戏体验不用多说了吧。 我收回之前的评论，舟一直再走下坡路，这个生息演算给我玩的浑身难受，各种恶心，比如回溯，我只想回溯到一天前，最少也得传送两天，反反复复，恶心，难度降低了也感觉恶心，我没空搁这继续闭眼瞎吹舟多好玩了。 再说抽卡，我抽卡300抽还没有黍，杀熟，肯定有杀熟，新手时期随便框框出，到110级后抽什么都是歪到离谱，令夕都出了，就是没当期up（我令夕潜能加一），给我气的一天都难受。 方舟陪我度过了我的人生低谷，我不想弃坑，但它把我往退坑推。以前方舟关卡设计伴随着有趣的机制，现在的关卡特殊机制全是对方的增益比我方要高。 总结：两年前我建议入坑，可现在……可拉倒吧。 目前为止还是三星，这次抽维什戴尔200抽才出一个，你是真给我吓够呛，我严重怀疑舟杀熟我又没什么证据，不吹不虚，这次活动挺好玩的就是现在的抽限定让我没300抽都感觉不稳。 这次周年庆，200抽没限定，舟你干的好啊，杀熟，这游戏没杀熟我都不信，我是越来越想退坑了。 累了，退坑了，玩了三年了200抽没有限定阿能，亏我还为了情怀买能天使的198皮肤，累了，今年的舟我是真不行了。 反驳我的拿出点真材实料的证据来，没话说就闭嘴吧，限定三百抽保底不合理就是不合理。,修改于 2026/3/16,来自 小米 15 Pro
拉普兰德天下第一,玩过,5,"20260316 加强圣葬人，还有，界园的深入调查怎么这么难 20260306 矢量突破#2的活动还不错，因为很多老干员都有上场的机会。舟舟，你要是肝一点该多好。特别战线可以多一些关卡的。 20260303 不喜欢电弧这种练度绑定肉鸽的干员 20260213 就不能出个扫荡吗？ 20251226 引航者试练太麻烦了 20251218 加强夕😈 20251122 玩卫戍协议好像会导致手机发烫，可是我这是新手机呀。一局下来烫的要命。😓😓😓 20251116 那个什么什么协议也太难了吧。 20251110 希望异格夜刀可以复刻，希望阿米娅的以后的异格形态可以更强，提高上场率。 20251108 如果促容共竞可以常驻就好了，挺好玩的。刚刚井了异格拉普兰德，如果方舟可以出永久卡就好了，我一定会买的。 20251029 八个波次还是太长了，四个波次还差不多？ 20251022 特级赛的boss机制真的太恶心了，打过一遍之后再也不想打了。 20251020 加强锏和深海队 20251016 H关也太难了吧？ 20251006 促容共竞比较好玩 20250929 加强圣葬！ 20250927 不太喜欢次生预案，因为这个模式要精二一个干员太难了，还有，奖励有点少 20250918 加强卡涅利安 20250903 能天使和山能不能出个动态皮呀？石头不够可以用钱买。 20250829 希望方舟可以和狐妖小红娘联动。😂顺便加强菲亚梅塔！ 20250814 危机合约，好耶 20250809 希望练的四星和五星有机会上场。 20250730 加强羽毛笔 20250720 当初克洛丝皮肤没买多久就出了动态皮 20250715 界园好难 20250705 希望养的4星有机会多多上场 20250618 期待yj官b互通 20250505 好想穿越到8号下午 20250426 玫兰莎如果可以出六星异格就好了😊 20250424 星熊一皮和号角皮肤好看！ 20250422 许愿一个归溟幽灵鲨，促容共竞真好玩！ 20250411 换了ins 20250304 ins快点进店 20250214 想你了，rua牛，新合约ui不如老合约 20250208 歌蒂一皮真香，嘻嘻 20250130 促容将复刻，还愿 20241202 希望促容复刻 20241123 好非 20240709 这产能，憋这么久就憋出一个故事集，有病😊😊😊提丰这么丑的皮肤还放游戏主页宣传，呵呵了~😈😈😈 20240707 铅锞厨无话可说，这小人给你要不要嘛😅 20240703 鹰小姐，你险途里面有模组块奖励，我讨厌你。该不会你自己觉得这个生息演算模式很受欢迎吧？不会吧？不会吧？(无比恶心)一星分期付款。还要看录像带，天天搞基键宿舍换班搞得跟服从性测试一样，等圣葬和奶羊的皮肤不知道要到何年何月？ 20240701 yj，你把七月的战争浪潮弄得好难，许愿一个归鲨。。。 20240619 歌蒂第一个皮肤出来的时候我之所以没买是觉得还差点意思。现在第二个皮肤一出来，我突然发现第一个皮肤其实也差不多挺好看的。至少一皮特效甩二皮几条街，动作也是一皮的流畅。话说回来这个二皮的眼睛👀不改吗？这已经不是丑这么简单了，这也太″惊悚″了吧，YJ，你想用这个二皮吓死人也不用这么明目张胆的。大🉑不必！！！！我每次点开商店二皮眼睛吓一次。。。 20240617 如果52早点出，促容就可以带他玩了，yj你真的是。唉😭😭😭😭😭让促容常驻吧！！！！！ 20240614 又长🌿了~联动皮可以做动态？？？？深海队近卫占比太大，缺乏功能性，yj。下面照片这张夜莺皮肤真的不卖吗？可以出一个四星深海猎人给所有深海猎人阻挡加一？？？😈😈😈我觉得促容这种合作模式不要设计的太长比较好就时间上？七个波次太要命了 20240613 要是以后打促容可以有奖励模主块也不错的？？？？我记得我刚入坑的时候只能一次喂40张经验卡现在这个喂经验的优化得差不多。莱伊需要一个自动放沙地兽的模组，比如第一枪打中怪自动放沙地兽，配合二技能挂机？深海队一半都是近卫。。。 20240612 希望下个限定不要再井，因为已经被五二榨干了 20240610 ㊗️大家端午节快乐🌾不论甜咸，团圆是最好的馅，端午节安康 -------------- Skade画师，永远的神~52吃保底才出，差不多吧😇😇😇😇，扣一⭐，一天赋下毒，希望模组可以是百分比回血，哪怕半血上下都是1%都比固定数值好。 虽然现在玩方舟没有当初那种""初恋""的感觉。就是没有当初那种心情又澎湃(音乐使我心情澎湃😳😳😳)又激动(急，什么时候发饼😝😝😝)又好奇(下面会出什么怪呢😬😬😬)的感觉，现在已经变得比较平静，佛。 但是粥确实是一个比较值得慢慢去体会的一个游戏，音乐也好，剧情也好，都是很需要耐心地去体会。哪怕是再急的人玩了这个游戏都会变成比较慢悠悠的性子吧。 总的来说五周年总算是解决了一些问题，比如签名什么的但是仔细想想这些问题差不多应该早就解决？😓😓😓不要留的这么晚。(硬拖)这些问题我觉得都不应该称之为""福利″了。我比较庆幸的是😊😊😊，(我也忘了具体是什么时候？)总算是可以扫荡剿灭。因为我是比较早入坑的那一批，(2019.05.21入坑，刚好是在我生日的前一天，所以我记得很清楚，俺有kfc伊芙利特的皮肤😘😘😘😘)然后中间也有淡坑过，现在只能说是差强人意吧，因为以前一局剿灭的时间是真的长，比裹脚布还长，关键是一周要挂五局左右。。😂😂😂😂 我相信没有人喜欢看录像带而且还是重复的。当然如果是不重复的，那说明代理翻车了，那更惨😋😋😋😋。 鹰角，真没必要把医兔的一技能技力(70技力50持续)也限制到差不多只能一局开一次，😖😖😖😖😖😖😖😖当然一技能是可以开第二次的，但是你第二次技能还没结束这一局差不多就结束了。。😅😅😅 再说医兔二技能，本来一局只能开一次就已经很伤了，😭😭😭😭但是吧为了符合人设我懂你？😯关键她还刚好是咒愈师。攻击不到就不奶了，这样看来二技能的发挥就限制很多。只能肉鸽拿来玩一玩差不多这样子的，毕竟便宜。。😍😍😍😍 20240609 最近的干员总是要合成晶体电子单元😡，它就必须要合成炽合精块😡，要合成炽合精块就需要研磨石😡，我真的好缺研磨石😡。yj你怎么看？？？😈😈😈更缺模组块😡。顺带一提，其实现在还没有主线扫荡功能其实是很不好的。刷材料都觉得ex，😒在线时间真的有那么重要吗？抽卡这方面已经歪到我佛系了😏😏😏。但是这些小优化什么的也做不好。。。五周年(我19年入坑的，这就意味着我看的录像也看了很多年了。)。鹰角，你不是小作坊了。 20240608 不知道还有没有人记得这个干员？卡涅利安，比水月还要没存在感的干员(当然，我希望水月和卡羊都可以翻身把歌唱~)😨😨😨😨还有雷蛇~医兔两个技能都差不多上不了场~ 20240607 梦见夜刀复刻了~不过梦一般都是相反的吧？那个梦有点诡异，可能是因为我没有什么记住现实班里的同学的名字，所以那个梦里面就是上物理课，然后大家很多人都没有到教室，看起来就像是很多人迟到了。然后我为了不迟到找到自己的教室也是花了很久的时间，然后一到教室之后物理老师就把我同桌的笔给砸了，扔前面说这笔是谁的，怎么可以用红笔。 说起来最诡异的就是梦里的高中的厕所跟现实是不一样的。我记得无论我初中还是高中，现实当中厕所都是隔间，梦里面竟然是贯通的然后当时我也有一丝疑问(・_・)ヾ。希望yj联动鬼泣~ 20240604 又长🌿了~今早到明晚，是个漫长的过程~希望焰影苇草可以出一个比较好的模组。 20240602 纯艾和圣葬还没皮肤？？？？？？？🙈🙈🙈🙈🙈。。蚌埠不住，因为我没空弦，所以蓝毒还是可以差不多用用，但是白金已经很久没上场力，除非道爷上了~益达持有率很高，因为好友差不多都挂了~为了模组块才打的保全，差不多不是很喜欢~促容不错的，只是优化差不多不是很好~很喜欢😍肉鸽和生息演算😋~总之上面几个都差不多比连锁竞赛强~ 20240601 感觉今年极可能不只4限定了？ 20240531 求夜刀复刻，和鬼泣联动，看录像带还是建议优化一下，要不是我有两部手机，有时都懒得登。。。紫票不太够用。。不知道yj考不考虑出四星的深海猎人😋😋😋😋很久没有出大概率掉研磨石的活动关卡了，我特别缺，概率掉落也没有~😈😈😈 赫德雷特别需要一个皮肤不要变成独眼，我看到他的一只眼睛好像差不多是受伤的，特别心疼。希望如果他出皮肤就不要眼睛受伤~ 20240529 yj，希望角峰出异格，大家什么事情都会做的~😬😬😬😬😬😬😬😬😬打促容时我带的散装深海队，如果三队长早点出就可以带他一起玩耍了~ 20240528 促容共竞图有点少~ 20240527 yj~但凡你那个号角模组让一技能充能三次，我都愿意开。。。🐭🐭🐭 20240520 促容共竞的图太少~yj，让促容常驻吧，大家什么都会做的。匹配了很多次了，怎么匹配不到小萌新？？？😈限定以后感觉会越来越多~~~不祥的预感~😬😬😬一个模组块都没有了~为了开了益达的模组~只能等下个月红票商店了~我促容不带益达~ 20240519 可不可以让角峰异格捏？让夜刀复刻吧，最好再和鬼泣联动😈😈😈😈 20240517 我觉得这个模式比连锁竞赛强太多了~话说能不能出一个功能就是可以显示队友的费用的？哎我觉得干脆取消借费的功能好了大家都带先锋。😅😅😅 20240517 话说为什么老是闪退呀这个模式有毒啊我是刚买的手机还老是闪退。我觉得这个模式如果多多优化的话还是可以常驻的，闪退是一个方面，然后还有一个方面就是别人w的祖宗老是挡到我放干员。😓😓😓可以把缪维阿禁了，或者只禁阿的2、3技能。 早上本来都匹配到一个很厉害的大佬结果闪退了。yj你懂我的心情吗？而且那一关刚好是我没有打过的。小蝴蝶🦋表示很难过。这个模式好好优化一下可以像肉鸽一样常驻的。毕竟社恐也要挑战一下自己，不能没有看到对方也那么社恐~而且匹配到的很多大佬都挺厉害的，就是双方老是选到重复的干员就比较🥚疼(ᗒᗣᗕ)՞。 20240516 联机真的大可不必。infp表示很社死，，而且暂停的时候还怕别人等。然后还要让别人看到自己的下饭操作。我真的栓Q 20240515 小莫有模组之后降费用了，W只要25费，希望未来水陈的模组也可以降cost~ 20240429 我之前看到另一个游戏就是他降井了，然后不出一年就关服跑路了~所以我那天在看yj直播的时候其实看到降井这个消息第一反应模式有点慌，并不是高兴~而且结合异格W数值膨胀~不是阴谋论，，，就是听说过一种观点，数据膨胀不是会缩小游戏寿命吗？这样结合起来看。。。我不好说，希望这个陪伴我五年的号不要那么快大厦将倾~ 20240312 生息演算商店代币通货膨胀了属于是 20240310 看了自在道爷的视频才知道宝宝模式怎么开，已经过了战争浪潮，改回5星。虽然艾拉吃保底了，但120抽也不贵。我这个万年不买皮肤的碎石抽卡党买了艾拉皮肤！因为极可能绝版！！！ 20240308 出的生息演算为什么这么难，给两星 20231023 深度调查做得好，作战失败我以为要重开，结果还是过了。今天打了一整天方舟，量大管饱。😂😂😂",修改于 2026/3/16,来自 Vivo IQOO Z9 Turbo
是嘛,玩过 4839 小时后评价（总时长 4845 小时）,2,25/3/16 不建议新手入坑 ---- 24/8/1 最最最最最最最最非的一次，206抽四个六星全歪，佩佩没有娜仁图雅也没有甚至往期限定也没有抽到？我抽的是限定池还是普池？ 24/3/7 六星歪两次，第一个六星还是第六十抽才出 100抽还没出 这这这 ---------------------------------------------- 23/5/13 全是塞尔缪斯一次没歪我谢谢你啊，鹰角 ---------------------------------------------- 23/1/31 沙中之火是什么比模式啊，nnd不好玩就是不好玩烂完了，鹰角就是大** 130抽两个六星还全歪了，你可真会up ---------------------------------------------- 22/8/26 无语这个领航者试炼就开一周？nt一样的设计 🖕🏻🖕🏻🖕🏻🖕🏻sb鹰角sb明日方舟 ----------------------------------------------- 22/8.11 中规中矩的一次夏活这次总算是没有大节奏了。 难得 -----------分割线-----------分割线---------- 不是很喜欢新模式，4个部署位+叠buff有什么意思？还有给的那点升级模组的材料少之又少，一点玩下去的动力都没有😡！,修改于 2026/3/16,来自 小米Xiaomi 17 Pro Max
思,玩过 15.8 小时后评价,1,新手福利太少了，不建议新手入坑,2026/3/16,来自 Android 设备
Windy（反小鬼串子）,玩过 393 小时后评价,5,作为一个三年老玩家，说说我自己的感受 🎮可玩性：策略深度拉满，玩法多元耐玩。整个游戏有塔防加策略的组合，老干员（如银灰，史尔特尔等老六星）靠模组。或专精长期可用，无彻底淘汰。养成简洁清晰，没有装备，铭文，词条。材料可预期。 美术：立绘，建模，皮肤质量高，暗黑末世加科幻工业风格统一，辨识度拉满。 音乐： OST出圈，战斗与剧情BGM氛围感强。主线与支线有深度，聚焦感染者，势力博弈，角色塑造立体，无绝对善恶，二创生态活跃 🔖运营服务：日常，剿灭，活动每周约五抽，首通给源石（用于买皮肤），闪断更新也有补偿。福利友好，零氪，微氪能玩。无强制社交与pvp，无排行榜，工会压力，碎片化友好。活动与主线持续更新，老活动可补拿奖励，角色靠模组回温，数值膨胀慢 不足：长草期严重，内容产出慢。抽卡成本高且易歪，养成资源消耗大。交互匮乏。无扫荡。部分章节拖沓，过长冗长选择影响小。 ✍🏻建议：优化长草期内容，增加常驻趣味玩法。改善超卡与养成体验，降低重复消耗。持续优化性能与画面流畅度，完成新手引导，降低前期门槛。 总结：整个游戏的优点是策略美术，音乐，福利与长期运营的标杆。不足之处集中在长草，抽卡，养成，操作与新手体验。如果官方能对这些不足之处进行改进，那会对那些新手的体验会更好 不知咋地，现在TapTap的社区环境变得这么差，发个评论都有人恶意攻击，真不知咋整的，所以我看到那些发恶评的直接拉黑,修改于 2026/3/16,来自 OPPO Pad 3
User20470303,玩过 1051 小时后评价（总时长 1271 小时）,1,我不清楚设计师想抄又抄不明白，缝合又缝不会，非要把两家之短集合在一起才觉得是天才之作是吗？上次卫戍不管是机制还是模式底层就是一坨，缝合炉石和下棋元素，非要把共享卡池这种神人东西加进去，谁知道哪个神人队友卡你牌又不玩相关阵容，卡池发牌我不相信没有检测机制，现在卫戍回来了，还是一样的沟槽，只是说比上次舒服一点，纯老ass了玩了那么多年，少有红温时候，,修改于 2026/3/16,来自 一加手机12
轻言,玩过,2,第一版卫戍协议300奖杯，这第二版让我体验到了玩啥啥不来，好玩捏，如果你认为的难度提升是对概率的下调，那你赢麻了,2026/3/16,来自 小米 15 Pro
路过的呱太,玩过,1,界园诗人做出来东西？设计师我真是爱似你全家了。密码的傲慢之罪。😅😅😅 更新：打明白了之后也不是不能玩😅，但是还是感觉没以前的肉鸽那么好玩； box比较浅的，练度不高的，比如星熊，EW，本期特限干员，只能坐牢，除非你是m。 2026年1月10日：依旧傲慢之罪！！！ 终末地要是不好玩的话，你tm就等着吧！ 2026年1月23日：我之前说的啥😂，不是哥们，你来真的啊？4.1分啊！外服都炸开花了，别拖着我明日方舟一起似啊😭😭😭 2026年3月16日： 密码的sb策划，这卫戍协议二期诗人做出来的啊？劳资都懒得一个一个喷了，玩过的自己清楚，SB玩意，依旧傲慢之罪！！！,修改于 2026/3/16,来自 Vivo Y78+
人生旅途的岔路口,玩过,1,养成太肝了,2026/3/16,来自 小米Mi 10 Pro
纵横枫华,玩过 10.7 小时后评价（总时长 28.2 小时）,1,自动长按是几个意思，甚至还不能关,2026/3/16,来自 PC 客户端
六月,玩过 69.3 小时后评价（总时长 77.9 小时）,1,新卫一坨答辩，把旧卫的爽点砍了个遍，yj你是不知道玩家玩游戏就是为了爽吗？玩的不爽还玩什么？每回合叠层还有上限，现在也就拉特兰和炎好叠，炎还非要靠投资人，给正常叠层的都封死了就留个电表倒转的空，拉特兰新卡塑心也是意义不明，阿戈尔上赛季就没伤害还不加强，叙拉古不触发被动叠再高都是一坨，再说发牌员，检测到你玩什么阵容不管你经济有多高都不想给你，我10回合6本每回合有20多块钱刷到见boss都没有新能，一直给那个意义不明的塑心，潘格尼尼也是70%左右给搅拌机。再说借干员，说什么对新玩家友好，其实上赛季借不全干员的这赛季依旧借不全，说不定差更多，毕竟这赛季加了很多角色污染牌库。玩了几天给我和拉我入坑的老登玩的一股火，最后时长是因为我不怎么用手机玩,2026/3/16,来自 华为BRA-AL00
云墨丹心,玩过 1454 小时后评价,1,首先就是，有些老登，嘴脸太过分了，最新活动卫戍协议，作为新手居然玩不了？你们借20个自然就可以了，你有没有想过新手借20个远远不够。设计师是啥子，你们也是吗？ “还在新人还在新人，每出一个活动就在新人，这就是我们明日方舟的拉新啊#(太开心)” “它做的所有模式唯一目的就是赚钱，全免费它做慈善？” 那他要联机干什么？为什么不做成纯单机？联机，难道队友每一次看着我漏一二十个怪？心里很爽是吧？从大概第四关开始漏到尾，根本拦不住我。只能让博士多吃点。 更有甚者，“爱玩玩不玩滚”，甚至更离谱的是直接翻我以前的帖子，居然还会查户口，我玩别的游戏从来没被查户口过，只能说，算了，我也懒得评了。 我只能说，祝你们幸福，老资历还是太可怕了。 甚至我在主吧发帖子，直接就被拿下了，我只能说你可以在任何地方吐槽明日方舟，除了明日方舟的贴吧。 设计师和老资历这组合技真的给我打蒙了，有当年某2字游戏的风范。 其次就是关于膨胀没膨胀。我经常玩牢队伍，我当然能感受到膨胀，因为以前你用老队伍打适应机制的话，也是能轻松打过了，现在拼尽全力还得凹很多次，完全可以称得上膨胀了。 而且膨胀幅度还不小呢，我们拿现在的肉鸽举例，以前萨卡兹刚出我甚至敢用随机干员开，但是同样的情况，我根本就不敢用界园随机开，因为一般干员精一根本打不过洞内作战只能走洞外，但是走洞外你又打不过三层boss，直接死循环了。 如果一个说明不了问题，那么我们就得论一下日常了，日常就这这几次出的雪山，未许之地，用牢干员根本打不过，我分析了一下，不光是因为对面限制干员部署，从底层机制要求干员的强度，必须能一个相当于普通两三个干员才能玩，更重要的是对面怪物的数值根本点不动，最典型的都是对面那个会飞天的树，撞谁谁死，等效无阻挡或者只能拿那些超标干员来挡。 在部署位严重紧缺的情况下，单干员的数量已经完全跟不上机制的膨胀，设计师逐渐忘却了自己为什么受玩家欢迎了，转而开始，提纯结晶了。 日常其实很多关已经没办法靠堆人数的打年糕玩法和缺干员时候借干员。可以很轻松的，或者正常打过，咱不说轻松了，就正常打过都难。甚至好多关都需要以前单核攻略的博主用双核了，更别说他那个双核还是用很多新时代干员，这还不能说明膨胀的话，那我无话可说。 新手入坑就倒欠好几个限定干员，活动一出，再一看别人的攻略，好多都是限定，什么展业星雄呀？什么维时戴尔啊，什么的我真的没话讲了。 作为新手的话，如果你能在一年之内攒出来八九百抽的话只抽限定，还是可以放心入坑的，否则能跑多远就跑多远吧。 下次别人要问我这游戏适合不适合入坑，我肯定要点的是不适合。不是一般的不适合，而是老资历和设计师的组合拳，太可怕了，以及膨胀太恐怖了，你作为新手抽卡压力真的太大，每天跟还贷一样，苦苦攒抽就是为了最后能井几年前的限定超模干员，然后被鹰角出下一个限定直接背刺。,2026/3/16,来自 Android 设备
醒忄人,玩过,1,这期卫戍协议是啥，多出两个阵营，卡池里角色这么多，我怎么抓核心干员，还给叠层加上线，本来我核心干员来晚了一轮能叠好多层，现在核心叠层干员没来基本boss都打不过，你要给叠层加上限，你就给我5阶核心干员来早一点，运气好10轮以前能出核心干员还有的玩，后面一点来完全玩不了，你卡池这么大，我对子也不好凑，核心干员也不好抓,2026/3/16,来自 Android 设备
洛,玩过 588 小时后评价（总时长 617 小时）,1,真没招了，选什么阵营一定是不来的，别的是一定要来恶心你的。没招,2026/3/16,来自 小米24129RT7CC
洛,玩过 275 小时后评价（总时长 321 小时）,2,给我抽破防了，次次吃井，连续两个池子70抽出一个红是什么意思？呼叫塔台，申请老冯起飞，还有能不能别给我来肥鸭了呀？,2026/3/16,来自 Vivo V2012A
河狸狸狸,玩过 434 小时后评价（总时长 435 小时）,4,2026.3.16 网上节奏看看得了，谁不想睁眼就急头白脸开始卫呢（bushi） 其实没想到yj真敢让德米特和莱昂卖这么大，不过社区接受度还算良好？偶尔有点不和谐声音但不是主流，事已至此许愿托兰上岛。 已严肃开卫！对了阿戈尔什么时候出大狙，总不能对空真全靠深巡吧？！ 哦话说回来别招你那校对省队国家队了，反正玩家会第一个发现问题，每个月给玩家发3000合成玉算了。 2026.2.10 今天春节活动开了，终末地也出来了一段时间了，这次两位干员的ep都做得非常不错，我十分喜欢！尤其陈的最后那几秒美工设计，真帅啊。 2025.12.26 yjwl你好，没别的意思，就是最近（并非最近）错误百出，所以想问一下，是打算放弃明日方舟这个项目了吗？🤔 2025.12.23 阿米娅生日快乐🥰 然后我不是棘刺厨子，也不想说内部恨啥的，但是明日方舟确实是最大的略棘区这个没得说。恨还有人天天念叨“在意”呢，棘刺就是完全没人在意感觉😅 一编： 23年4月入坑的，这个游戏的优点是玩法有趣（塔防类），愿意不断推出新的模式，肉鸽很好玩，卫戍协议也不赖，虽然最近搞了很多联机模式，但总体来说对单机玩家还是很友好的；平面设计很优秀；音乐总体质量也很不错；剧情不说多好但还是有几个ss写得不错；对零氪党也比较友好，抽一个就是完全体，除了限定抽不出来的也可以等歪或者黄票换；强度膨胀目前有点苗头但也还能接受；然后音律联觉也办得很好👌🏻 缺点主要是神人运营，之前没入坑但对多索雷斯略有耳闻，太远的事情懒得说了，挑一个最新的，复刻把棘刺星级整成五星了，我不是厨子都气笑了，本来棘刺异格剧情，人设，强度包括皮肤在社区评价就挺不好的，后面又有香蕉姐和银灰的强度舆论，你这么一整，我真的哈哈哈哈哈哈，我也不知道该说啥了，不会真以为笨笨yj和草台班子是在夸你吧。虽然说这是一件很小的事情，乐一乐也就过了，问题是从我入坑关注官方公告以来都不知道乐了多少回了，shimingzi我还没忘呢，班上发个消息@全体成员我都还要核对几遍呢，我请问了你们真的完全没有审核吗？ 马上隔壁终末地也要出了，也不知道到时候终末地上线了是谁养谁，今天新月同行也停服了，虽然听说和游戏本体关系好像不大，但是没点真本事想在国内二游圈子好好活下去确实挺难的，这几年新游出了一茬又一茬，有些昙花一现就没了，总之，还是那句话，不管怎么样，希望国产游戏越来越好吧🙏,修改于 2026/3/16,来自 Android 设备
mzjz,玩过,1,别玩纯💩 快跑,2026/3/16,来自 Android 设备
木乐清,玩过,1,（大部分时候玩的模拟器，实际时长远大于显示） 游戏可玩性在刷完了所有关卡后大大降低了。 官方出大活动的速度着实不敢恭维，从刚入坑正好赶上的骑兵与猎人到现在也有两个月多了，仅出了些新干员与新关卡。 吐槽一下抽卡体验，8.8的能天使池子大概氪了700+结果只是歪了两重复六，心灰意冷的打了每周剿灭不抱希望的抽了一发结果出了阿能？？？现在心情十分复杂…… 1.16 我实实在在被恶心到了，这次限定普通混合池子就是专门来恶心中氪小氪玩家的吧，五十保底出了另一个非限定，抽到倾家荡产也只出了个陈。 就这样吧，卸载了我反而轻松了一点。 4.26 靠鹰角这波活动搞得太香了，我回来了回来了，w等我！！！ 8.9 鹰角你不把我当人看我也不会把你当人看,2026/3/15,来自 Vivo V2505A
啊？,玩过,5,我要抽十二岁，我要抽十二岁 ，一家子不要分开好不好，额啊 我要合成大岁兽😈😈😈,2026/3/15,来自 华为Honor Note10
Veitinghoff,玩过,1,评论被吞掉了那我再编辑一下。 看在大部分立绘和建模与音乐的份上给一星。当然也并不是说立绘就全都很好。抄袭问题也很少给出回应吧？最开始模仿彩虹六号的事情也是上车补票就算结束了。剧情非常糟糕，主控不知道的以为是哪来的东印度公司还差不多，你们文案的文笔和历史观是不是太差了一点？剧情非常反感罗德岛，尤其不喜欢凯尔希和阿米娅，很难想象在主线这种本来应该可以让主角抓住玩家的地方居然把主角写得这么差。请把黑冠还给萨卡兹，一个这么没边界感的、傲慢的、会把其他人的故事化为白纸的人拿着这顶王冠只会毁了卡兹戴尔，而事实也就是这样。罗德岛只是在到处搅浑水而已，在随意插手别国事物方面相当有一手呢？人设剧情非常差是无可质疑的事实，我也不想花太多时间赘述那些。至少霜星和卡兹戴尔军事委员会的章节完全是让人皱着眉头看完的。如果有任何人对我说这个游戏的剧情很好，都请自己考虑过全部的剧情细节再说话。难以置信的逻辑漏调以及历史观问题都让我认为这个游戏只是在为了一个搅屎棍主角团而无所不用其极地打压其他人，所有人都是罗德岛这个惹人厌的东西的垫脚石。我无话可说，也没有兴趣和喜欢给罗德岛当孝子的人科论，因为我觉得岛孝子的逻辑应该也和这个剧情一样糟糕。,修改于 2026/3/15,来自 Vivo S18
杨梅,玩过 348 小时后评价,1,戍卫协议，系统检测到你玩谢拉格，那你三回合之内是刷不到谢拉格了，检测到你玩维多利亚，那你三回合之内刷不到了,修改于 2026/3/15,来自 Redmi K70 Pro
梦见山川,玩过 449 小时后评价（总时长 470 小时）,5,方舟是看朋友玩之后入坑的 不过现在也有喜欢的角色 可能会一直玩下去 然后展示一下自己喜欢的角色,2026/3/15,来自 一加手机Turbo 6
着魔村长Man羊羊,玩过,1,开服后三个月开始玩的。从蚀刻章出来就一直保持着全收集（包括镀层），这次矢量突破居然有个限时的蚀刻章镀层，我加了几天班没来得及玩给我全收集搞没了，气得我快扭曲了，神人设计师想出来的限时镀层,2026/3/15,来自 Redmi K60
瓜子,玩过 105 小时后评价（总时长 113 小时）,3,我求你了不要在歪了每次新年都是对我的超击破，不至于一直在新年一直歪吧……每次都没出小余那个3抽直接歪后面还是冲了一点才出的煌，望这个卡池更是完蛋，100多抽出了两个两个全歪，上学没事搞都是赞了好久的资源抽的真的没招了,2026/3/15,来自 小米25080RABDC
Lappland-Y,玩过,4,玩明日方舟也挺久了，整体还是很喜欢的。 最满意的就是立绘和角色，画风真的很戳我，每个干员都很有辨识度，精二立绘氛围感拉满，角色人设和故事也都做得很用心，能看出是真的在认真塑造每一个人物，这点真的加分。 但也不是没缺点，后期关卡难度起伏有点大，偶尔会觉得养成周期偏长，新活动玩法偶尔会有点重复，希望能再多来点新鲜内容。 总体来说还是很值得玩的一款游戏，美术和角色这块真的没话说。,2026/3/15,来自 Android 设备
.,玩过 5.8 小时后评价,5,画风超美 游戏也好玩易上手,2026/3/15,来自 华为GLK-TL00
🐮🍺,玩过 6.6 小时后评价（总时长 6.6 小时）,3,这两天下了两次 尽量尝试去玩了 还是没意思。。 时隔七年，期间看着各种人吹这游戏好，下回来好几次，昨天又删了，实在想不通这游戏有什么好玩的，立绘也不精细……😂,2026/3/15,来自 小米Xiaomi 14 Pro
饺子,玩过 908 小时后评价（总时长 916 小时）,1,快1000小时的老玩家告诉你们别玩，这游戏纯💩,2026/3/15,来自 WIKO JLG-AN00
尘虞,玩过,4,成功变成舟批 好玩爱玩我以前不打游戏的。但是这个剧前能不能多点画的图然后配个音啥的 好难受这个ppt剧情,2026/3/15,来自 iPhone 17
剑来,玩过,1,难得有个能让玩家爽的卫戍协议就非得瞎改,修改于 2026/3/15,来自 一加手机Ace 5 Pro
slogan、,玩过 1398 小时后评价（总时长 1407 小时）,4,首先的首先，希望羽毛笔快点异格，要么出个皮肤也好… LAL!ROLE你在看吗。为什么海沫都有两个皮肤了羽毛笔还只有一个15石头的没特效皮。如果看到了还不快给羽毛笔厨们画皮肤去… ———————————————————— 最开始，我想浪费点篇幅，谈谈我认为的，广传yj良心的问题。这个虽然会很拖沓，但确实是必要的，先打预防针比较好。 先说结论，鹰角是“部分良心”的公司，用我某个朋友的话说，就是“有同人社团习气的资本家” 我是2022年入坑的，大概在周年之后，夏活之前。所以没经历古战场。yj在多索雷斯之前，也是干过不少抽象事情的，比如活动复刻实装新角色之类的，当时也没有出现所谓良心的论调。 大概是多索雷斯被喷得太烂了，最近几年yj乐于听取玩家意见，良心的论调慢慢起来了，不少人也开始列举yj的好。我承认，这里面确实一部分是真真切切的，yj确实干了一些好事，比如潜能收益不高，不搞专武一类。 不过有的地方真的过誉了。比如迟迟不实装连续刷取系统，鬼都看得出来是早期产能过低，想维持日活。还有皮肤挪用素材冷处理，皮肤鬼图直接装死，一年算上联动能有5～6个限定之类的问题。这些能看出yj资本家的一面。 还有来自星尘。看看来自星尘的评论区，花不了多少时间的，来看看yj怎么把这个项目整块切掉的。 在开头说这个是因为，一些人没能理性看待yj作为二游公司的两面性，就算yj搞出什么问题也尽力维护。这些论调对于形成第一印象来说，是不利的。先给观众姥爷祛媚，这样看到yj鬼畜发癫的时候，才不会心态崩掉，删号退游。 ———————————————————— 如前文所说，我是2022年夏入坑的，被一个老朋友推荐进来玩。舟算是我接触的第一款二游，在那以前玩的都是天天过马路，元气骑士，荒野乱斗这一类游戏。 虽然不算个开服玩家，也没经历yj早期的大量发癫操作，在yj风评比较好的时候入坑。开局是能天使，公招出了塞雷娅，强抽了异格夜刀，后来又198换了个玛恩纳，度过了相对快乐的新手时期。不过也算是玩了三年多了，就简单评价一下吧。 ●音乐：你可以说yj的游戏做得一坨，但不能否认它音乐的质量。不提别的，《秋绪》这一首，被B站一大群做梗图推送的UP主广泛使用，音乐质量可见一斑。 不过yj的音乐基本是外包的，烂的时候真的非常难评。总体上算是不错的。 ●画风：关卡里是Q版纸片小人，在养成界面和大厅可以看立绘。现在的小人动作算是比较流畅了，能看得过去。立绘没有比较露的，因为标榜的是全年龄向，想要的话可以自己脑补…或者看看二创。 ●剧情：我没怎么看，所以没有发言权，只能凭感觉聊聊。不过大家对舟剧情的印象都是苦大仇深的故事，事实也差不多吧。 早期是黑色基调的架空国家故事，后来前文明写得太多了。现在有往星际尺度发展的趋向，我对此不是很满意。夏活之类的活动会稍微轻松一些。 ●玩法：2D小人塔防玩法，算是填补了二游市场的空缺。说不上很好玩，但绝对不算无聊。在新手时期需要一定策略性，到了后期就可以平推了，可以自由搭配队伍，用厨力角色推关。如果有需求，可以自己给自己加自我限制，比如用冷门弱势队推关。 数值不算很过分，对比某些游戏还算能看。机制上也是相对简单的，没有过分复杂的机制，一个章节或者活动，会引入一个新机制，不过基本仅限当前章节/活动。目前只有物法/元素/位移/浮空之类，几个比较重要的常驻机制。 简单来说，上手是比较容易的。 ●抽卡：抽卡模式比较独特，所有六星角色都在一个池里，UP的时候往期角色都有可能出来。出金率2%，五十抽以上未出金就会每抽加2%出金率，出金后重置到2%，具体的更复杂，就要进游戏看了。 看上去比较坑人，但是实际抽下来爆率不算低。最非的时候六十几抽也能出金。歪卡的情况也时常会有，不过有个叫中坚池的池子会把非常旧的角色筛进去。所以普池就算歪了也不会太亏，还是会抽出不少可用的角色。 一年会有四个限定，和四个常驻的陪跑，周年，夏活，半周年，春节。300抽必得当期限定，往期限定300抽一井，非常旧的限定逐年降成200抽。限定会比较强，建议合理攒抽，当期拿下。 总之我觉得比米游好一点。 ●节奏：舟的膨胀速度不算很快。现在大C有不少，截至目前十万总伤还是能称作大C。因为C太多了，节奏的方面主要是功能性，像是自身生存，保人，挂弱点，控制之类。 现在强卡都是一个角色干好几个角色的活，又能输出又能控制自身生存能力也强的这种。个人觉得，目前唯一值得去硬井的就是ew，剩下抽当期就好，当期吃井可以顺带换一个往期的。而且PVE游戏，也无所谓排名，不用太费劲就能跟上节奏。 ●运营：如前文说，yj是“部分良心”的公司。抽卡机制就比较舒适，限定很多但合理分配抽数，只要不是极致的脸黑基本能全部拿下。皮肤是花石头买的，石头关卡首通奖励，打满活动就能买皮肤基本不用花钱。 但yj也很擅长恶心人，早期刷取材料是要一遍一遍手开战斗动画的，4周年左右才出一次播六遍，5周年改成播一次顶五遍。更早之前体力上限也更低，上线频率必须更高才能不亏资源。包括立绘画出鬼图，数值脚填，贴图盗用这种事，一旦出了大节奏，yj也是尽量装死，能不回应就不回应，很令人恼火。 总结就是yj好的时候也不要太相信它，yj发癫的时候也不要太意外，真的玩不下去就退吧不要太折磨自己，毕竟yj是个公司，比起同人精神肯定是更想要钱。 ———————————————————— 那就这样吧，如果看完这一大段还有兴趣入坑的话，希望你能玩得开心，自己玩舒服就好，不要被带节奏了。最后的最后，如果入坑了一定要看看羽毛笔啊！希望你也会厨羽毛笔！,修改于 2026/3/15,来自 华为GFY-AL00
如梦幻泡影,玩过 138 小时后评价（总时长 142 小时）,3,可玩性不高，玩游戏质量还可以,2026/3/15,来自 Honor Play3
做,玩过,1,卫戍真的太lj了，上一次那么好这一次改得一坨牌找都找不到，净出一些不是同盟的干员😓😓😓😓😓😓,2026/3/15,来自 Vivo V2507A
全村の希望,玩过 1119 小时后评价（总时长 1120 小时）,2,你的新卫戍协议真的好恶心好难玩发牌好烂,修改于 2026/3/15,来自 Android 设备
User366295115,玩过 809 小时后评价（总时长 809 小时）,5,神出鬼没那关太恶心了，是人玩的吗，伤害高就算了，还有凋零损伤，隐秘就算了，行动路径还都不能部署，回归玩了一晚上都没打过去一次，又想退游了,修改于 2026/3/15,来自 一加手机Ace 3
子家先生,玩过 378 小时后评价（总时长 393 小时）,2,你一个老卫戍协议，PvE的一个模式抓干员比PvP的金铲铲都难，这不纯恶心人吗。牌给的多影响游戏平衡了？特别是新手玩家本来干员就不全，为什么没有的干员要给原型啊。,2026/3/15,来自 Vivo IQOO 12
大火老师,玩过 91.5 小时后评价（总时长 124 小时）,1,现在的我是一个和朋友卫戍协议开黑炎羁绊被连续ban了六次的愤怒的man,2026/3/15,来自 红米 Note 11
好きと愛,玩过 43.6 小时后评价（总时长 47.4 小时）,4,玩法虽然局限，但角色塑造优秀,2026/3/14,来自 Vivo IQOO 13
。。,玩过,1,塔防游戏都是垃圾,2026/3/14,来自 Vivo IQOO 12
号没了,玩过,1,极品，更新停服结果上线登不进去，换流量也登不进，依旧顶级服务器,2026/3/14,来自 Vivo IQOO 10
11111111111111,玩过,5,本帖有我玩了半年的看法 1 福利方面 开局福利很好，但是后期就没话说，大概是能送两个六星，一个精二，一个专三技能，再加两三个十连，但是后期就得慢慢攒玉了，别当其他游戏一样抽卡资源基本上无限看到自己喜欢的角色就练，等你后期发现这角色就是个臭中杯，就后悔了 2 关卡方面 7-4是怪群难防，7-9是开局压力大，7-18是爱国者（爱国者的怒火这一块） 3 角色方面 六星确实很强，但是如果我掏出无敌的玫剑圣你又该如何应对呢，彳亍 4 怪物方面 大盾刚出来的时候我就卡那过不了了，现在回来把阿米娅带上就很轻松就能打死了 5 立绘建模 无话可说，都二游了 6 配音方面 只能说配音这一块真有人能比得上吗？ 7 关卡方面 前五章是最合理的了，什么叫小兔子一个技能把我两个地块封的死死的 8 剧情方面 前期单纯的一坨屎，等后期就开始认真起来了 9 配乐 那很好了，好听好听好听好听好听好听好听好听好听好听好听好听好听好听好听好听好听好听好听好听好听好听好听好听好听好听好听好听好听好听好听好听好听好听好听好听好听好听好听好听好听好听好听 以上就是我对游戏的全部理解咯（没想到真的有人能认真看完） 祝大家快乐方舟，明日再战 不会真的有人能看到这一段吧？ 最后再加一句,修改于 2026/3/14,来自 荣耀 畅玩30 Plus
白金之猴,玩过 374 小时后评价（总时长 376 小时）,5,阿米娅太棒了,2026/3/14,来自 Vivo S17e
莱欧斯利,玩过,3,玩的国际服，唯一吸引我的就是画质，玩法一坨挺无聊的，这画质确实很舒服但是还是不够高动态模糊都没有，画质选项很少,2026/3/14,来自 Vivo IQOO Z9 Turbo
イω,玩过,5,好玩，但容易长草,2026/3/13,来自 Honor X50
yw,玩过,5,很好玩,2026/3/13,来自 Android 设备
咕咕嘎嘎,玩过,4,好玩但为什么有bug更新游戏后行动手册等级归零了，在画面还是原来的等级,2026/3/13,来自 Vivo Y55t
シチ,玩过,4,2026.3.12 连着沉了一整年的池子了，歪累了，全图鉴真累啊，A咯 2026.2.10 又是感受到被杀熟的一个池子，唉 2025.11.14 你们可以出新模式，但是优化能不能做好再端上来？刚刚开了一把单机的卫戍协议，boss关直接卡住，只能点退出导致中断😅太影响游戏体验了，不敢想象联机 2025.10.29 好了气头过去了，评分改回来。期待前夫哥，帅帅的！ 2025.10.21 你们这个肉鸽代码，好不容易能让胜利结算在掉线之后保持，那加载进图的时候掉线就不能也保持吗？？？？？？？？？？我他妈真是气笑了，连着两次，都是打了一个多小时的大胡局，在进图的时候掉线，重新连上线就被踢出来变成失败结算。这是什么服从性测试吗我请问？？？？？？？？ 玩尼玛玩,修改于 2026/3/13,来自 Android 设备
XD,玩过 279 小时后评价（总时长 309 小时）,4,可玩性可以，兔头控场也可以，就是太草班台子，感觉审核的和做内容的都是一群吃白饭的；想打3.5星但没有，看在超大杯连发的份上给个4星,2026/3/13,来自 Huawei Pura 70
冰河凡星,玩过,5,玩就完了,2026/3/13,来自 Vivo V1921A
私のゲーム,玩过 198 小时后评价（总时长 206 小时）,5,小巧思这块,2026/3/13,来自 华为 Nova 8
霸王龙,玩过,2,进不去了，重下也不行,2026/3/13,来自 一加手机Ace 6
看见了,玩过,5,我萌新，这个开局可以吗😁😁😁,2026/3/13,来自 Vivo NEX A
滑稽之窗,玩过,5,我怪猎联动呢？,2026/3/13,来自 魅族20 Pro
小脑OOOOOOO,玩过 448 小时后评价（总时长 463 小时）,5,不错不错 除个别外立绘越来越夯 虽然上学不怎么玩了不过还是没有压力 十分休闲了,2026/3/13,来自 Android 设备
断骨黑骑士,玩过,1,非常好玩,修改于 2026/3/13,来自 一加手机Ace 6
乌鸦,玩过 281 小时后评价（总时长 404 小时）,5,值得一玩,2026/3/13,来自 一加 Ace 2 pro
仙鱼,玩过 706 小时后评价,4,3月13日 对这个游戏真是又爱又恨，作为塔防来说做的是真不错，但yj的种种行为时不时的能恶心到我，尤其是对游戏的挤牙膏优化，这么多年了这游戏才优化的像个能玩样子。 yj赚了这么多钱，做游戏拉胯卖周边拉跨，底子里就有问题，这么多年了也不改，最多当个二流厂商。 开服玩了两年，去年回坑玩了一年，因为终末地玩着太繁琐耗时所以把粥斩杀了，后会有期，扣一星给yj。,2026/3/13,来自 Redmi Note 12 Turbo
起飞～,玩过,4,感觉养角色还是挺麻烦，能用的好角色新手前期是很少的,2026/3/13,来自 Vivo X100s
谨慎de鲨鱼,玩过 836 小时后评价（总时长 883 小时）,3,yj已经从19年的小作坊成长到26年这个需要内部反腐的中型公司了,2026/3/13,来自 Android 设备
蚩于梦中,玩过,5,每天花个10来分钟做做日常真是惬意极了😋,2026/3/12,来自 Vivo IQOO Neo9
呼噜吱喳,玩过,1,明日方舟是我见过世上最良心的游戏，卡池便宜不歪，重视玩家反馈，不会有皇族内部爱恨，强度控制十分合理，人设精美剧情严谨，完全不会出现26年的新干员能被三年前干员一脚踢死的情况😝😝😝,修改于 2026/3/12,来自 Vivo X100
司枃,玩过,5,🧝🏻‍♀️角色人设： 为拉普兰德痴！！！ 为拉普兰德狂！！！,2026/3/12,来自 Vivo S20 Pro
CQ_cqhc,玩过 647 小时后评价（总时长 662 小时）,4,挺好，但少给一颗，鹰角你能上点心吗小BUG有亿点点多,2026/3/12,来自 PC 客户端
月球人,玩过 37 小时后评价（总时长 56.5 小时）,5,🎮可玩性： 从没玩过这么难的游戏,2026/3/12,来自 OnePlus Ace 2
立,玩过 48.3 小时后评价（总时长 61.4 小时）,1,2019年入坑玩到现在， 不推荐新玩家入坑，除非你特别喜欢塔防。 给新玩家的忠告： 新玩家入坑要注意别混社区，避免被提纯。 问卷也别认真填，鹰小姐不在意玩家体验的。 也别跟着冲评论区，鹰小姐会无视玩家评论。 当鹰小姐不存在，玩游戏就行。😂,修改于 2026/3/12,来自 Vivo IQOO 12
笙歌,玩过 879 小时后评价（总时长 881 小时）,2,2025/10/14 本来是因为娜仁的美腿才喜欢她的，但是新皮肤这腿……只能说一言难尽 2025/10/19界园肉鸽符纸加解压缩怪，真是无敌了，扫码符纸被贴上后没法放技能，而且索敌还全索符纸上…… 2025/10/21这B肉鸽总算是打完了…… 2025/10/26密码的这肉鸽里是没有术师、狙击和特种的招募劵是吧 2025/10/29我真的求你了，能不能别一直给我匹配到这关？我tm还有好几关没有打，结果一直拿这关恶心我 2025/11/4神人游戏，我是始终搞不明白为什么一个本里要放两种不同的芯片，然后刷想要的结果刷半天出来的全是另外一种…… 2025/11/17这个卫戍协议单人模式真的能玩吗？那boss打都打不死 2025/12/5狗冲家门这一块，谁能想到一款已经六年了的游戏竟然连个重开键都没有 2026/3/12真是给我干力竭了，明明这游戏的关卡只能进关卡才能看出怪和机制，结果就是不肯加个重开键，每次失误就非得退出去再重新进,修改于 2026/3/12,来自 Android 设备
あいうぁぃぇぎ,玩过 287 小时后评价（总时长 291 小时）,5,💃🏻立绘建模： 家喻户晓的好，毕竟是鹰角 💎资源获取： 龙门币是真的难搞，剿灭难度对于60级小登来说普遍较高，玉的话后期还行 ☄️成长体验： 角色突破的立绘变化挺有成就感，6星一下星级决定不了什么，有的4星跟3星比6星好用，6星对小登来说太耗资源了性价比也不高 ✍🏻建议： 源石太贵了，直接充值买源石跟一些组合来讲是亏的,修改于 2026/3/11,来自 Vivo IQOO Neo9
牧小昭Aa,玩过 58.4 小时后评价（总时长 88.5 小时）,5,好玩，为数不多能一直坚持玩的游戏，内存在二游中相比大部分算得上挺少的了，强度也膨胀的不是很快，几年前的干员到现在也能拿出来用啊，闲着没事，玩一玩也是可以的，音乐和立绘非常的赞，不错不错,2026/3/11,来自 华为 荣耀30S
基岩,玩过 203 小时后评价（总时长 285 小时）,4,豪丸，就目前来说是这样（来自入坑2月小登 26.3 强度膨胀实在太快了，大德抑制一下是好的，但春节限定那俩是不是太强了（感觉25年干员都强的要命。。我抽个泥岩都有人嘲讽）,修改于 2026/3/11,来自 Vivo V2463A
发电厂,玩过 16 分钟后评价（总时长 59 分钟）,1,扫福瑞游戏不好玩，但是片挺好看的,2026/3/11,来自 Vivo IQOO 13
侯哥俩好,玩过 127 小时后评价（总时长 145 小时）,1,自从22年注册了之后每次都被二创或者是别人视频吸引回来但每次都会因为被福利和主线容易卡关劝退还有一堆恶心人的东西而且新手指引做的太差新手期还特别长陆陆续续回游然后就被这种特别恶心人的地方劝退,修改于 2026/3/11,来自 Honor荣耀X60
V Edward,玩过 55.1 小时后评价（总时长 71.8 小时）,5,老玩家回归有点目光呆滞了,2026/3/11,来自 小米MI 8
鸡翅奶奶,玩过 1472 小时后评价（总时长 1481 小时）,5,好玩，还可以,2026/3/11,来自 Android 设备
梦,玩过 10.9 小时后评价（总时长 16.4 小时）,5,维什戴尔牛逼！,2026/3/11,来自 Honor荣耀X60
伊地知虹夏,玩过,1,他妈是真服了，以前可以直接更新，为什么现在一定要下个tap更新，还他妈给我合并半天,2026/3/11,来自 Vivo V2073A
小棕熊,玩过 123 小时后评价（总时长 140 小时）,5,剧情和玩法是一个比较吸引人，玩久了也会感觉好玩,2026/3/11,来自 OPPO PFGM00
asura,玩过 2853 小时后评价（总时长 2909 小时）,5,2026.03.11 心血来潮回顾了一下自己的评论记录，才发现已经过去了4年了，有没有官服的同志们来加好友哇，所有干员我都可以借，太冷门的话我也可以看我的龙门币情况现拉。（怎么会有人都2026年了还在缺龙门币啊😅，今天所有龙门币梭哈，贝洛内都才精一68级） 2022.06.09 yj你给我开门！！！！我要进去啊！！！！ 2022.05.11 忍不住不评论了，第一次300抽大保底，鲨鲨都潜能＋2了我依然没有小审判官，最终300抽强娶QAQ,修改于 2026/3/11,来自 一加手机Ace 3
自凌傀,玩过 248 小时后评价（总时长 295 小时）,4,一句话评价，比终末地强。,2026/3/11,来自 小米24129RT7CC
船过空港,玩过,5,20年入的老玩家 唯一玩到现在的游戏了 已经陪我度过六年读书的时光了,2026/3/11,来自 Android 设备
一步莲华,玩过,4,很好玩，但退游了。也很正常，没有一个游戏玩一辈子的。,2026/3/11,来自 Vivo Pad5 Pro
欧阳幻秋,玩过 717 小时后评价（总时长 723 小时）,5,祝方舟越来越好 我的青春啊！这是我的青春啊！6年的回顾，6年的道路。我的设备上总有你的席位,修改于 2026/3/10,来自 Android 设备
@@@,玩过,4,💃🏻立绘建模： 希望皮肤能学一下交错战线，虽然免费的听得很唬人，但也就一张立绘和一点特效 💎资源获取： 祖宗之法 🎮可玩性： 虽然塔防听着感觉一般，但是在二游那些牛鬼蛇神的衬托下可玩性算t1的了,2026/3/10,来自 红米 K40S
青柠or荔枝,玩过,5,我只能说明日方舟是我手机里唯一从下载了就没卸过的游戏,2026/3/10,来自 OPPO Reno14
沉秋,玩过 298 小时后评价（总时长 317 小时）,5,💃🏻立绘建模：非常good 🧝🏻‍♀️角色人设：Very good 🌃画面音乐：这个更是不用说,2026/3/10,来自 中兴W202DS
蕴蜜毛绒胺,玩过 47.4 小时后评价（总时长 69.9 小时）,5,明日方舟牛逼,2026/3/10,来自 PC 客户端
久久,玩过,1,我再也找不到能让我歪5个的游戏了，周年2次，过年1次，现在又来1次，非得让我吃满大保底吗,2026/3/10,来自 Android 设备
路人漫漫,玩过,3,现在入坑，可以玩吗？纯萌新什么都没见过，这个类型好像也没碰过？,2026/3/10,来自 Honor 70
ANGLER,玩过 357 小时后评价（总时长 374 小时）,5,马年不异格玛恩纳？,修改于 2026/3/10,来自 vivo X23
水鸟川,玩过 75.8 小时后评价（总时长 77 小时）,5,喜欢^^ 虽然说目前没有找到想推的角色，但是每个都非常美丽可爱 (ᐥᐜᐥ)♡︎ᐝ,2026/3/10,来自 Android 设备
最尴尬的事,玩过 55.8 小时后评价（总时长 92.2 小时）,5,适合玩吧，有点无聊,2026/3/10,来自 PC 客户端
獴,玩过 2391 小时后评价（总时长 2396 小时）,4,不叠甲，纯主观，望周知🙋 本人小登（bushi 一下为碎碎念 本人为萌新提供的一点小小建议 萌新们前期想带什么都可以，可以自己摸索出来适合自己的配队 萌新们在前期推关升级一定会缺理智，升级干员要理智，推关卡要理智，升级基建也要理智，但是我极度不建议用源石来换理智。（除非你真的很有钱用源石来换理智） 如果真缺理智我的建议是放下手机揉揉眼镜回复一下现实中的理智，明日方舟可以当做副游来玩不用很急，放下快餐式急躁的心里来玩，相信我确实很好玩 本人在刚玩的时候确实不知道干什么，以为升级到50就是升满了，完全没有看到有精英化玩了很久（悲。 萌新们如果要升级干员推关卡只要明白鹰角的升级系统是 干员: 升级干员等级至50（三星40四星45）→解锁升级精英化1→升级干员精英化1等级（三星55四星60五星70六星80）→解锁精英化2（三星干员没有精英化2）→升级干员精英化2等级至60解锁模组 干员技能:（升级的技能是全部技能）精英化1之前4级为上限，精英化1之后7为上限，精英化2之后技能可以去基建训练室单个专精，一个技能上限为三 三星有一个技能，四星有两个技能，五星有两个技能，六星有三个技能 （以下内容，3月10号已做更改，感谢评论大佬MTF天极鸟的指正，详细内容可找MTF天极鸟大佬的评论） 举例说明，有时大佬说干员配置可能会这么说: 2909 ←这是什么意思？萌新们可能会这么问 让我们拆分开来 2 90 9 第一个2是精英化的等级，代表着干员为精英化2 第二个90是精英化2的等级，代表着干员等级为90 第三个9代表着技能的专精，代表着干员三个技能均为专精3一共9 ps：下面的配队是最强的配队你敢和它对视吗（并非（我们绝食🙋，萌新们不要像我这么养,修改于 2026/3/10,来自 小米2312DRAABC
两面包夹芝士,玩过,3,这个游戏发疯了，近期爆率疯狂掉,2026/3/10,来自 Redmi Note 12 Turbo
岁岁如年,玩过 32.5 小时后评价,5,不多评价，神,2026/3/10,来自 OPPO A3x 5G
西内！！！,玩过,5,💃🏻立绘建模：⭐⭐⭐(前期不好,2026/3/10,来自 Honor荣耀X70
奡茨,玩过 54.4 小时后评价（总时长 109 小时）,4,作为一个女玩家，新年的时候尝试了好几款二游，对比之下，舟的男角色至少有好几个很强力了，虽然男女比例依旧夸张，但胜在数量多。总之给到夯，但社区环境真的太差了，干员们身上都是烂梗,2026/3/10,来自 Android 设备
ttho,玩过 1112 小时后评价（总时长 1483 小时）,5,好玩爱玩，每天上号看看干员挺休闲的，求好友,2026/3/10,来自 Vivo IQOO Neo9S Pro
Asahi,玩过 48.7 小时后评价（总时长 56.4 小时）,5,好久没玩了一直找的代清日常，听说出新角色了 上线看看，一看要更新，等更新ing 3.10 更新中，看了攻略贝洛内好像不是很强，那跳！ 备战后面卡池喵,修改于 2026/3/10,来自 小米2511FRT34C
.,玩过,5,为什么我没法更新,2026/3/10,来自 一加手机Ace 6
喵了个咪,玩过 495 小时后评价（总时长 495 小时）,5,好玩😋,2026/3/10,来自 Android 设备
QQ用户14753361,玩过,5,作为一个玩了不少时间的萌新，游戏整体质量相当不错，丰富的文本，让人眼光一新的UI界面，独创的潜能体系，让我们只需要抽一个就能体验到满命的快感，而不是像其他二游一样需要疯狂补命座补完还要被爆金币一样，整体来说前期略缺资源，但后期几乎全补够，还有肉鸽这种神来之笔，也有危机合约和矢量突破这种超高难度的挑战总体来说相当不错，鹰角应该叫做音角因为做的音乐实在太好听了。 🎮可玩性：相当推荐游玩还有肉鸽这种超级大的 ☄️成长体验：相当不错 🧝🏻‍♀️角色人设：稳定发挥 🌃画面音乐：给夯中夯 ✍🏻建议：攒原石抽超大杯,修改于 2026/3/10,来自 小米24117RK2CC
别与小林作对.,玩过,2,第一发10连直接出了感谢明日方舟,2026/3/10,来自 Xiaomi Redmi K60E
丽华,玩过,5,当时mujica联动想着联就联呗反正我又不玩直到我25年11月入坑后悔已经晚了😭😭😭但这游戏确实好玩所以海猫什么时候联动go顺变把mujica返场一波我什么都会做的😭,2026/3/10,来自 Honor Play 5T
😄👉🏻🤔😭,玩过,3,收集党，歪了0分，不歪5分 ﹉﹉﹉﹉﹉﹉﹉﹉﹉﹉﹉﹉﹉﹉﹉﹉﹉﹉ 130抽歪的逆魔都不认识了，0分 。 —————————————————— 拼尽全力无法战胜卡池，出了两六星全歪，评分不改了。 —————————————————— 没歪，但这次池子不是很感兴趣 —————————————————— 笑死我了连出八次标准池全歪，杀熟不演了都，你看谁还给你氪🤣 —————————————————— 很遗憾，这次界园就是垃圾，设计师的巅峰之作，打了一辈子肉鸽，界园是最高血压的一个，你把地图改成这样推销某位干员是不是有点刻意了😅就你那b图没夜刀酒神谁敢进😁又想创新又想保留原本玩法，那我问你，不去树洞怎么发育怎么拿票。树洞和商店基本不会刷一起，外层商店的意义在哪里？还有，为什么我打到n10了从未见过令，你这是彩蛋还是怎么着。你知道为什么大多数人玩得一点都不舒服吗，一个是界园容错率低的离谱，一个是鬼图纯拿来恶心人。 —————————————————— 垃圾 —————————————————— 氪金才出货，唉，这次活动不喜欢👎👎👎👎👎小姨皮肤不错👍👍👍👍👍👍👍,修改于 2026/3/10,来自 Honor荣耀平板10
悠,玩过,4,zmd的失败与fz早期的更新节奏，让我看到了鹰角还是那个鹰角。我只推荐你要是来玩塔防的，可以来玩，抽超大杯就行了。为了美术故事情节大可不必。还有梦新们，石头（游戏里最高级的资源）在你前期最大的用处就是碎体力和抽卡，早点把卡搞成完全体早享受。,2026/3/10,来自 Vivo IQOO Z9 Turbo
Dakota,玩过 1212 小时后评价（总时长 1226 小时）,5,好玩，爱玩😋,2026/3/10,来自 Android 设备
Cariga,玩过,5,好玩，爱玩，只要不混圈不当单厨这个游戏爽点无限,2026/3/10,来自 小米2312DRAABC
愛德蒙·唐泰斯,玩过 1780 小时后评价,1,越来越杀熟了，直接红温了，要是不想让玩直说，每次都弄这样恶心人那，300抽没新年限，120抽五连歪,2026/3/10,来自 小米24117RK2CC
诺比邻,玩过,5,超大杯出的很多了，可大家还是有严重的强度焦虑,2026/3/10,来自 Android 设备
喵了个咪,玩过 495 小时后评价（总时长 495 小时）,5,好玩😋,2026/3/10,来自 Android 设备
QQ用户14753361,玩过,5,作为一个玩了不少时间的萌新，游戏整体质量相当不错，丰富的文本，让人眼光一新的UI界面，独创的潜能体系，让我们只需要抽一个就能体验到满命的快感，而不是像其他二游一样需要疯狂补命座补完还要被爆金币一样，整体来说前期略缺资源，但后期几乎全补够，还有肉鸽这种神来之笔，也有危机合约和矢量突破这种超高难度的挑战总体来说相当不错，鹰角应该叫做音角因为做的音乐实在太好听了。 🎮可玩性：相当推荐游玩还有肉鸽这种超级大的 ☄️成长体验：相当不错 🧝🏻‍♀️角色人设：稳定发挥 🌃画面音乐：给夯中夯 ✍🏻建议：攒原石抽超大杯,修改于 2026/3/10,来自 小米24117RK2CC
别与小林作对.,玩过,2,第一发10连直接出了感谢明日方舟,2026/3/10,来自 Xiaomi Redmi K60E
丽华,玩过,5,当时mujica联动想着联就联呗反正我又不玩直到我25年11月入坑后悔已经晚了😭😭😭但这游戏确实好玩所以海猫什么时候联动go顺变把mujica返场一波我什么都会做的😭,2026/3/10,来自 Honor Play 5T
😄👉🏻🤔😭,玩过,3,收集党，歪了0分，不歪5分 ﹉﹉﹉﹉﹉﹉﹉﹉﹉﹉﹉﹉﹉﹉﹉﹉﹉﹉ 130抽歪的逆魔都不认识了，0分 。 —————————————————— 拼尽全力无法战胜卡池，出了两六星全歪，评分不改了。 —————————————————— 没歪，但这次池子不是很感兴趣 —————————————————— 笑死我了连出八次标准池全歪，杀熟不演了都，你看谁还给你氪🤣 —————————————————— 很遗憾，这次界园就是垃圾，设计师的巅峰之作，打了一辈子肉鸽，界园是最高血压的一个，你把地图改成这样推销某位干员是不是有点刻意了😅就你那b图没夜刀酒神谁敢进😁又想创新又想保留原本玩法，那我问你，不去树洞怎么发育怎么拿票。树洞和商店基本不会刷一起，外层商店的意义在哪里？还有，为什么我打到n10了从未见过令，你这是彩蛋还是怎么着。你知道为什么大多数人玩得一点都不舒服吗，一个是界园容错率低的离谱，一个是鬼图纯拿来恶心人。 —————————————————— 垃圾 —————————————————— 氪金才出货，唉，这次活动不喜欢👎👎👎👎👎小姨皮肤不错👍👍👍👍👍👍👍,修改于 2026/3/10,来自 Honor荣耀平板10
悠,玩过,4,zmd的失败与fz早期的更新节奏，让我看到了鹰角还是那个鹰角。我只推荐你要是来玩塔防的，可以来玩，抽超大杯就行了。为了美术故事情节大可不必。还有梦新们，石头（游戏里最高级的资源）在你前期最大的用处就是碎体力和抽卡，早点把卡搞成完全体早享受。,2026/3/10,来自 Vivo IQOO Z9 Turbo
Dakota,玩过 1212 小时后评价（总时长 1226 小时）,5,好玩，爱玩😋,2026/3/10,来自 Android 设备
Cariga,玩过,5,好玩，爱玩，只要不混圈不当单厨这个游戏爽点无限,2026/3/10,来自 小米2312DRAABC
愛德蒙·唐泰斯,玩过 1780 小时后评价,1,越来越杀熟了，直接红温了，要是不想让玩直说，每次都弄这样恶心人那，300抽没新年限，120抽五连歪,2026/3/10,来自 小米24117RK2CC
诺比邻,玩过,5,超大杯出的很多了，可大家还是有严重的强度焦虑,2026/3/10,来自 Android 设备
朝仓,玩过,4,玩了半年说不上成瘾但确实不错,2026/3/10,来自 小米Xiaomi 14
羽毛笔,玩过 1087 小时后评价（总时长 1087 小时）,5,还好吧，现在天天摆烂，也不知道怎么打到1000h的,2026/3/10,来自 一加手机13
天海悠纪华,玩过 459 小时后评价（总时长 467 小时）,4,立绘好看，玩起来肝度不大压力不大，不知道为什么就明日方舟能一直坚持玩下去还乐此不疲😁😁。希望能和b服互相加好友,2026/3/10,来自 Huawei Mate 60 Rs
冬青树,玩过 157 小时后评价（总时长 180 小时）,1,客观来说，总体上还是很好的，不然我也不会玩几年中间也没退坑过。 但是有几条必须要说的： 1️⃣剧情，平均质量挺好的，但舟是不是真的一点审核和校对都没有？出苍白海那种知名之石就不多说了，我是暮落厨子，红丝绒吃书把他人设都吃完了，官方几年前说他只逃了一次，红丝绒说他逃了两次，白纸黑字的矛盾还被孝子捂嘴成厨子臆想，有的文案水平不行别惯着。 2️⃣强度控制得太烂了，咱不跟别家比，毕竟玩法不一样，只比内部，“对单者打单个怪不如对群者打单个怪强”、“费高的实用性不如费低的高”之类的玩过都懂，强度抑制的方式是前脚刚出超神干员，后脚就出弱干员，中间也不知道过渡一下，献祭的还是老卫星，可能是觉得老卫星有点粉丝基础，部分玩家的感情被践踏了也照样买单吧。弱者厨子还得被孝子一边嘲中杯一边造谣成饭圈和出了清算，只因为大多数厨子不求变成超大杯上，只求个至少超大杯守门员而已——因为不想被风气歪了的社区环境嘲讽，结果不论怎样都要被嘲的嘛，那就没办法了。 3️⃣听说官方有下场删评捂嘴，不过这个我还没看到，所以暂时认为官方没这么做，不过假如我发现角真这么做了的话，那就一星呗，反正我也做不了什么，只少一个星而已，对官方也不痛不痒。 ====== 二编： 1️⃣官方演示藏东西，看来确实知道强度不行，只能拐弯抹角弄好看点。【yj又在小巧思藏减速干员！贝洛内演示视频藏了三个？打的泥岩还少了10%血！【萧然切片】-哔哩哔哩】 https://b23.tv/W9E6rwe 2️⃣有人根据解包数据和演示对比，算出来好像有暗改？但好像也没好多少，毕竟这位的缺点是机制和模板不太行+天赋和技能左右脑互搏，如果真的因为厨子的呼吁改了点数值，那改之前得多弱？ 3️⃣官方好像真在删评……两张图，一张是三月十号2:30左右的，一张是三月十号10:00左右的，今天上午的评论频率跟昨天上午也差不太多，怎么昨天评论数就在涨，今天就基本不涨了？就算排除睡眠时间，几个小时过去了，不该1k都没涨吧？ 4️⃣差点忘了，这期的模组也很幽默。我以为模组是给弱角色强模组，强角色相对没那么强的模组，来平衡一下干员间强度的，但似乎设计师不这么认为。,修改于 2026/3/10,来自 华为MIS-AL00
User674819004,玩过,2,玩法无聊,2026/3/10,来自 Vivo IQOO Neo8
刘山今子,玩过,5,不是我这游戏时长怎么才三小时，我打卫都不止三小时。 我觉得这个能让我玩下去的还有一个原因是不肝，肉鸽也挺上头的，代肝也很便宜,2026/3/10,来自 华为WEB-W00
Dodo,玩过 1547 小时后评价（总时长 1593 小时）,5,正好维护没啥事干，来写个评价吧，，可玩性还是不错的，凹高难摸轴也很有成就感。数值膨胀相对来说也没有其他游戏那么严重，新入坑的萌新抽两个强力限定基本就能全通主线了。总之还是比较推荐玩一下的，作为副游养老不错😋,2026/3/10,来自 Android 设备
三花猫糕-CARACAL,玩过 794 小时后评价（总时长 915 小时）,5,维什戴尔我是你的狗，！！！ 纯路人，但有一说一 第一，我不是w信徒 只是w很有魅力 第二，我不是w信徒 只是对w有种原始冲动 第三，我不是w信徒 算了，不装了，好难受啊 w再让我看一眼…求你了我把我所有的钱都给你就在让我看一眼吧好难受 感觉全身有蚂蚁在爬 w求你再让我看一眼吧 ，你一旦推过w你这辈子就定型了，你一辈子就是推w的命了早早地知道了w的好，你就再也推不了其他女人了，你的生活习惯你的精神状态你的品味都被抬高到了远超纯 现充和纯二次元的程度，你就少走了起码一百年弯路，但是与此同时你也已经被同龄人视作传奇了！w门永存！w是老婆，妻子， 女力帝王 。完全暴力的优质alpha。是女人中的女人、是雌性中的雌性、是女人中的女人！,修改于 2026/3/10,来自 Vivo X200s
雲淡ゞ風輕o.,玩过 112 小时后评价（总时长 173 小时）,5,有没有小登一起玩的，虽然不是老登，但想找一个一起玩😁，可以帮讲解入坑，纯粹太闲了，不嫌麻烦😋,2026/3/10,来自 Vivo IQOO 13
楚缙,玩过,4,玩了那么多手游下来，到现在还能躺在我手机里的，可玩性和游戏性上挺好的，本身挺养老，长草期上线十分钟就下线了，更适合当副游玩，没有太大游玩压力,2026/3/10,来自 Android 设备
3333,玩过 636 小时后评价（总时长 704 小时）,5,我只能说是个好游戏，毕竟自己打的太唐了，根本不知道说什么,2026/3/10,来自 Vivo Y78m
.,玩过,5,皮肤免费就能获得，角色出货概率高，玩了一段时间的小登，可惜好几个角色有动皮，没角色，要是没有角色也能挂皮肤就好了😈,2026/3/10,来自 Vivo IQOO Neo8 Pro
破打游戏的,玩过,3,为了自推继续玩,2026/3/10,来自 华为ADA-AL00
阿巴阿巴,玩过,5,我草清完重新写下，25上半年的时候因为大特死了想退游了，结果一直玩到十一月份才退，本来已经做好这辈子不会再玩舟的准备了，结果今年实装了我从22年就开始喜欢的神秘黑脸男士（）那还说啥了，虽然因为没什么抽数扭扭捏捏欺骗自己不准备回游，结果池子开了一周还是回游了，先提前买了个250抽的小号，算领算换300满潜才下回了官服大号，肝了很多以前没打的关又充了1100抽满的，总之牢望实装我直接赦免鹰角（）,修改于 2026/3/10,来自 IQOO Neo11
看电视的福建茄子,玩过,5,我要抽德米😠,2026/3/10,来自 REDMI K80 Ultra
速冻鸽子,玩过 1823 小时后评价（总时长 1869 小时）,5,2026.3.10 我有龙性恋我喜欢岁家🤤 噢噢今年年限池二十发毕业了，小望还差两潜争取明年补满 一切都是yjwl的阴谋（恼）这下不得不再玩五年明日方舟了 2026.2.10 我要玩一辈子肉鸽和卫戍协议口牙！！！ 我从08年就开始等神秘黑脸男了.jpg，这次前瞻真给我看爽了🥰 祝愿明日方舟越来越好，希望一觉起来就能顺利把二哥接回岛跟大家团聚…… 2025.4.2 不知不觉粥已经成为陪伴我最久的二游了😭 玩过很多二游，粥是其中最休闲养老的一个，完全没有强度焦虑，尤其是在ew出了之后，xdx只要用开局送的精二券直升个五星干员就能借ldx的ew打穿主线 可能因为玩了很久该有的都有了，现在也是纯看xp想抽什么抽什么了😋 yj一直有在开发新的玩法，但我个人最喜欢的还是肉鸽🥰上头的时候可以一天打五六个小时。玩其他二游都会感觉自己在被游戏玩，粥是真的让我觉得自己在玩游戏,修改于 2026/3/10,来自 一加 Ace 2 pro
三口一头猪,玩过,4,游戏本身说实话还不错，资源给的看着挺多但实际上没有那么多，6000才能一个10连，新手期推完3章也拿不到多少抽，好在有借干员，打什么本都有一个大哥相当于，不然新手期真没办法过度的这么丝滑，现在攒抽数了，听说快周年庆了，现在才不到20级,2026/3/10,来自 Honor X50
猫猫碰,玩过,1,🤔本来是给5星的，但是4个⭐⭐都闪避了捏。懂不懂80%闪避的含金量，策划没活可以咬打火机🤔🤔🤔 26.3 支持继续数值膨胀，早日追上膨胀神游,修改于 2026/3/10,来自 Vivo IQOO Neo6 SE
㤅麓,玩过,3,方舟感觉对萌新和中登比较友好，老登得抽卡体验容易被歪出潜能加一影响,2026/3/10,来自 OnePlus 10T
࿐ཉི༗࿆星辰༗࿆ཉི࿐,玩过,5,对萌新很友好,2026/3/9,来自 红魔9S Pro+
皮鼓大王,玩过,5,明日方舟太好玩!非常推荐，好吧,2026/3/9,来自 华为 Mate 30
抹茶瑶瑶奶昔,玩过,5,🥺以前莱昂生病的时候，都是我在照顾的。😡是不是你干的？😭莱昂现在生死未卜😡我和他之间的恩怨我会亲自去算清楚。🥺我真不能见他？😎我们带了一些人手，可以护送你去现场。😏你没有选择。🥰但是谢谢你替我照顾他。😉以前他生病的时候，也都是我来照顾。🥲真冷漠啊，莱昂图索🥺以前莱昂生病的时候，都是我在照顾的。😡是不是你干的？😭莱昂现在生死未卜😡我和他之间的恩怨我会亲自去算清楚。🥺我真不能见他？😎我们带了一些人手，可以护送你去现场。😏你没有选择。🥰但是谢谢你替我照顾他。😉以前他生病的时候，也都是我来照顾。🥲真冷漠啊，莱昂图索,2026/3/9,来自 Android 设备
O泽沐O,玩过 4282 小时后评价（总时长 4283 小时）,5,也算老玩家了，良心游戏不解释。,修改于 2026/3/9,来自 HONOR PPG-AN00
🥞,玩过 245 小时后评价,1,游戏时长虽然只有100多个小时，但确实是快玩一年了 说说我自己的故事 圣葬池入坑的 但在20年左右就在论坛看过初雪的同人了 入坑第一个换的角色也是初雪 差不多是在新手指导选助战的时候我遇到了黑键 长发+紫瞳完美戳到XP了 当时不敢加大佬好友所以就打算自己攒着合成玉抽黑键 新手池原本就没抽 所以在20号以前一直在拿四星队莽 我还是很幸运的 刚好空想花庭后尘影余音复刻 黑键up 于是6月20号复刻那天我遇到了我的蒙娜丽莎 他是我第一个六星、第一个精二、第一个开模组、第一个满信赖的干员，基建已经快当了一年的主副手了 我是个学生党很少玩的着手机 但明日方舟对我却很友好 入坑到现在所有限定只有奶羊和ash没出 其他都是35抽内出货 新年池还拐出来个大哥 我也是从新年版本才开始肝的 以前只是上线清清基建而已 现在今天码是因为今天是煎包的生日，祝煎包生日快乐 （入坑365天，那天会在码一点的） 10.26二編 不是我薇薇安娜皮膚呢？ 拉狗異格是很開心，但我薇薇安娜皮膚呢？ 10.28三編 煎包專九了 還有13天就是520天紀念日了 2026.3.9最后一编 结束了，我不会再等了，我已经失去我的蒙娜丽莎了,修改于 2026/3/9,来自 Hi nova 9 SE
Bailan,玩过 288 小时后评价（总时长 295 小时）,1,你m的，明日方舟，辛辛苦苦肝了两个小时，抽了一百多抽定向甄选，全是阿斯卡纶，啊啊啊啊，差评，总共就三个角色你能给我连出三个相同的，还都是我不想要的，好样的鹰角，第一次写评价给你了，本来想美滋滋抽完新角色去终末地打体力的，现在好了，一点兴致都没了，你这卡池纯骗人，根本没有M3和逻各斯，全是阿斯卡纶😭。假的都是假的，我为了夏活攒的石头啊，没了，都没了，一切都毁了，都是因为你，你真是害人不浅啊，你想想我今天没抽到M3，石头一个不剩，等到周年庆也没有多少抽，周年限定抽出不出来，夏活也得不到。整个人都被你毁了啊，下次不要出定向甄选了行吗😄求求你了鹰角🙏🙏🙏 s\b游戏毁我青春😭😭😭,2026/3/9,来自 Vivo IQOO Neo9 Pro
乌冬咪,玩过 287 小时后评价（总时长 306 小时）,5,2019.9入坑，算是准开服玩家吧，基本经历了所有版本的更新，6年多来，有很多的创新玩法，也有一些垃圾体验，但总体来说，任何时候入坑都能玩，强烈推荐！,2026/3/9,来自 Android 设备
＞(￣▽￣ = ￣︿￣)[,玩过 154 小时后评价（总时长 171 小时）,5,1.13，也是忽然刷到视频才入坑的。现在推德克萨斯，那个埃及活动关有点难打耶，拼尽全力无法战胜，努力推到第七关就不行了（那个小雕像多少带点保护色，当时眼瞎没看到，另外，玩到现在才想起来评论，hh） 2026.1.14，活动第八关圆满完成，借了个M3，然后拿自家干员刮 2026.2.11，第十关打不过，摆烂中，免费十连抽到望了，真好 2026.3.9，主线打到黑蛇就过不去了，但又不想借人（主线打到现在一直没有借过人）,修改于 2026/3/9,来自 红米 K70
旁观者,玩过,1,现在鹰角概率越来越坑了，记得当面图图池第一次井300，图图直接满命，vv也快满了，还有别的六星。去年周年庆300抽，初雪和银灰加上其他六星一共6个六星。这次望的春节池，300抽5个六星，歪了两个常驻，我是真服了。牢玩家概率越来越低，玩不下去了，再出一个六星直接卸载。嗯已经卸载了,修改于 2026/3/9,来自 小米Mi 11 Pro
暗影,玩过,1,老玩家现在登录明日方舟的出金率50抽一发可以直接考虑开新号,2026/3/9,来自 Android 设备
会算卦的五花肉,玩过,1,不好玩,2026/3/9,来自 Vivo V2536A
779527,玩过 105 小时后评价（总时长 110 小时）,5,游戏很好玩，在这个赛道除了植物大战僵尸和保卫萝卜最为推荐的游戏,2026/3/9,来自 HONOR ABR-AN00
菜夹馍,玩过 4 小时后评价（总时长 23.6 小时）,5,爆率高，角色好看，饭盒好香，技能炫酷,2026/3/9,来自 Vivo IQOO Z9 Turbo+
麟,玩过 2.1 小时后评价,5,💃🏻立绘建模：好 💎资源获取：一般,2026/3/9,来自 Nubia NX809J
EMI,玩过 214 小时后评价（总时长 317 小时）,5,剧情我就不多做评价了，因为有跳过我基本都是跳过的。但是这游戏立绘和基建小人我是真喜欢,2026/3/9,来自 iQOO Neo 5 活力版
超人一路向西,玩过 4.9 小时后评价（总时长 14.6 小时）,2,游戏难度有点费脑，不看攻略根本都没法玩。,2026/3/9,来自 vivo Y200i
乐观的玩家,玩过,1,300抽保底无限歪,2026/3/9,来自 iOS 设备
大花生🥜,玩过 560 小时后评价（总时长 569 小时）,5,好玩,2026/3/8,来自 Nubia NX809J
N,玩过 63 分钟后评价（总时长 6.9 小时）,4,主线没有声音，不是很喜欢,2026/3/8,来自 Vivo Y78t
yyy,玩过 26 小时后评价（总时长 28.5 小时）,4,老玩家，一直在玩，抽卡压力不大，除了活动还有不少玩法值得玩,2026/3/8,来自 PC 客户端
猫七,玩过,5,虽然不会玩但必须给好评,2026/3/8,来自 OPPO A3x 5G
陵子爱配音,玩过 22.8 小时后评价（总时长 67 小时）,5,什么叫良心二游啊 被米家三剑客轮番肝爆了以后遇到方舟真的是如鱼得水啊,2026/3/7,来自 华为P30 Pro
鱼本,玩过 30.8 小时后评价（总时长 34.6 小时）,5,没想到，现在不想松手的会是我，我相信我们的联系，就算海洋沸腾，大气也不复存在，卫星接连坠入重力的漩涡里，膨胀的太阳无情的吞噬掉它的孩子，直到万籁俱寂的时候，我们也一样能再见，所以你也要等我，我不准你忘记我，我会一直注视着你,2026/3/7,来自 荣耀 X30
荔枝,玩过 430 小时后评价（总时长 441 小时）,5,24年入坑玩到现在，剧情，战斗方式，还有干员都特别吸引我。明日方舟应该是我玩过抽卡最舒服的游戏了，有时候爆率很非，会吃保底了，但爆率高的时候真的爽到爆，特别是出了双金或连金，或者是开了一个渡彩，渡彩只有开过的人才知道有多爽。哦，对了，公招招出六星也是非常爽，我甚至有个月招出三个。 其实刚玩的时候我退游过2次，因为没玩明白。可能是当时我刚玩二游，养成不怎么会搞，结果就是拿着低等级干员去打关卡，被打爆了，后面也是接触的更多的二次元养成游戏，才又下回来重新玩了。 总体来说我是非常喜欢这款游戏的，希望能一直长长远远的走下去。不对，我还有电线没拉，就说到这里吧,修改于 2026/3/7,来自 Vivo IQOO Neo10
snsjxbsiis,玩过,4,不叠甲！！！ 上期定向大家都抽多少 现在我才知死蟑螂这么多，这爱冲别人评论。在b评论不知道冲多少，在tap看到别人被冲多少。祸害粥皮名声666。定向坑资源和怎么抽卡。骂完小的，再来浙江大学生上来骂我是狗。你这大学生把书读狗腿子上。明日方舟单抽出奇迹是最好抽的。,2026/3/7,来自 Android 设备
Cascovsky,玩过 52.5 小时后评价（总时长 60 小时）,5,好玩（我真的很需要应急理智浓缩液）,2026/3/7,来自 Honor荣耀X60 PRO
如鱼得水,玩过 120 小时后评价（总时长 175 小时）,5,小登想玩麒麟R夜刀,2026/3/6,来自 一加手机Ace 5
那,玩过,5,我希望有更多的卫戎协议,2026/3/6,来自 红米 K70
空调坏掉郎,玩过 8.9 小时后评价（总时长 30.1 小时）,5,电弧可爱捏😋,2026/3/6,来自 小米Xiaomi 17
渝天王,玩过,5,感觉养完打完就没意思了，准备退游了，孩子们还有在坚持的吗,2026/3/5,来自 一加手机Ace 6
悠悠uu,玩过 41.5 小时后评价,4,好玩，养成也不错，就是体力太少了不够玩，抽卡我太非了，不过美术还是非常不错的,2026/3/5,来自 OPPO Find X9
2727,玩过,1,抽奖跟shi堆里淘金一样，也就看看别人中不中罢了，资源跟别的二游没啥区别，牙缝里的菜叶—也就塞塞牙，还有写的概率跟他出货的概率就是卖家秀跟买家秀，反正游玩体验比跟网上传的差了不是一星半点,2026/3/5,来自 荣耀畅玩 20
One江はハ,玩过,5,好玩舟游就是棒，联动立绘和游戏性拉满，修仙看剧情，极限凹图都可以爽玩，内容比较多，新入坑得做好准备,2026/3/5,来自 Nubia NX809J
微澜,玩过 10.9 小时后评价（总时长 30.8 小时）,5,好玩,2026/3/4,来自 OPPO A56 5G
穆大大,玩过 111 小时后评价（总时长 163 小时）,5,不知道为什么就是感觉玩的很爽,2026/3/4,来自 Vivo IQOO Neo5S
艾欧,玩过,1,哪有这样的，定向池氪金抽了快190抽就是没见到逻，啊啊啊，卸载了,2026/3/4,来自 Android 设备
浮生,玩过 9.8 小时后评价,5,很喜欢这游戏，就是可惜了，现在忙于工作，实在是没有时间去深入学习了解 角色多，养成看不懂，优先级看不懂，唉,2026/3/3,来自 Android 设备
000008,玩过 2 分钟后评价（总时长 119 小时）,1,太拉胯了，建议这个新人就不要玩，老玩家跟新玩家待遇完全不一样，我要什么都有什么关系，都打得过你，新玩家只有在乱打，非常会整人啊，新玩家给你抽一两个那种垃圾六星，然后资源也不够，也升不了级，活动关系什么的，基本上你新玩家直接告别了，建议新玩家不要玩，给的六星，一星超出来了,2026/3/3,来自 Vivo IQOO Neo8
墨殇,玩过 23.6 小时后评价（总时长 186 小时）,4,差点退坑,2026/3/3,来自 PC 客户端
Griezmann,玩过 153 小时后评价,2,以前很好玩，现在社区环境太恶劣了到处捂嘴剧情也不喜欢，退了,2026/3/3,来自 Android 设备
穹灵,玩过 262 小时后评价（总时长 280 小时）,5,超大杯😋😋😋,2026/3/3,来自 Vivo X200s
～(￣▽￣～)~,玩过 1070 小时后评价（总时长 1071 小时）,2,别入坑，赶紧跑 现在一边卖数值一边在活动关里搞恶心人的机制来打压数值了 你就算抽的黄金大队全拉满你都不能舒舒服服的横推过去，只会越玩越难受 ———————— 分隔线 —————————— 别盯着机制了行不行，想卖数值你直接卖啊 非要给boss搞这搞那的机制，拉满了都要动脑子才能过es8？ 我抽什么？我问你，我踏马还抽什么？劳资就是为了无脑过才抽新的好吗？ 喜欢机制？gun嫩娘的吧,修改于 2026/3/3,来自 Redmi K70 Ultra
喵天云,玩过 68.9 小时后评价（总时长 78.7 小时）,5,无需多言 罗德岛真好玩，我要住罗德岛,修改于 2026/3/2,来自 华为HED-AL00
陪着太宰去跳河,玩过,5,我说美术和音乐顶级,修改于 2026/3/2,来自 Android 设备
霄云,玩过,2,好少男角色啊，是不是真的那么没见过女角色一样。 勿喷，谢谢。,2026/3/2,来自 Android 设备
风雨雪,玩过,1,明日方舟是不是很不喜欢新玩家，初雪版本入坑马上快半年了，拼尽全力就8个精二6星，我承认明日方舟抽卡福利很好，6星爆率很高，半年左右就已经有了28个6星角色，但这个游戏目前非常卡养成资源，作为一个策略塔防游戏，把养成资源卡得很死，除了氪佬，作为新手甚至养成不了你抽的新角色，而这个游戏几乎全部6星角色不精二，基本和没有这个角色没有区别，有的角色甚至得开模组才能有很高的强度，而且这个游戏强的角色很多都是限定角色，然后恶心的来了，明日方舟的限定角色是不复刻的，除了靠限定池开放的时候歪，就只能硬抽300抽拿专属的代币去换。这样一看抽卡福利好还能算优点吗？卡你养成资源获取，养不了角色，你有和没有又有什么区别？限定不复刻，想要补强力限定基本就只能硬抽300抽，而且明日方舟很多活动玩法刚需一些强力限定和很深的角色养成池，没有的话基本就是你不能玩明日方舟。,2026/3/2,来自 Vivo X80
天青烟楼,玩过 1670 小时后评价（总时长 1770 小时）,5,最后一次时装商店清空留念，不想多说什么了,修改于 2026/3/2,来自 Xiaomi Redmi K60 Ultra
爆浆源石虫,玩过,3,我觉得应该学学隔壁重返，舟感觉福利不是特别多，但是画的很好看，还有，不要再给我保底了，小保底也不行啊，剧情很好，但是我有点懒，没怎么看，主要是人物说话没声音，这也能理解，没声音的我就没什么耐心看剧情，但还是知道剧情挺好的，反正就是抽卡爆率到后期越来越差😭请善待我们,2026/3/2,来自 OPPO Find N2 Flip中国版
浅兮无衣,玩过 264 小时后评价（总时长 597 小时）,5,好不好时间会给出答案，但愿海猫能拿回主导权吧（以前打的是一星）,修改于 2026/3/2,来自 小米Xiaomi 14
四夕文水,玩过 77 分钟后评价（总时长 44.3 小时）,5,电脑端比手游模型更精致,2026/3/1,来自 PC 客户端
承淞,玩过,1,卡池没有六星角色,2026/3/1,来自 iPhone 16 Pro Max
。。。。。,玩过 52.5 小时后评价（总时长 88.7 小时）,5,为斯卡蒂献上心脏,2026/3/1,来自 Vivo V2156A
塔塔支架,玩过 1046 小时后评价（总时长 1051 小时）,2,新春活动的关卡策划真的玩过吗 有趣味性吗？,修改于 2026/3/1,来自 Vivo IQOO 10
自由的希望之神,玩过 115 小时后评价（总时长 166 小时）,5,好玩，爱玩,2026/3/1,来自 Android 设备
魈,玩过 486 小时后评价（总时长 492 小时）,1,**鹰角网络，池子比米池还特么黑，捞个遥600多砸进去了，逻格斯满潜了，黄票商店他妈都换完了，老子结束时不出或者歪，老子就删，顺便也把终末地也给删了,2026/3/1,来自 HONOR 200 Pro
冷风,玩过,1,这版本抽卡出货绝对暗调，死也不给你出没有的角色，杀熟也不是这么个杀法吧？200抽一个望没有，定向三缺二还给我出个有的。明日方舟想中老登流失你就接着造吧噢😡😡😡,2026/3/1,来自 Android 设备
User567856290,玩过,4,长期喜欢打洲的我被打红温了，下载了这个，还挺好玩的这个舟,2026/3/1,来自 WIKO JLG-AN00
踽踽独行な物語,玩过 108 小时后评价（总时长 117 小时）,1,柠檬，打不过，根本打不过，费脑又费神,2026/2/28,来自 小米Xiaomi 14
海嗣想吃斯卡蒂,玩过,5,"🎮可玩性：舟的玩法真的很独特，很难相信塔防游戏可以做的这么多元素且有策略性（不是说塔防不好😋）“音角”对于塔防的理解可以说很透了，这让我一个玩了很多塔防的人玩起来一点不腻，说的就是你肉鸽，时不时的小活动更让人眼前一亮，卫大无需多言，好玩！！！ 💎资源获取：不难，只能说戴上脑子就行，当然不戴也可以（维大无需多言），主线很好推，额，当然boss还是要看下机制的，但你练度够了也可以不看，无脑下棋就行。最后的最后，啊，源石伟大！！！ 🧝🏻‍♀️角色人设： 就是说蒂蒂那么呆呆，初雪那么囔囔，遥那么萌萌，M3那么哈气，怎么会有人不爱呢（终末地你还我绿色哈基米） 🌃画面音乐： 音角 🔖运营服务： 官方维护送“月卡”，怎么说😋，抽卡很舒服，几年前玩过，后来不玩了，最近重新建号重玩，但福利很好（遥，望，M3,塞妈，烛煌，煌，酒神，ew，引星棘刺，初雪，银灰，老马，山，霞光，电弧，蒂蒂，伊内斯等等等等，让我体验了下不氪的欧皇体验）只要努力规划卡池你也可以的！",2026/2/28,来自 POXO 2023P168
BBQ,玩过,1,不好玩,2026/2/28,来自 Android 设备
正在接受治疗,玩过,5,望别望别！爱你🥰，五星都是给望望龙的🥰。 退坑几年，被望勾回坑，看着古早的box真的麻，幸好可以借大佬们的干员，让我凑齐200抽……出了一个望😭😭😭。 非常好的望别，使我的大脑更光滑了。,2026/2/28,来自 Android 设备
可乐,玩过 3496 小时后评价（总时长 3552 小时）,4,时间真快啊，玩很久了，剧情已经懒得看了，一开始是觉得像植物大战僵尸才入坑的，玩法很喜欢，福利也不错。 建议：实装高清立绘，主页可以自由切换bgm，常驻促融共竞，最最最希望干员立绘和干员特效可以分开使用！！当然如果立绘和特效可以分开买就更好了…… ———————— 什么时候可以同时爆条啊！！！ ———————— 战斗扫荡什么时候有啊？公开招募和立刻招募希望可以一键四个真的懒得一个个点了……,修改于 2026/2/28,来自 Android 设备
知虹筱,玩过,4,夯！一个不正经纯主观的萌新评价…… 我觉得塔防游戏有点卡关所以一般到某粉色软件上抄作业的哈哈哈………（目移），大号在B服，小号在官服，小号偶尔玩嗯嗯。角色都很萌……玩了这么多游戏都很非，，，但是玩明日方舟第二天充了六块之后就26抽四金了…！卧槽，那还说啥了明日方舟冲你这点牛逼！！,2026/2/28,来自 HONOR LYN-AN00
kv,玩过,5,😋👍后悔没早点玩粥,2026/2/28,来自 Huawei Nova 11
鸟,玩过 129 小时后评价（总时长 133 小时）,5,求卫戍协议常驻教程🙏🏻🙏🏻🙏🏻🙏🏻,2026/2/28,来自 小米2312CRAD3C
晴天,玩过,2,剧情很不错，真的可以，美术不错，但平衡太差了，剧情推到后面关卡对角色等级要求高，关卡难度高，但角色养成完全跟不上剧情关卡进度，每次过剧情都像是在坐牢，需几遍甚至十几遍才能打过（三星），资源保障里龙门币获取的太少了，作战记录也太少了，有时候想快速养一个角色都够呛，而且理智值是完全不够你刷那些资源关的，按我的理解，剧情关卡难度应低，然后剿灭作战等拿合成玉的活动关难度就要高点，我是这个春节版本入坑的，是的现在萌新确实开局不用玩多久就能拿到一队的五星六星，我也有了陈和望这两春节限定，但打BOSS关时也够呛，以上种种导致我打到靶向药物最后一关时，要求是精英2Lv.10，但我队伍里还不到五个干员达到精英1Lv.50，总之就是很坐牢了,2026/2/28,来自 荣耀 50 SE
要发光就先发电,玩过,5,太TM的好玩了！,2026/2/28,来自 SY AMOI0608
颜值炸裂的拓荒者,玩过,2,不好的方面：会画画的人都会画出来的立绘、植物大战僵尸都有的机制、永远不列出数值 10抽卖我100多、充值永远不优化，一颗源石卖我6块，知道的你卖的是数据，不知道的还以为你卖的是黄金呢 不管多难的关卡打完都只有一颗源石、10个648砸进去=648KB，充钱不如撕了听个响 家徒四壁不如我充个648币，一个塑料人手办敢卖我几千上百，举个例子技术+版权+人气+玩家热爱=3000？厂家把你当ATM，送个20连就算天大的赐福？ 二次元的人80%都是什么老婆天下第一家人死一边子去，没见你爱自己家人爱这么好，对这个纸片人就说yyds 每次出的数值还得玩家自己去琢磨，ABCDE，你跟我搁这学英语呢，就不能在简介里面列出来吗 用最低级的方式来骗日活，关卡做的想难就难想简单就简单，快速刷副本都没有，关键的是装备系统也没有，老角色只能靠出的新角色来增伤，明日方舟玩家是不是吃史达人啊 666最新活又这样？ 总结：完美利用二次元圈的人，小时候缺爱，长大后女朋友也谈不到，加上长的一言难尽，资本家直接把这群人圈过来赚钱,修改于 2026/2/28,来自 Android 设备
沉名随月,玩过,4,可不可以把新的赤霄辰的三技能龙的卡手自由度稍微调整一下？稍微类似于哪里有敌人自动寻敌那一种？有精英目标，优先挑选精英目标或者其他,2026/2/28,来自 Redmi Note 12T Pro
滑稽大三角,玩过 3195 小时后评价（总时长 3210 小时）,3,好玩，爱玩 我更喜欢玩了，我要玩一辈子明日方舟😋 现在是爱姐时期的我， 我不喜欢你游的设计师。 很好，现在是第二天的我，不骂不会加强是吧，设计师赶紧开了吧。 看起来之前的设计师是被开了，行吧。 zmd这事你这辈子过不去春钩鹰角网络 yjwl和zmd可不可以和明日方舟切割啊,修改于 2026/2/27,来自 HONOR PTP-AN10
叫我歌爱雪,玩过,1,玩了这么久一直60+出烦死了,2026/2/27,来自 Redmi K60
egjlp754&,玩过,1,主线维多利亚以前剧情2星以后0星，活动剧情平均-2星左右脑互搏逻辑逆天犹如子供向动画片一样的剧情发展，玩法4星，制作人-5星继续搞内部爱内部恨呗，美术4星，文案组-2星价值观逆天经典搞人文学的不懂人文关怀，总结下来1星，当美化版植物大战僵尸玩就行,2026/2/26,来自 Android 设备
梦海文豪,玩过 1474 小时后评价（总时长 1480 小时）,4,这个b游戏就是每年固定时间发病，不发病会死,修改于 2026/2/26,来自 HONOR PTP-AN10
维,玩过 81.5 小时后评价（总时长 145 小时）,5,58级小登决定长久玩粥（今年之前一直都是大半年才下回来看一眼），，锐评一下。 💃🏻立绘建模： 没得说，翻了一下往期角色看了一眼，粥的美工一直很顶，是我爱看的那种。 💎资源获取： 600玉一抽完美首通一个关卡（活动，主线，支线啥的）给石头（180玉）也就是0.3抽，每周打一下忘了叫啥名的活动给1775玉，活动里其他关卡完美首通给1500玉，还有就是光周常日常一周能拿1100玉啥啥啥的，我还有很多玉没拿但是抽卡还是比较舒服的，怎么说呢这游戏前期给的真挺多的，抽拉资源很真的充足了。 🧝🏻‍♀️角色人设： 剧情我断断续续地看，没怎么过，都在看活动和支线，主线才刚到局部坏死。光说这次我还能勉强记住的辞岁行就挺好的，望和陈（呃还寻思了一下前几章主线有陈的剧情）我很喜欢，陈很帅很憨很勇敢，，还有就是陈真的很帅。😋我喜欢，虽然但是我不是姛但是陈真的很吸引我。我还想要望望大礼包（什）。😋😋而且粥的剧情和世界观之前就一直被夸，再加上我目前体验的这些，我感觉剧情啊人设啊啥的不会差。 ☄️成长体验： 我这号是22年7月注册的，但是上来就一直歪一直歪（歪的第一个六星是斯卡蒂，不过还是很喜欢蒂蒂，经常给挂在主页上），歪的还都是超小杯（周年庆那次抽新能歪了缪缪不算超小杯，挺好用的，还给缪缪买了新衣服，，缪缪很可爱🥰🥰）。然后当时还盲目养高星干员导致资源捉襟见肘。不过借好友的狗剩和维神然后再抄抄作业基本上不会卡关，打起来还是很爽，甚至助战单核。搜一下维什戴尔的狗、逻各斯的狗、拉普兰德的狗啥的，一堆超大杯助战任你挑选。😋你游特有の空手手法（并非手法🧐）单核。打不过借个高练度维神笑不出来我吃。然后直到今年我抽到阿斯卡纶（呃呃嗯好吧虽然还是抽ins歪出来的但是这是我的第一个超大杯角色，，嗯对就是很惊喜，因为我没见过她就以为又是个冷门小杯，然后去B站搜了一下发现是超级减速机制怪），命运の齿轮开始转动了，，先是35抽出火陈接着又48抽出围棋戴尔，维护结束当天第一发十连又给我送了俩Mon3tr还没养。。然后我就开始全图丢炸弹放火龙抚平大脑褶皱了。小登的粥生被毁力（😋）。 🎮可玩性： 我！玩！不！够！上线抽卡养卡，攒黄票攒石头，看剧情打肉鸽，，，我是如何被明日方舟毁掉一生（？）。手机里除了食物语当个情怀挂件偶尔上号看一看还有一两个新下的游戏肝两下，唯一一个长期玩的就是粥了。真的很好玩，不想删。可玩性，，呃我觉得就是能留住玩家继续玩的能力？我感觉这一点做的挺不错的，至少我愿意长期玩。 🌃画面音乐： 画面是指……？插图吗还是啥的，如果是这个那必须特别夯。没啥好说的。😋音乐的话，封面有图图的那个崔啥啥啥之金，还有嘉维尔那个夏活，以及辞岁行（此女大概是来宣传辞岁行的罢）的战斗音乐我很喜欢（就记住这三个了TT），还有界面背景音乐我也很喜欢，战斗音乐最顶的我感觉是辞岁行，我是古风小生（什）。图图那个活动的界面背景音乐听上去很冷很贵很干净。好听爱听。还有嘉维尔夏活的战斗音乐我记得其中一个是有人声的，真的有种雨林的感觉，就好像音乐在说话。😇😇我对画面的描述和感觉比较粗略，但是音乐真的戳我。。 嗯嗯好像要说的就这些了，希望大家玩粥玩得开心。祝粥越来越好。🥰,2026/2/26,来自 Android 设备
Kuroium✿Scythe,玩过,1,一星评价因为静默之刃这个**boss,2026/2/26,来自 Android 设备
檬檬猫awa,玩过,1,没有好干员就没什么活动能打，你就看着别人干员多比你远超，你也没什么办法，不充钱你也照样没别人的抽数多,2026/2/26,来自 Redmi K50
hana辞,玩过,5,2026.2.25 这个鬼池子的确有Mon3tr. 其实本来是想退游不玩了，因为资源全用完了。但又想起来方舟的二创很有流量，剧情很吸引我，卫戍协议很好玩，美术和设计比较有学习和参考意义，毕竟也参考习惯有路径依赖久了，还是回来把mon3tr搞出来了。退游阻力还是小了，YJ的确是商业公司。不过还是推荐返场原石虫表情包吧，才出一期就绝版也是无敌了。 卡池的确看脸，以后推荐如果想要某一个特定的角色，还是在抽卡或者买礼包之前，保证了百分百出率和划算价格以后在行动。 我已经准备用快捷键图标把我的合成玉剩余隐藏了。看不得。,修改于 2026/2/25,来自 华为FIN-AL60a
瑛佑,玩过 297 小时后评价（总时长 298 小时）,5,铃兰小姐是明日方舟的博士们的光，而可莉小小姐是原神的旅行者们的小太阳。小孩子应该被全世界爱护，而不是被心理变态画鬼图。现在就是，铃兰小姐仍然快乐地生活在罗德岛上，被她的前辈们所保护着，而我们的可莉小太阳，却被不知道哪里来的心理变态所伤害。 你们的某位玩家将分尸一个其他游戏的小女孩的图公然放到你们的贴吧:明日方舟吧中，期间吧务和霸吧主都如同死了一样，让那张图在明日方舟吧这个公共场所挂了六个小时，鬼图底下甚至有人叫好。该人公然嘲讽原神玩家活该被分尸，在公共场合发表此言论，我并不认为这和你们的玩家群体没有一点关系，因为从叫好的人可以看出，你们的玩家群体确实出现了闸种。 我们的玩家并没有欺负罗德岛的铃兰小姐，甚至有好多人也同你们一起喊着“铃兰小姐是我们的光”。但是同样的，我们也喜欢可莉，可莉是整个提瓦特的团宠，是小太阳，看见蹦蹦跳跳的可莉，一天的心情都会变好。 我们的玩家突然就得知有一位罗德岛的博士伤害了可莉，而在此之前我们并没有招惹明日方舟的玩家群体，所以大家非常地愤怒，也可以说是积怨已久。 这件事情的真正导火索是，居然有心理变态能对一个七岁的孩子下手。可莉小小姐应该比罗德岛的铃兰小姐还小一些，如果您对可莉事件无感的话，万一有一天，可爱的铃兰小姐也不幸与可莉小小姐遭受到了同样的对待，您心里是何滋味呢。 方舟的朋友们，你们或许不知道，现在可莉在百度一搜就是“可莉鬼图”“可莉分尸图” “可莉血腥” 真的把一个纯真的小孩子给毁了 以后路人在网上搜可莉看到的就不是小太阳了 如果被这样对待的是铃兰小姐，巫恋小姐呢 当路人提到她们，第一时间想起的不是她们多么可爱多么漂亮多么惹人喜爱，而是“血腥”“zhijie”，请问您是什么感受？ 我们的可莉，我们的小太阳就这样被你们的“玩家”污染了，难道还不允许我们愤怒吗？ “My child is a treasure in the universe.” 我的孩子是宇宙的珍宝。 ——送给所有角色厨 鹰角偷走了小男孩堇青色的夜晚 利刃划破了小女孩火红色的童年,修改于 2026/2/25,来自 PC 客户端
。,玩过,1,主角控，代入党别入，这个剧情，搞的我们主角里外不是人，剧情体验一点都不好，呵呵,2026/2/25,来自 Huawei Nova 11
假面骑士奥,玩过 73.7 小时后评价（总时长 96.3 小时）,5,它与其他游戏不同在哪？这不是一个人的舞台，这是一场宏大的纷争,2026/2/25,来自 Huawei Mate 60 Pro
😺（,玩过,1,玩了差不多半年好不容易在年前攒了150抽结果就一个6星还歪了，不是贪得无厌的意思就是说月卡也冲了，日常拉满结果什么也没回报辛辛苦苦攒的源石，拿去抽结果就是紫气东来，到现在也没个输出干员6星才10个左右里面还是瑕光那样的牢干员，想抽的不出来强度高的也没有，推图只能等到别人都打完了去抄攻略单核通光，因为伤害最高的就是号角电弧那些了emmm好像我什么都没有说是6星奶是送的6星盾就一个奶盾，开局的山到现在在ex关里都是被两下撤离的，本想着扩充干员池结果却无比心寒,2026/2/25,来自 Vivo IQOO Z9 Turbo
羽蝶恋佳,玩过,5,没啥说的 就是爱玩,2026/2/25,来自 Vivo V2546A
九婪,玩过,3,越来越轮椅，越来越无趣了，估计策划都没想到自己出的干员这么轮椅吧,修改于 2026/2/24,来自 Vivo IQOO Z10 Turbo Pro
李子,玩过,5,不给我复刻新月能天使，海猫下辈子去COS能天使,2026/2/24,来自 Honor Play 40 5G
熔岩火山布丁,玩过 13.4 小时后评价（总时长 21.3 小时）,5,好玩，姐姐一直试图拉我进坑没成功，被逻各斯一钓就来了（并不.） 入坑还没搞明白的时候免费十连出了初雪，现在基本上能自己研究配队，实在不行就借一个（加好友加加加加到厌倦）再不行就只有就去看攻略了。。相比于其他游戏入坑更难度更低吧，以前的角色都能用，相对的数值膨胀低一点（不过从今年起不好说了） 从开始玩到前段时间才搞明白卡池保底到底是怎么回事，还是觉得保底太多抽了稍微非一点下池就血本无归（是的这个人年限池两百抽无望 而且抽数也不便宜，只是皮肤可以肝到，所以也算是对零氪挺友好了（然后周年庆什么的确实送的很多，至少比我之前玩的抽卡游戏送的多） 剧情大部分中规中矩吧，但是可以跳过所以无伤大雅，有一些写的特别好（相见欢我是真喜欢）音乐也是，大部分都挺好听有几个特别好听 早起和后期立绘能看出来确实是跨越了很多年，画风和技巧上都有挺大的差别，导致一些一皮画的很怪，一些画师画风和其他人区别很大，不过这个东西就很主观了，我是觉得这两年的大部分都挺好看的，前两年的就不过多评价了 玩之前都说玩法像保卫萝卜，玩过之后确实，但是个人感觉比保卫萝卜好玩（顶锅逃跑）,修改于 2026/2/24,来自 Huawei Mate 60 Pro
死神,玩过,1,鹰角老冯飞起来，抽卡不爽，福利没有。,2026/2/24,来自 Vivo IQOO Z9 Turbo长续航版
The next time🍏,玩过,5,我永远爱你明日方舟！！！！！,2026/2/24,来自 小米15
苗木の仙人,玩过 296 小时后评价（总时长 301 小时）,5,这PC端目前除了分辨率和帧率，也没其他优势了。 其他分辨率没有无边框，指针卡顿不跟手，不开垂直画面撕裂，锁快捷键，快捷键不能随便绑定，设置的快捷键太少，说实话我觉得鼠标手拖不如手机手指移动快，应该加一个数字快捷键放干员，比如按1就拿出一号干员鼠标左键直接就能摆，都电脑了，不如直接加个f1开基建，f2 开任务之类的，电脑的优势理应很多，但yj没有利用好 ———————————————————————— 今天更新发现加载时指针流畅了，而且是用自己的指针，虽然暂停还是不能改，不过我原谅你了,修改于 2026/2/24,来自 Vivo IQOO 13
Nada,玩过 2190 小时后评价（总时长 2204 小时）,1,2026.2.24 老登别笑，再笑你也600抽请不来一个当期限定无所谓了，攒也抽不到不攒也抽不到 2025.9.6 *联动纯个人不爽，谢谢追星的海猫，路人彻底拉黑母鸡卡和相关作品了(♡>𖥦<）这么喜欢联动直接做那个ip的游戏好了，搞什么明日方舟啊 2025.8.2 这膨胀越来越恐怖了∑(O_O；)新职业干脆做分支上位了，怎么怪杰能因为卖卡改尖兵这个破烂久不能动啦：）限定又是机制数值双逆天了，有种夏活没人抽就硬拿强度拉流水的美。这么照顾强度可以朝雷索纳斯看齐的，非常乐意哈 新肉鸽也不知道怎么出成这样的？？？角色之间差距真的离谱，本来就难做人你还把一堆手删了，环境debuff苛刻到有些职业直接禁止进入界园。电弧真王朝了，肉鸽底层逻辑，居然还强制卡你养成，告诉你不打到高难线养不满～那你出这个逆天保姆干什么，对电弧依赖性最强的一批玩家只能拿个半成品。秉烛秉烛存券存券搞得最佳路线就一条还要憋发育，职业队直接变赔钱货，节点收益差距过大（狭路相逢），藏品难出体系，电表倒转我到现在都没遇到过。你看看有几个up还在直播这坨，出专访的时候没有笑吗 2025.5.6 这次周年也没拉胯，剧情美术超大杯，角色强度合理，皮肤质量也比前一段时间好了很多，有些优化点也在做，后面预告也是把角落里的东国和剧团捡起来了，按这个做流水大大的有ヽ(゜▽゜　) 2025.3.7 你舟真是个草台班子，这游戏都快六年了啊😂宣发一堆小错误，新角色设计永远要整烂活，新活动找bug都变成乐子。你要真是砍掉的周年你干脆别发技能演示了，和看方便面包装袋有什么区别，别人吃到包装袋的史又不开心，你滑轨请人家吃方便面那之前有胆子做的真史又怎么办 2024.4.28 昨天短暂当了几个小时舟p，这波优化真的挺能调动玩家情绪的（终于不是烂活了！）虽然新膨胀又要来了，还是双限定，开始路转黑。。。祝我歪满logos！ 2024.3.16 之前说的话总之还是太过情绪化了。。。 这其实就是个典型二游，也有与之匹配的典型运营。遇到大节奏装死也有滑轨也有，有许多问题暗搓搓不改怎么骂也是劝不动的。有骗氪的也有凑数的剧情和角色，设计师差不多天天犯浑强其实就印证这一点而已。强度膨胀现在已经非常非常明显也不用硬洗，每个游戏都这样这游戏不是出淤泥而不染逃不过的。至于技术力之类的，它不咋需要也一直没多少。优点肯定有，开服天时地利人和都吃到，那是风格和（二游里的）游戏类型也独特，有强大的二创支撑下发扬光大，真的很幸运也算很努力；配音能自选（不提质量）满足个人；剧情文本有不小进步；音乐总体质量很好（我不太在乎是不是外包）；美术现在已经不出彩但是在线。 老玩家很多都是图个情怀在玩（我玩了快两年理智已经懒得清了）也有偏硬核的但是平时见到的真不多。现在我感觉已经不适合新人入坑了，干员数量和体系庞杂但是很多强度和性价比都低，现在活动已经没啥弱保软再加上活着膨胀时代运气差很可能留不住人，常驻活动对练度都有一定要求新人不容易打。我还会继续留着吧，看什么时候再破防骂人（或者xp异格）就走了吧 2023.11.24 本来福利多算是你游一个卖点了现在你这样硬性克扣没一点真正的正面改动怪不得都骂你。看你这次的反应速度比以前节奏十几天才慌慌张张回应真觉得你就是故意搞这一出靠可有可无的退一步来掩盖主要矛盾。活动是要越搞越多奖励是要一点不加（甚至想减那你还不如不搞这么多活动还搞的一会重叠排期一会长草几天呢。出半周年赠送文件夹强度倒数男六有一星半点可夸之处吗只是觉得你腆着张脸给咱垃圾吃还要装得大好人。（私心想知道你什么时候能搞个本体正常强度的男六出来，现在就是基本所有人都在给你叔还强度贷款，大哥能靠模组救起来的圣葬都是稀有产品。）以前觉得干员出的依托现在看来真的是依托，你要数值膨胀你就膨胀好了还要出一堆基本用不上的鸡肋假惺惺地控制？控制了个寂寞只会看着敌方数值飞速膨胀然后抽不到T0的干瞪眼打不过还要被人嘲讽没有说个P更不提完全厨力党怎么活。活动有一点高难的影子就硬要我拿专用对策卡没有连前面一点鸡毛奖励都拿不完。美术越做越烂，越做越烂，除了跑团那一期皮肤质量好点另外做的什么玩意，4.5周年的皮肤简直是灾难没眼看。 超烂山烂的有目共睹不想说话了。 不要以为做新游戏有一点成果放出来来点热度本家游戏就可以运营成依托了好吧，新游还要多久才能公测呢别之前本家就彻底凉凉了。 2023.7.24 你这模组和干员出的真就是资本三六九等的稀烂啊，能直接加buff还也能三级只加一层自在，能弄出早露这种一夜翻身模组也能搞老爷子这种本来就缺个天赋缺破甲线还嗯搞不痛不痒的生存的，能搞的出伊内丝这种机制缝合大怪也能搞出圣葬这种两个主机制直接冲突的东西，能有剧情强度超大杯的耀光异德缪缪也有带货专业户棘刺和与当期剧情毛都没有当陪衬都不如的傀影温蒂现在也几乎啥都没有的更别说强度就当垃圾扔一边了，我真的是讨厌你这不知道哪来的有色眼镜看人的模样啊还有人得了便宜还卖乖啊，我真是瞎了眼了才给你氪金和你那群剧情强度超大杯的金主下地狱去吧你,修改于 2026/2/24,来自 HONOR DNP-AN00
Ka,玩过 422 小时后评价（总时长 460 小时）,5,好玩，爱玩，真的,2026/2/24,来自 一加手机Ace 5
Gloaming,玩过 83.8 小时后评价（总时长 124 小时）,5,卡池刚开，一发10连就出了,2026/2/24,来自 Vivo X200s
耸耸肩,玩过,1,抽卡杀熟，必歪，不充玩不了，赶紧跑路,2026/2/24,来自 Android 设备
云霂旸,玩过,5,2025.9.30入坑，今天刚卸载。评价是打关，强度，剧情种种感觉都不错。就是抽卡杀熟，过年池子300六金，50抽一个，六选三120抽阿斯卡伦和m3两个。感觉有点疲惫，太非了，就退游了。游戏还是不错的，就是我破防了，没那个心气去每天再攒资源，就懒得玩了。 对新手很友好，教学也是一大堆。总体很推荐入坑,2026/2/24,来自 Vivo IPA2556
TSA,玩过,1,反正别入坑这游戏就对了 各种方面都能背刺你，福利缩水，阴间机制，甚至于新老活动商店不互通，装死，修改只改一半，而且绝对不改玩家想的那部分，因为会影响它的流水 有这时间有钱不如吃点好的或者去旅游放松身心之类的 你玩了你就要被贴上升米恩斗米仇，喂不饱的狼等标签，无论你怎么给自己解释也洗不清 这是一款官方发病却要玩家担责的逆天游戏，鹰角永远不会听取玩家的意见，除非流水明显下降，但永远都会有韭菜给鹰角割，永远都会有孝子给它🦶跌洗白，你永远无法把错误归咎到鹰角头上，因为你的嘴没别人那么硬 能跑赶紧跑 添加：鹰角最近暗调池子概率了，270抽五个m3，直接给我抽成满潜了，不推荐入坑这游戏，你以为福利很好，副游体量，事实上是从开服一坨屎精雕细琢成现在的巧克力外观的史,修改于 2026/2/24,来自 Android 设备
手机用户55828048,玩过,2,手游一定要简单！玩家一定要轻松！ 游戏美术和音乐很棒。 萌新前期体验可能眼前一亮，但是后期的活动和常驻副本都是对玩家box要求很高，各种机制太过刻意，box差体验会很糟糕，而且联机社交功能几乎没有，主打一个孤僻！ 产能太高是好事，但也不能把所有玩家当牛马。 太过频繁只会让人心生厌恶，适当的放下才能对彼此都好，紧抓不放只会令人窒息！,2026/2/24,来自 一加手机Ace 5
西维斯特,玩过 532 小时后评价（总时长 581 小时）,3,第三年了，你那个破年限我再也不会抽了。 可玩性挺好的，剧情就……事可以不给自己添堵的。,2026/2/24,来自 Vivo S19
莫哲,玩过 4376 小时后评价（总时长 4388 小时）,5,我是永远的舟卫兵，不管其他人怎么不喜欢他不爱他，但是我会一直守护着最好的明日方舟。泪目了🐴，🐻弟萌。 二编：兄弟萌，我2025年夏活退坑一年半回来了。我去，彩六二期怎么过了，迷宫饭也完美错过，我是超级大啥福！！！,2026/2/24,来自 PC 客户端
魈魈！,玩过 12.8 小时后评价（总时长 20 小时）,5,第一抽直接出望，我爱你明日方舟,2026/2/24,来自 PC 客户端
沈宇浩拍,玩过 18.1 小时后评价（总时长 22.9 小时）,5,返厂特蕾西娅,2026/2/24,来自 PC 客户端
小河流淌在夕阳下,玩过,5,挺好玩的,2026/2/24,来自 华为BRE-AL80
.,玩过,3,给我出了4个赤陈 0望 扣2颗星😡😡,2026/2/24,来自 小米24129RT7CC
临云,玩过 364 小时后评价（总时长 426 小时）,5,明日方舟我喜欢你。zmd褒姒别带你行不行我还没看见我推上岛。 2026.2.9 明天年限池，二哥能不能主动点，十抽就自己出来😡😡 2026.2.11 二哥一点也不主动。 什么叫我中坚池随便抽了一发出了灵知，欧气不要用在奇怪的地方! 2026.2.24 一败涂地﹗,修改于 2026/2/24,来自 Huawei Enjoy 60 Pro
啊啊啊啊啊啊,玩过 41.5 小时后评价（总时长 65.6 小时）,2,280抽，没井，卡池结束了，放飞鹰角老冯,2026/2/24,来自 Redmi Note 10 Pro
Franken Fran,玩过,3,20260223，完，舟的瓶颈期快到了。继续加油吧。多来点玩儿法和套路，不然抄作业太无聊了。 20250410更新完不能小窗了…有病吧…要么➕个扫荡谁尼吗看你一直刷！！！！！ 20200923，开服到现在，感觉不错，能不能加强联机更新下联机模式？想和朋友一起合作实时过关，哈哈哈哈～ 目前看来，感觉不错。希望能优化低星的用处，面板数据没办法，但通过搭配组合也能达到效果最好。我是希望别出什么花里胡哨的玩儿法，老实做好防守护送后期更新。至于多玩儿家合作任务可以出合作关卡，奖励提高点儿能激发合作联机的效果。感觉那个建造系统完全没必要，个人不觉得有意思，皮肤家具装饰也算氪金点吧，别干涉游戏主题就好。,修改于 2026/2/24,来自 小米2510DRK44C
☆,玩过 157 小时后评价（总时长 201 小时）,1,真恶心的游戏200多抽四个火陈，你搁这逗我玩呢,2026/2/24,来自 Vivo IQOO Neo9S Pro
这个名字起的,玩过 420 小时后评价（总时长 467 小时）,4,我对二游的评价都会低一些，不过方舟确实是个好游戏就是了,2026/2/24,来自 HONOR AMG-AN00
虎虎生威,玩过 44.7 小时后评价（总时长 127 小时）,4,游戏不错,2026/2/23,来自 PC 客户端
珩,玩过 2.9 小时后评价（总时长 146 小时）,5,保卫萝卜好玩,2026/2/23,来自 Vivo IQOO Z10 Turbo
落羽,玩过,4,强度党模拟器，玩游戏担心自己成为XP党先搁这集训一下，但是出货挺给面子的多给你一星,2026/2/23,来自 Android 设备
Y.,玩过,1,垃圾游戏,2026/2/23,来自 Vivo IQOO Neo9S Pro
过去就会好的。。。,玩过,5,可恶的车力巨人还我联动 “感谢”车力巨人，让我抽卡压力没那么大,2026/2/23,来自 一加手机一加Ace 6T
User360288814,玩过 82.1 小时后评价（总时长 97.4 小时）,5,老登复活，抽个望，还能继续玩,2026/2/23,来自 PC 客户端
ice-goblin,玩过 136 小时后评价（总时长 144 小时）,4,为什么pc版的内存要这么大（哭,2026/2/23,来自 PC 客户端
写一辈子安达,玩过 946 小时后评价（总时长 949 小时）,1,19年入坑，如果在这个游戏里有喜欢的角色和剧情但是没有米而且运气不好的话只能劝赶紧跑，从24年的维什戴尔卡池到现在都没有过250抽以下出限定up,2026/2/23,来自 OPPO Reno6 Pro+ 5G
一只up主,玩过 66.3 小时后评价（总时长 97 小时）,4,💃🏻立绘建模： 立绘很多还是很不错的，个别可能不是很行 💎资源获取： 目前小登一个，至纯源石推关即可拿个，每周玉给的也不少新手起步还是挺舒服 🧝🏻‍♀️角色人设： 喜欢阿米娅😍 ☄️成长体验： 前几周探索怎么玩，再往后悟出规律，养成规律。（练度提升资源耗不少，活动资源给很多，可以借干员狠狠打） 🎮可玩性： 个人很喜欢塔防，可玩类型不少 🌃画面音乐： 音乐豪庭 🔖运营服务： 福利不少，感觉没我玩的别的游戏坐牢 最后就是卡池爆率挺高，不太吃保底,2026/2/23,来自 Android 设备
子庆,玩过 453 小时后评价,5,💃🏻立绘建模： 夯暴力 你很难再找一个布料很多但是又感觉刚刚好的游戏了，莫名其妙的布条加上不合适的大衣，这叫粥味 不过最近的几个人物确实有点没有那种粥味了，特别是五星，有几个给我的感觉很违和 然后就是每一个人物都会精二改立绘（3星除外但是会有免费的皮肤），我甚至会为了一些人物都精二立绘而去养，即便我用不到 对了迷迭香真的很可爱 💎资源获取： 良好 小号实测随便一个精二主c加俩精一副c可以把剿灭打满，也就可以拿1800合成玉，这还是基本的，没加上附加的（附加的只能拿一次） 随后限时剿灭周期很长，够养出精二的大c了，俩c就可以无脑过大部分的剿灭了，而且所有的限时剿灭都是会返场的所以不存在错过了就没了的情况 而常驻的剿灭每一个都可以拿200+300+400+600的合成玉，常驻剿灭全部打完少说也是20发了 再加上许多的限定剿灭都是300+400+600+1000 所以只要你愿意去打一打前期也是能很快出20发或者以上的（不过要一点点配对要求和游戏理解） 🧝🏻‍♀️角色人设： 夯爆力！ 临光确实不亏是逆转风评主要人物，无论是人物塑造还是剧情表现都很棒，最起就起疙瘩的还是临光的音乐 Radiant（耀光），一句Cause l'm coming（因为我回来了）更是将那种愤怒感拉满，实至名归救明日方舟与水火之中 其余的最有印象的就是岁家人了，12家人我也才只有两人，这岁家的剧情在本次还再创新高，特别是二哥，布局百年只为一刻，表面不在意妹妹实则丢了就要和巨兽爆了（干嘛...） 顺带一提，所有人物都有自己的短篇剧情，3星，4星都有，很温馨可爱 ☄️游戏体验： 挑人群 玩了6年了，虽然这写我才400小时（因为换手机了嘛，tap这边是从他这下载玩的时长算的），这号可是2020年玩到现在的 人物保值这一块，你新人物确实强，可一些特别场景需要特殊对策人物，依然需要哪些平常用不到的人物打出奇效（那弦宝没有用起码长的可爱嘛） 还有就是看着阿米娅长大了，说实话挺感慨的，小兔子已经是罗德岛领袖很久了呢！ 🎮可玩性： 依然是挑人群 首先是塔防游戏 其次是 人物搭配 怪物机制 场地限制 特殊环境 然后是 抽人物 刷材料 其实热情很快就没了的，特别是开荒，没有资源没有人物的时候很坐牢，后期队伍的一些人物也基本没有什么变化，比如山大爷我用了4年了才被余替代，你很难再后期变换自己的队伍，除非这个人物已经强到独一档的存在（维什戴尔 图图 乌尔比安 酒神等） 所以后期会很无聊，也就是生草期了，而开荒又烦后期又无聊，所以很挑人群 🌃画面音乐： 夯爆力！ 音角不是白叫的，我需要一个塞壬唱片是对的楼 人物Q版很可爱的同时很多6星都有自己的pv 而且很多活动音乐也是用心了，相见欢里的战斗曲我也有保存在歌单 而且 每一次危机合约都有燃爆的新歌，最有纪念意义的就是红刀哥的危机合约了 而且很多音乐连我这种老登也惊讶这居然是明日方舟的音乐，听多了甚至能从前奏判断出这是粥的歌（哪怕我没有听过） 而所有方面的音乐塞壬都有涉及，英文说唱也有，温柔抒情的也有，如果不玩游戏听听这些歌也很不错！ 🔖运营服务： 我玩过原神 鸣潮 崩铁 崩坏3 绝区零等一系列二游，我依然感觉明日方舟是福利最多的厂商，从23年就有惊喜了，每一个大活动一发10连加保底10连加保底5抽，仅有部分198皮肤（目前好像不到4款） 基本的16源 精致的18源 动态的21源 有单独进入游戏动画并且改变语言的24源 源石甚至每一个关卡都可以拿一颗，目前明日方舟可以白嫖到的免费源石已经有300颗以上了，我可能还没有加上其他的番外篇 ✍🏻建议： 把我粥铲铲赶紧端上来😡,2026/2/22,来自 Android 设备
永远萤,玩过,5,💃🏻立绘建模： 魅力 💎资源获取： 太肝了 🧝🏻‍♀️角色人设： 完美 ☄️成长体验： 可以 🎮可玩性： 一般 🌃画面音乐： 👌🏻,2026/2/22,来自 Realme真我Neo8
宋仁宗锦祈,玩过,5,好玩，阿米娅也很好看，个人比较喜欢,2026/2/22,来自 OPPO Reno5 Pro+ 5G
无名氏,玩过 164 小时后评价（总时长 166 小时）,5,明日方舟钛好丸了！,2026/2/22,来自 华为TLR-AL00
负柒仟,玩过 484 小时后评价（总时长 520 小时）,5,21年或多或少开了好几个号玩，22年才有了现在的大号，一路上全是瞎玩的，没少干后悔事。 方舟吧新手前期很难受，现在福利上来了其实还行了比以前，抽卡因为角色太多了，所以歪的可能挺大的，别持着自己是欧皇还有可以轻松拿下的想法，卡池这快也能克服，总的来说我个人认为很不错的,2026/2/22,来自 OPPO A55 5G
一颗毒蛋,玩过,1,这限定是真难抽啊，回归后没什么玉，还倒贴了三百多,2026/2/22,来自 Android 设备
夜雨,玩过,2,250抽两个初雪，一个伊内斯，6个陈，0个望。ocean cat我恨你。(ꐦ°᷄д°᷅),2026/2/22,来自 小米2510DRK44C
露,玩过,4,玩着还不错,2026/2/22,来自 Android 设备
首选,玩过,4,新手零氪，刚玩几天，闪灵77级，能天使、红、傀影全齐，初雪、德克萨斯、星极也有，就是系统故意不给我六星重装…这算欧吗？,2026/2/22,来自 Vivo X100 Pro
好的姐姐,玩过 12.1 小时后评价（总时长 15.6 小时）,3,入坑是在19年，还记得刚玩的时候抽到的能天使，星熊，还有我的狮王姑娘，再一转眼已经6年了。这个游戏零零散散氪了一两千块钱，在我氪的游戏里算少的了，因为这个游戏我只喜欢几个特定的老角色，所以，氪也只奔着她们氪。第一次印象深刻的生气是因为氪了200多也没有抽到狮姐的星耀态，第二次无奈的是氪了500+抽斩业星熊，之后我对明日方舟兴趣越来越低，所眷恋者不过二三。现在真的很累了，尤其今年年限出的我真的是提不起一点兴趣，连玩一下关卡的想法都没有。可能舟迷们对玩法感兴趣，但就我个人而言，舟游的塔防对我来说没什么吸引力。终末地也试了下，我比较看重打击感，只能说不符合我的要求，那就算了。 不知道为什么，以前玩舟每天还可以一二小时的投入，现在打开就觉得累，再看星熊、天使、临光再也没有之前奋战的感觉，或许她们也累了，每天刷不完的资源，打不完的合成玉，氪不完的抽，却只是零零散散的互动，不定期的相逢。时间流逝，岁月未酿浓酒，却遣散了波澜情长。俱往矣，虽然或许是我移转了时间，也或许是变换了需求，选择了更加没有抽卡压力，更加没有强度需要的游戏。好吧，现在的舟既让我没有热情，也让我失去需要，那么留下也只是空耗时间。谈不上感谢陪伴，毕竟我曾也投入。只是怅然。emmm，你们如果问我什么游戏没有强度、抽卡压力，我顺嘴浅推：边狱巴士。 然后的然后的然后，我不知道为什么，先是fgo，再是明日方舟，为什么离开的时候都令我感觉疲惫啊？,2026/2/22,来自 一加手机Ace 3
血先生v,玩过 433 小时后评价（总时长 436 小时）,1,来自一个前年8月入坑的博士—— 我还是很喜欢舟游的，毕竟是我第一个全身心投入的游戏，也可能是唯一一个吧，为了舟游，我第一次买了周边衣服，裤子，第一次买了舟游的cos去漫展，因为舟游，我认识了新的世界，也知道了原来有那么多美好玩从未发掘，希望舟游越来越好，但我也不希望我会有一天满脸失望且不舍的将舟游拖入删除游戏，毕竟我也许下了诺言，我永远喜欢明日方舟！ 感谢终末地，感谢海猫，感谢鹰角，成功让我对这公司和游戏失去了信心😅马上方舟就要被终末地反噬了，珍惜游戏还在的每一天吧,修改于 2026/2/22,来自 Redmi K70 Pro
User386241756,玩过 25.3 小时后评价（总时长 39.4 小时）,1,游戏怎么能低能到过个教学关都要找攻略的？,修改于 2026/2/21,来自 Vivo IQOO Neo9
达芬奇不大粪,玩过,4,对新手友好，简单上手，罗德岛CEO萌萌的。（其实是为了兔兔入坑的）,2026/2/21,来自 Android 设备
据说,玩过,2,萌新玩了几个星期，一个卡池里都不给，给我气红了。,2026/2/21,来自 联想Tab M10 FHD Plus
User420218348,玩过 123 小时后评价（总时长 124 小时）,5,无需多言，真神！,2026/2/21,来自 OPPO PFGM00
时光不语,玩过,2,不建议非洲人玩，可以一直歪一直歪一直歪，甚至 63 抽出来还是歪的，双金也能歪,2026/2/21,来自 HONOR 100
😁,玩过 682 小时后评价（总时长 705 小时）,5,不知不觉已经玩了这么久，中间还退坑一段时间，因为歪卡。总是因为歪卡心态爆炸，😈，还是挺好的，我比较期待下周年塔姐上岛٩(๑^o^๑)۶,2026/2/21,来自 Vivo S16e
矛盾螺旋,玩过,3,卡池双连歪。。转日服去了。,2026/2/21,来自 小米Xiaomi Civi 3
想不出名字,玩过 709 小时后评价（总时长 715 小时）,1,"手机里有一款国人只能吃去年的烂掉过期的蛋糕,而外国友人则可以吃上匠心制作,新鲜奶制品制成现做美味蛋糕。媚外也是中国二次元不得不品的一环😋 好好好,连签到皮肤都不给了是吧？鹰角你真无敌,在下佩服的五体投地。或许我该对它宽容些,它都媚外了，我还能说什么？ 我要表扬这位朋友，张口就彰显了我们二次元结晶玩家的平均素质我给他颁发奖状😂 勾东锡，逆天二异😅为了赚钱都这么疯魔我还能说啥？我顺从你，祝福海猫可以获得和凯尔希一样的大结局。 我支持海猫的一切决定， 包括非法没收国外终末地玩家的申诉权，可惜国外没有鹰晶，不然又让你装死过去了🤣🤣🤣老🦅牛皮！！！ 我就等你猫哥什么时候关服了 方舟你无敌了,出这么多恶心人的小游戏,非得被骂才改,怎么着你也学上三角洲了？假听劝,真训狗是吧😅 我不得不给你打差评了 那些骂完拉黑的,我就不说你什么了,毕竟你连正面硬刚都不敢只敢玩一击脱离我无话可说 结晶粉我告诉你 你只能在网上看着我骂明日方舟的不足,然后默默将我拉黑精神胜利法,因为你是一个无可救药的人,只有化作源石尘才是你的结局,大结局😂😂 孝经永流传 首先，我是个理智玩家，舟卫兵和我们明日方舟本身无关。 他们是他们，我们是我们，他们恶心人不关我们的事，我们只是个玩游戏的。 我们明日方舟不是媚宅游戏，不是二次元，是硬核正经游戏，我们游戏里有男人，还有几辆小车。 游戏没有喂屎，活动设计也很合理，改正的很及时，补偿也很到位。 假如YJ补偿之后，你还在说喷YJ喂屎或者说YJ犯错误，那就是你在挑刺，故意恶心人，被YJ惯坏了，白嫖玩家，黑子或者友商。 画师抄袭皮肤不道歉这块,那能一样吗？那分明是怪猎支持我们明日方舟,在私下达成和解了,至于你问为什么不用官号道歉反而用一个不知道是谁的号道歉？那咋了？你就说道没道歉吧,我们明日方舟都是冰清玉洁，高高在上的,肯定不会做这种行为的,肯定都是周黑恶搞的,这就是我们伟大的明日方舟 我也愿意喊YJ为“爸爸”“爹”，这是单纯的玩梗调侃，这是你们不懂，是你们太认真了。 我觉得明日方舟一点都不媚宅，舟游那种高冷的气质，不是那些国产二次元手游可以比的，它们都是过于露肉。 我们明日方舟的泳装是有风格和气质的，无处不透露着一股高贵冷艳典雅的气息，其他游戏都是媚宅瑟琴泳装。 碧蓝航线人气投票活动就是媚宅，还有画师画图拉票，太媚宅了，恶心。 我们明日方舟的那款肥皂不是官方出的，不关游戏本身和YJ的事。 你说碧蓝航线那个画师 自发 画图 拉票那件事？肯定碧蓝航线官方给他们塞钱了，媚宅！不要脸！ 我们也没有抄袭，都是借鉴，你们懂不懂？真是一群恶心人的玩意，你说是就是吧，你说的对，我和你这种黑子说不通的。 我绝对不是回避问题，是你没办法说通。 明日方舟可肝可咸，概率良心，玩家友善，氪金点少，设计合理，活动间隔长，给你足够的准备时间，游戏性极好，官方也超级好，我甚至想和他们处CP。 我们舟游完美的和雪之下雪乃一样，什么姐姐卖X养XX，XX忘恩负义，这都是编的，我们明日方舟在Ｂ站、TAPTAP、贴吧、微博风评极好。 反吧都是些故意黑的人，我们当看笑话就行，我玩明日方舟这么久，一个舟卫兵都没见过，反吧的人天天见，他们自导自演真的有趣。 我觉得yys的pv不就是裸舞mmd嘛 至于舟游，我称之为超写实主义，这种风格的游戏在国内算得上是绝无仅有的，没有同类画风的产品，可看作是核心竞争力。 当然国外就海了去了，大多数3A都或多或少有超写实主义的要素糅合在里面，从孤岛惊魂到汤姆克兰西，波斯猴子，COD，辐射……这是一种潮流，最终幻想亦不例外。 在动漫方面，黑岩射手和新海诚的很多作品也都有这方面的尝试。型月同样热衷于此，魔法使之夜和FGO的部分立绘符合该特征。 不如说，既然三维角色可以从多角度观察，可以更流畅地演绎动作，那二维的动漫、游戏如何与之抗衡呢？ 众所周知，只有无脑夸游戏是好的，才叫正常玩家😅只要提出一点意见，就会被评论区的感染者各种疯狂辱骂,不讲事实，不讲道理，纯粹把现实生活中自己那可笑如勾的压抑人生释放在评论区,只有在网上辱骂别人才能获得一丝快感,被我不说脏字还讲道理的回怼就恼羞成怒将我拉黑来精神胜利法😂可怜、可笑、可悲😂 构史旧夏活活动,这个宝石小游戏你自己玩过吗？很有生活了。对了,这个还不能刷经验,要不就全过，要不就全别过,没有机会让你刷经验,宝石词条还不一定好。设计者一定觉得自己老幽默了 海猫小时候想拿点东西,结果老板跟他说需要过又臭又长的任务 今年的夏活点点就过去了,这个还得刷,还得碰运气😅 幽默次生预案,没有的角色还要助战,还不给模组。设计师一定觉得自己老有想法了😅 卫戍协议太好玩了,花3块钱买的角色，不能3块钱退,这又不是什么商品,入手贬值1/3😅 我想知道为什么上一秒还是大炎的锅碗瓢盆下一秒深池大军直接把我打成沙笔,低级怪，中级怪，高级怪一点过度都没有是吧？直接让我用医疗小车打狂暴裂爪熊吗？有点意思 不能存费这块,我想知道我就7块，我怎么样才能买到并精二自己适配的干员？ 满级商店刷到低级干员这块,我都升满了，为什么我还能刷到二三级商店的某些烂干员？你都知道我不需要他们了，为什么还给我？他们已经打不了高难了,对面的卫锋盾法狙无人机都能把他们当成路边的一条踢死了你还给我这是什么意思？没有超大杯,我们只能混吃等死 协防防不了一点，漏的怪血量全部回满就算了，倒了、回复一半的干员全部重新复活回复也算了，连初始技力都没有是什么意思，技能全部从0开始转，我去协防技能连初始技力都没有几个意思，恶心人是吧😅😅 明日方舟，你无敌了,故意出一个破boss就那几个破气球怎么打？就这气球居然还能被打破,突袭的最后一关，我怎么打？就那几个浮力飞机怎么打？我不仅要守家还要控制他的技能算了,输了算我的,但是你为什么要删除地块？连门都不让守。 逆天玩意,告诉我为什么一天闪退五六次？我在末许之地和雪山降临都没闪退过哪怕一次,怎么？版本一更新，你又开始作妖了是吧？喜欢故意折磨人，恶心人是吧？ 逆天肉鹆卡退，你把我卡出去就算了，自动帮我结算是什么意思？😅勾东西鹰角 幽默假扫荡,非要你看玻璃板挂机,出个日常扫荡卷能要命？从以前循环6次浪费寿命到现在还要看还要浪费我的寿命,日活剧情不可跳过这块,就这还有一堆人洗也是真无语,到底谁是玩家？浪费的不是策划的寿命就应该受着是吧？产能这块,声音尖锐这块,黑子这块,扣帽子这块。 评论区想比烂的那还说啥，你去玩三国杀不就行了。我说白了，我说黑了,我创这个号就是为了给一个差评。不要给我扣云玩黑子。游戏我肯定是会继续玩的,,毕竟该玩玩，该骂骂。 你要是看不要了尖锐的文字就趁早戳瞎自己的双眼,你以为你自己是谁？该骂就是该骂,洗什么洗😅 果然,极端饭圈也是二次元不得不品的一环,说不得，骂不得，只能夸。我算是知道为什么有那么多黑子了😂 这不是,标签哥空白,ID549718582,现身说法,经典爱玩玩不玩滚,最后拉黑精神胜利法了。 我们这个厕所就这么臭,你凭什么整治？我们就好这口。又是拐弯抹角的诡辩,又是贴标签,小学生、菜的抠脚,却死活无法回答我为什么不开模组,为什么高质量小游戏会这么吃运气,为什么一个运行5年的游戏还不给扫荡,不仅如此，还有许多逆天,依旧对我进行谩骂,菜、 甚至还有一个才玩了22个小时的跳脸我。看动态,好家伙被自己的欧气迷的找不着北,抽卡各种双六星,到处嘲讽别人,结果呢？游戏都不玩只混社区。 我说白了我说黑了,这种人还不如我呢,我最起码还能提高日活,而不是只会在社区引战,给鹰角洗地。 兄弟们，我真绷不住了,又有结晶粉跳脸,不管三七二十一，不分青红皂白,张口就是对我开黄腔,没关系，作为喜欢开黄腔的人肯定会把自己的亲身经历说给别人听,那位同志不用自我介绍上了。黄腔哥→id1511443 还有,假装自己是正常玩家,结果还是个结晶粉😅,又开始洗那个明日方舟,一看游玩时间，好家伙，才9小时,我真的绷不住了，你连新手关卡都没过完呢吧就叫,真不愧是明日方舟牌结晶剂,9小时轻度结晶，22小时直接变成超级结晶粉。 众所周知，承认方舟的错误会死。伪人哥→389489484 剩下骂完就跑拉黑的我也不说你们什么了,毕竟你们都不敢正面对刚了，我还能说什么？ 都是打游戏的，分什么高低贵贱,就给明日方舟打了个差评，说了几个不应该的问题,好家伙我都不敢想象,这疯狂的攻势,超级方舟矿石病,22小时迅速结晶,你值得拥有。没什么好说的了，就给大家写首诗吧 魔怔人真的多,日夜巡逻不间断 打出差评真美好,发出尖声至死地 爱玩不玩为被动,尖锐声音不可现 同为游戏共友,为何兵刃相交？ 活于地球之上,无矿石病之困扰 不需医疗团队,身体健康就好 君为天下游戏共主,为何自降身份护主？ 它们最后也是经典拉黑精神胜利法 社区就是被这些人败坏的,你凭什么改变？你凭什么拆厕所？拜托,老兄这里可是赛博锁妖塔,忠诚程度丝毫不比某游戏的玩家弱,",修改于 2026/2/21,来自 Android 设备
天有四时,玩过 289 小时后评价,5,让我出吧求求了,2026/2/21,来自 Android 设备
一之濑,玩过,5,玩b服的，转战官服，祝我成功吧（成功玩下去）,2026/2/20,来自 Honor Play 5
忆秋,玩过 1554 小时后评价（总时长 1573 小时）,1,不推荐,2026/2/20,来自 Android 设备
辛,玩过 35 分钟后评价,5,阿米驴可爱捏,2026/2/20,来自 荣耀 X30i
綑,玩过 35.2 小时后评价（总时长 64.3 小时）,4,明日方舟爆率可以哦，望是36抽，赤刃明霄陈是65抽，中间还出了重岳和黍,2026/2/20,来自 Android 设备
zy16666,玩过,3,真服了，为啥那个实名认证那个x打不进去一输入那个x就表演消失术,2026/2/20,来自 三星Galaxy Z Flip3 5G
牢牢牢牢牢牢牢北,玩过 335 小时后评价（总时长 337 小时）,5,今天taptap乱逛，突然发现居然已经玩了300+小时了，时间过得真快，算算也快累冲千+了，正好七字方舟开服有一阵了，回来写点一般人不会写的评价 首先说社区 四字方舟社区纯度很高，首先注意，“纯度”并不是贬义词，是指社区和谐，没太有节奏的意思（详见p1），这点可以说是优点也可以说是缺点，总之我奉劝每一个新来的博士，你想混社区的话，要么给自己提纯成为纯度玩家，要么别混社区，以前帖主发表了一些不纯言论被教育了，目前已理解并加入纯度玩家。目前我不介意对不纯言论开火，但是就事论事，如果你以前有不纯言论或观点，只要知错就改，罗德岛大家庭也会包容你 目前由于终末地带着四字方舟回暖的原因，舟的二创也是变多了，同人女包管饱的，鬼畜也不少，评论区大多很和谐 某些败心情的贴脸串子你觉得我无可救药就无可救药吧，反正我玩游戏玩的老高兴了，不像某些人干啥都坐牢光在那抱怨 周边： 炒价严重，贵的贵死，便宜的便宜死，目前几年没复刻的01盒通行证价格已经炒到10倍了，旧版01盒更是珍稀。黄牛泛滥，居然出现从出厂就截烫偷卖的情况（忘了哪盒了，很多团反映有两个相同冷门缺一个烫门的问题）。普通的周边价格比米游稍微贵些，在tb旗舰店买有满赠特典，卖特典的团也有不少。每年联动也会出新图新周边，热门角色厨很吃香 别的方面别的帖子说的比我清楚多了，游戏好不好玩玩过才知道，没时间别玩游戏 当然了，官方又搞神人操作我也将火力全开捏,修改于 2026/2/20,来自 Android 设备
yu,玩过 16.5 小时后评价（总时长 18.4 小时）,5,💃🏻立绘建模： live2d有点死了见过ppt平移吗，其它立绘很在线的（有没有水陈🐴死脸补一张） 🧝🏻‍♀️角色人设： yj这方面很用心，每一个干员都照顾到了，人设什么类型的都很好 ☄️成长体验： 耐玩,2026/2/20,来自 小米2510DRK44C
浪丶人,玩过,1,垃圾游戏，玩了8天抽奖抽的把83个原石都用完了，就出这些，就这还说六星好出，垃圾游戏已经删了，我这辈子都不会玩鹰角的游戏,修改于 2026/2/20,来自 Android 设备
我的心平静如水,未知状态,5,好玩 但挺肝,2026/2/20,"来自 Apple IPad15,7"
静红叶,玩过 164 小时后评价（总时长 166 小时）,5,明日方舟中登，今天兴致来了写写游戏评价。 个人觉得明日方舟剧情是二游少有的群像+偏现实主义风格。长文本模式也许不适合所有人，但是剧情体验很不错（反正有跳过键），演出下限水平不低，没有一眼拉的大节奏（对比群像尝试的原神4.8散兵） 养成方面由于关卡压力比较小，数值膨胀慢，整体比较休闲，日常任务清理也很快。2d立绘整体质量挺高，男女老少风格多样，一般向不赖。 玩法方面主线可以用策略弥补数值不足（复刻活动挂机看到以前的配队and操作惊为天人），除此以外还有一些新玩法，单机高难度有合约（基本不咋打hh），肉鸽相对轻松，可以带着喜欢的干员上场溜溜，生息验算之类的其他活动看xp，反正蚊子腿奖励；联机最近搞的下棋模式感觉不赖有优化空间，希望能多出些冷门or牢干员上场玩玩。 整体来说明日方舟游玩压力小，抽卡资源相对丰富，社区氛围相对还行（带节奏的都跑到原神 vs 鸣潮去了），喜欢一般向的可以尝试。 牢玩家吐槽地方: 1.数值膨胀幅度虽然较小，但是仍然出现一个六星是另一个上位替代的现象。这种情况就应该像卫戍协议异客在新模式创造高光，而不是像界园新开始用难度把老角色ban光，低难度连为用而用都做不到。ta菜不菜我不知道吗（ 2.剧情方面偏群像，但是范围也要一定程度的缩小。群像能接受角色有自己生活不是时时刻刻围着博士转，但是也要围绕罗德岛这个整体加深参与感，尤其是主线部分。当时过主线维多利亚相关剧情就感觉挺割裂的，感觉像是新开了个游戏。,2026/2/20,来自 小米25102RKBEC
Shaniro,玩过,1,没有福利的游戏,2026/2/20,来自 一加手机13T
小白,玩过 38.1 小时后评价,1,脸太黑，注销账号太长。,2026/2/20,来自 Realme 10 Pro+
我不做人啦,玩过,3,每当我回味反常光谱的夯，再去看别的主线和活动剧情时，就要开始憎恶了（鹰语 —————— 五星，16章是一款我的问题 —————— 改四星，全靠同行衬托 —————— 最终想给三星，两星完全扣在文案上。 我可以理解世界观构架很大所以无法通过剧情完全表现出来，但我要说的不是剧情内容，而是代入感上。 玩家对剧情几乎0参与，从莫名其妙被救出来，到龙门遇到霜星为止，作为罗德岛的指挥官，失忆前源石病的研究者，理论上应该是这个制药公司的核心的玩家 ， 你仿佛只是个阿米娅的随身挂件 。 你就像个宠物一样跟着阿米娅到处跑，除了安慰她你什么也干不了。 甚至第四章凯哥直接说你是个拖油瓶，阿米娅精神爆发责任在你，你能做的就是去陪着阿米娅，最后还被叮嘱别搞砸了。 这文案都给我气笑了。 凯哥什么狗脾气暂且不提，就问你玩家的定位到底是什么？ 是个人形镇静剂？安神挂件？吉祥物？ 切城覆灭，龙门危急，我内心居然毫无波动甚至想笑。 希望官方能看到这个评论吧。 ☆☆☆☆☆☆ 想了半天还是想再说点什么。 我很享受从干员资料找彩蛋的感觉，但是一个故事，一个世界的构架不是靠彩蛋来搭建的。彩蛋是锦上添花，是会心一笑，而不是游戏剧情的必然组成。 不能否认游戏制作人可能想用这四章来做关于博士身份以及多方势力事件的铺垫，如果是这样的话， 没有明显主线的暗线真的让故事虚浮无力，让我觉得文案故弄玄虚。 用语文老师的话来说就是一篇背景角色都很丰富的小说却莫得明显大纲线。 ☆☆☆☆☆☆ 第三次修改 doctor醒来以后的罗德岛依旧没你什么事， 这就是令我百思不得其解的地方。 若是博士完全摘在剧情之外，只是作为阿米娅的心灵导师，成长陪伴者，那这种定位无可厚非， 可事实上剧情上透露出其实你很重要，所表现出来的你又没那么重要。 我想不通阿米娅为什么要千辛万苦来救我这个five博士，救出去也没什么用，你不能扭转战局，不能继续科研，也不能帮助和龙门谈判。 该死的还是死了，该走路的也原封不动的迎接他们的命运。 你明明身在事件中却什么也干不了，就是个没有感情的剧情记录机，连说话也只会“……”的five。 这就是我所表达的0代入感和0参与感。 doctor醒过来干嘛啊，回冷冻仓洗洗睡吧。,修改于 2026/2/20,来自 OnePlus 10T
大果汁,玩过 350 小时后评价（总时长 385 小时）,5,2.19 看完界园5结局的剧情解说了，关于岁兽代理人（尤其是大哥二哥），界园，岁和大炎的剧情环环相扣，写的特别好 本人不是剧情党，但我还是感到很震撼 ———————— 请输入文本 唯一的缺点是哪天zmd褒姒了以后会拖累本体,修改于 2026/2/19,来自 Android 设备
张桑,玩过,5,明日方舟是一款非常不错的游戏，至少在二游界的话，我是很喜欢的，这个好评是给拉普兰德的，我不明白我在这款游戏上充了五六千块钱，为什么要这么对我？你的抽卡真的很烂你明白吗？还是说是我充了钱才这么烂的？跟我开玩笑呢，是吗？我从开局铃兰玩到现在我从来没有这么绝望过,2026/2/19,来自 Redmi K70 Ultra
Brawler,玩过 505 小时后评价（总时长 517 小时）,4,好玩的😭就是我二哥211发才抽出来😭😭😭😭太非了所以扣一星😭😭😭😭,2026/2/19,来自 Vivo IQOO Z6x
Tap姬,玩过,3,不能用Taptap登录，终末地都行,2026/2/19,来自 Vivo IQOO Neo9 Pro
User521858307,玩过 24.6 小时后评价（总时长 27.6 小时）,5,真的爱玩除了感觉被杀熟了，目前160抽无望3陈😭😭,2026/2/19,来自 小米24122RKC7C
手机用户57978928,玩过,5,我整个青春的快乐和审美全靠这个了,2026/2/19,来自 小米Redmi K40
倒吊,玩过 588 小时后评价（总时长 588 小时）,2,不出扫荡不改评分,修改于 2026/2/19,来自 Vivo IQOO Z9 Turbo+
病号服,玩过 8.2 小时后评价（总时长 16.9 小时）,5,意外惊喜，可以可以,2026/2/19,来自 华为TLR-AL00
2K77,玩过 382 小时后评价（总时长 407 小时）,1,中坚甄选一群臭中杯都要给我歪，yj你到底在图什么,2026/2/19,来自 一加 Ace 2 pro
不要生气，请放松,玩过,5,我的妈，我竟然没有评价过明日方舟吗？那你肯定The best到爆了。😇😚,2026/2/19,来自 Nubia NX679S
风继续吹,玩过,2,新手教程太潦草，我玩的头晕，美术很好看，但真的玩不明白,2026/2/19,来自 Vivo V2505A
五行缺运-.-,玩过,1,初二留 鸡脖的，你用ai用上瘾了是吧，我说把yj员工开除一半，效率是原来的两倍用有谁懂 挺好玩的，希望能坚持下来！😛😍,修改于 2026/2/19,来自 Android 设备
手机用户18668310,玩过,2,这么多年了杀熟比以前更严重了，老玩家以前1000下去起码听个响，这次新春回归1500下去听个屁😁,修改于 2026/2/19,来自 小米25053RT47C
等蓝色星原旅谣公测,玩过,2,受不了了杀熟太严重了，刚新手的时候几十发一个限定是真舒服，现在每天玩，感觉没个200抽300抽都拿不下一个限定，卡池太毒了，这游戏最烂的就是卡池，限定池大保底300抽，还是双up，有时候一直出陪跑，要么就一直歪常驻里的六星，反正就是不给你出限定了，只能井，老玩家永远是非的，一直玩一直非,2026/2/19,来自 Android 设备
段事的亡,玩过,5,现在的新手玩家只要没有抽到自己想要的人物 就直接退坑 谩骂着游戏不行，然后就直接走了 玩着不符合自己喜欢的游戏，就全盘否认这个游戏的可玩性，无法发现这个游戏的亮点就怪这个游戏本来不行。 说游戏难度高，根本就没体会过老玩家是怎么过来的。吃了一点苦都不行，这个游戏本来就是完成高难度的关卡，来得到成就感。这不是那种随便平推的水游戏。,2026/2/19,来自 Android 设备
s k y,玩过 19.2 小时后评价（总时长 63.1 小时）,5,好玩,2026/2/19,来自 一加手机Ace 3V
星辰星空,玩过 3658 小时后评价（总时长 3676 小时）,1,卡池很毒，不推荐。左乐满了，黎一个没有。 2025.1.23又一年限定池，95发两个一个林，一个玛恩纳，就是不沾这个池子一点。卡池太恶心了。🙄🙁，第一个60多发才出。牢玩家是这样的 2025.8.3平均60一个希望yj的游戏收入和我的抽卡运气一样😡 2025.11.1抽卡60多发出一个希望yj的游戏收入和我的抽卡运气一样😊😄 2026.2.19今年yj又整了点活。抽卡不卡了倒是，把我所有资源都拿走给了；除夕开始到今天，每日合成玉都是200，300的。我希望说yj这个公司和这个运气一样好😉,修改于 2026/2/19,来自 Vivo V2162A
༄༊࿆小猛猛ོྂཾ࿆࿐,玩过 493 小时后评价（总时长 616 小时）,1,好好好鹰角你就是这样对待老玩家的吧，两百抽，不说二哥了，连二异陈都没见到，我算是彻底死心了,修改于 2026/2/19,来自 Android 设备
抹茶要樂奈,玩过 118 小时后评价（总时长 151 小时）,5,去年7月因为mujica联动注册的账号，前面两个月还比较佛系不常打，后面加上朋友的高度评价玩着玩着还挺有意思的，抽卡资源个人认为不错，抽卡运气一直可以，双金和连金次数都挺多的，舟的美工一直都挺精美的，剧情也不赖。 听说7周年可能实装塔子姐，把年限都抽出来后也开始攒周年的抽数了。期待7周年！接下来的一年里我会继续支持明日方舟的！,2026/2/19,来自 Android 设备
哈基轩,玩过,5,非常好玩的一款游戏，新人易上手，立绘超大杯，数值膨胀低，剧情质量好，音乐氛围强,2026/2/18,来自 华为P30
亦杰,玩过 2604 小时后评价（总时长 2619 小时）,5,玩过终末地回来看本家游戏发现还是本家做得好，角啊，zmd真的是你家的吗,2026/2/18,来自 Android 设备
多串子,玩过,4,我估计不适合玩这个了，入坑以来从来没有遇见过这么黑的池子,2026/2/18,来自 Android 设备
小龙,玩过 168 小时后评价（总时长 225 小时）,5,我是在朋友推荐下入坑的这款游戏，在此之前所接触的二游大多可玩性较差，玩到明日方舟之后一下就喜欢上了，虽然玩法也有一些槽点，但总体上可以说是别具一格。 再从抽卡资源获取上来看，每周的剿灭和任务等都足以让我抽到自己喜欢的角色，但是三百抽的保底和歪角色确实也让我这种零氪玩家痛苦不已。 再从绘画方面来说，毕竟是一款老游戏，画风有明显的差别，一些老干员的画风确实不太好。好在皮肤弥补了一些不足，再加上源石的获取方式，可以让玩家能得到自己喜欢角色的皮肤，总体上绘画可以说是大杯了 游戏剧情方面，世界观庞大，多支线，剧情多反转，伏笔很多，但某些剧情有点不尽人意，像出苍白海。 玩了一段时间，从三星队变到黄金大队，可以说是成就感满满，希望这款游戏能陪伴我度过更长的时间,2026/2/18,来自 Vivo IQOO 12
年复一年,玩过,5,鹰角完全把明日方舟当做艺术来搞了，少数0氪爽玩的游戏。活动也多，前期也不像我当年刚开始玩的时候那么肝了。养成很容易,修改于 2026/2/18,来自 Huawei Pura 70
心随梦远,玩过,1,做出的终末地是消耗老玩家对角色的情怀是吧？吃相难看这一块,修改于 2026/2/18,来自 Android 设备
mm,玩过 265 小时后评价（总时长 280 小时）,5,不知道，阿米娅可爱👅👅👅,2026/2/18,来自 Android 设备
1,玩过,1,刚入坑连歪两次,2026/2/18,来自 Vivo S19
耗子尾汁,玩过 1562 小时后评价,5,开服老咸鱼了，号已出了，游戏真的挺好的，福利卡池也挺可以了，只是没那么多精力玩这么多游戏了，同一家的游戏，一个天，一个地，难绷,修改于 2026/2/18,来自 小米24117RK2CC
星辰,未知状态,5,我爱鹰角,2026/2/18,来自 iPad 9.7-Inch 5th Gen
不扣1的1,玩过,5,我觉得这个游戏肯定是很好玩的，但是我永远不会玩这个游戏。 因为恋与方舟。,2026/2/18,来自 Android 设备
兮梓潼,玩过,3,我的号呢？？？我一登录让我重新注册是啥意思？？？鹰角我跟你拼了,2026/2/18,来自 Android 设备
鸢,玩过 508 小时后评价（总时长 539 小时）,5,玩了那么多二游还是你对我最好,2026/2/17,来自 Vivo IQOO Z9 Turbo+
帝王,玩过,1,前期太难又恶心。,2026/2/17,来自 小米24115RA8EC
徐笔画天下,玩过 197 小时后评价（总时长 200 小时）,1,不好玩,2026/2/17,来自 一加手机Ace 3V
活泼的解谜玩家,玩过 550 小时后评价（总时长 550 小时）,2,连续三次二百抽没限定,2026/2/17,来自 小米Xiaomi Pad 5 Pro
复设五等之制,玩过,1,终末地的再旅者设定让我恶心,2026/2/17,来自 REDMI K80 Ultra
我要出金,玩过 9.3 小时后评价（总时长 39.2 小时）,5,挺轻松的,2026/2/17,来自 PC 客户端
我不叫丁尔康,玩过 151 小时后评价（总时长 195 小时）,3,行呗，杀熟这一块,2026/2/17,来自 小米Xiaomi Pad 7
馨瑶,玩过 58 分钟后评价（总时长 11.9 小时）,1,卡池比哪个游戏都坑 一个池俩up 还包括常驻 想抽自己想要的这辈子都不可能😂,2026/2/17,来自 华为ADA-AL00
羽,玩过,3,怎么说呢，很难评价，周围人望基本上都拿到了，我没拿到只能说明我运气确实不好，但是这个抽卡机制我是真的醉了，这我还能说什么呢，106抽虽然不多，而且出了三个六星，爆率还是很高的，但是歪的概率也很大，而且歪的很彻底，连陪跑都没出（😅）,修改于 2026/2/17,来自 小米Xiaomi Civi 4
寻,玩过 514 小时后评价（总时长 528 小时）,2,真的有在提高限定爆率吗，甚至双黄出两个有的牢干员，你有认真提高吗,2026/2/17,来自 小米Xiaomi 14 Pro
蛋挞兮🌈,玩过 2195 小时后评价（总时长 2503 小时）,5,凑活着吧,修改于 2026/2/17,来自 iPhone 17
枫笑,玩过 517 小时后评价（总时长 532 小时）,5,现在开始攒抽，备战小莫异格,2026/2/17,来自 OPPO PGCM10
不干正事的巴巴托斯,玩过 25.9 小时后评价（总时长 53.7 小时）,4,新手，游戏做挺好,2026/2/17,来自 Vivo V2156FA
粥游记,玩过,3,因福利而来的，但体验了几天，关卡数量多，抽卡福利倒不算很多，目前也只有俩个6星干员，爽度不是很高，感觉对我体验不能算很好,2026/2/17,来自 小米Xiaomi 15S Pro
-丿Max丶虚伪。,玩过,1,抽不到卡我就刷一星😛😉😉,2026/2/17,来自 小米24117RK2CC
疯,玩过,1,垃圾游戏，新手体验差，2.5关新手能过吗，一星不能再多了,2026/2/16,来自 OPPO K13 Turbo Pro 5G
楼咏盛世,玩过 117 小时后评价,1,别人限定十多抽就出，我60抽出一个六星还让我歪一次两次算了，次次都是 恶心的玩不下去，本来就没什么好玩的还天天恶心我，直接退了，玩不下去了,2026/2/16,来自 Vivo X200
一起就好,玩过 112 小时后评价,1,**卡池230多抽，没有一个限定全是陈,2026/2/16,来自 Android 设备
从前有个大导演,玩过,1,赶紧跑，膨胀起来没完了，从4月开始连着五个池子严重膨胀，几乎迭代了一圈，快赶上之前两年了。不抽？差一个新肉鸽都得坐牢！鹰角已经是不要比脸了，真有这么缺钱吗？不建议任何萌新入坑😅 追评：密码的dlc又发什么神经？过年回来看一眼，结果还嫌鬼图不够多，之前洞内的图全重做都不为过，不光不改还变本加厉，稍微ban点就打不了一点，我问你抓不到新能鬼图堵门怎么稳定打？纯有病。没星熊五结局更是直接坐大牢，没任何替代（两三个人cos一个那种算什么替代，缺的部署位这块谁给我补啊）为了卖卡这么不要脸？（别跟我说代理人分队之类的，你一个肉鸽除了轮椅剩下全是坐牢队是设计了个什么东西？）我还不如回去打萨卡兹萨米。 还有望这是陷阱师吗？12技能照抄多萝西表示自己是陷阱师，然而真的是纯照抄，实战基本没用。三技能缝个爆裂黎明，“陷阱”直接能扔怪脚下还对空，职业模板特性全当放p（当时设计维也是这b样，你这职业模板有什么用？删了算了），弄个几乎就是手动版爆裂黎明，再填个逆天数值太有设计感了😅，为了骗钱演都不演了，给终末地找补？ 我说你终末地这评分也确实活该，一测比一测垃圾，公测一个不改，福利又抠搜，活该,修改于 2026/2/16,来自 一加手机PHP110
幻化为風,玩过 7 小时后评价（总时长 34.9 小时）,5,舟是我玩的第一款二游给了我很大的的震撼,2026/2/16,来自 小米22095RA98C
浥ccc,玩过 2.1 小时后评价（总时长 11.1 小时）,5,没别的，双狼99,2026/2/16,来自 华为平板 M6
坚冰锅子,玩过,5,好玩，头一次玩到这么好玩的游戏，策略性，收集角色的快乐，通关的成就感，强推强推强推👍👍👍,2026/2/16,来自 华为荣耀8X
煎香鱼,玩过,5,有大佬能帮我配下队吗,2026/2/16,来自 WIKO JEY-AN00
潑墨為畫,玩过,3,💎资源获取：为了拿一个原石去打突袭难度，被各种折磨，真的难受不去看视频抄作业就打不过，开局就给我放一个狗，直接给我冲进来，还有那群刁民不认得路就乖乖给我站在原地😅 💃🏻立绘建模：立绘这个没得说真的好看建模也就正常二次元卡通小人😍😍😍,2026/2/16,来自 Android 设备
求一只呆毛王,玩过,2,塔防游戏要tm练度与数值，NB,2026/2/16,来自 一加手机Ace 3
君との旅路,玩过 42 分钟后评价（总时长 4.2 小时）,5,好玩,2026/2/16,来自 一加手机Ace 5
人生一短,玩过,5,可以玩。很好玩新手建议别用那个精二精英五星角色,2026/2/16,来自 华为荣耀畅享7 Plus
火速回访,玩过,5,我是个被朋友拉来的新手，这个游戏对新手比我想象中要友好，给了许多新手礼包，我现在50多级，除了技能专精已经练满两个人精二六十级两个人，精一有很多，当然，这游戏也不是没有缺点，就新手而言养成资料太少，龙门币经验书需要长时间积累才行,2026/2/16,来自 Android 设备
是人,玩过 45 分钟后评价（总时长 19.9 小时）,5,好玩，爱玩，喜欢玩（明日方舟牛逼）,2026/2/16,来自 PC 客户端
Zi_Mu Y,玩过,2,已经玩了3年多不少，游戏本身的素质很好的 现在的社区不好说 如果你抽卡的运气不好或者是运气太好的话，不要有太多的希望在上面（仅限刚入坑的），最后人财两空，不要尽孝这是一句忠告，不氪金没法玩，你会玩的非常吃力,修改于 2026/2/16,来自 Android 设备
小蛇~,玩过 581 小时后评价（总时长 587 小时）,5,很好玩，可玩性很高。前期可能有点忙，后期就是上线用完理智下线，有活动就打，抽个卡，没有占用非常多的时间 二编：到现在来说运营什么的基本没出什么大问题（除了对鸡翅很不孝顺外），至少在我玩过所有游戏中，福利是最好的一个，现在又增加了6倍代理，即将过期的理智自动使用等等优化，比我当年入坑时好了很多，攒资源抽卡也还可以，就是周年庆的时候给我抽红温了😂剩下来的时候就是100多抽就毕业了，鹰角，我要望！然后是美术方面，整体来说还是可以的，除了有时候画师脑子灵机一抽……最后是可玩性，明日方舟的可玩性是整个二游乃至整个游戏都是顶流的存在，基本是二游公认的，可玩性超高的游戏😆,修改于 2026/2/16,来自 华为Nova 4
Bobby,玩过 208 小时后评价（总时长 213 小时）,5,太好玩了,2026/2/16,来自 华为LRT-W20
Hello doctor,玩过 3.7 小时后评价（总时长 63 小时）,4,运气挺好的，池子特别好，十发就出六星,2026/2/16,来自 Honor X50
breaking,玩过 223 小时后评价（总时长 236 小时）,1,真的一般游戏体验比较差,2026/2/16,来自 Vivo IQOO 12
让她成为回忆,玩过 891 小时后评价（总时长 895 小时）,5,《明日方舟》策略塔防玩法独树一帜。精美的立绘与深刻的剧情构建出庞大世界观，塞壬唱片的音乐更是业界顶级。肉鸽、危机合约等玩法兼顾休闲与硬核，新手福利丰厚，抽卡概率友好，月卡党也能轻松攒抽。虽有长草期或模组系统小瑕疵，但整体瑕不掩瑜。无论是剧情党、策略玩家还是养成爱好者，都能在此找到乐趣，值得一试。 还有就是只画不买，心胸狭窄。,2026/2/16,来自 Realme真我GT6
皖沫,玩过 23.3 小时后评价,1,退坑，脱离苦海了就是舒服,2026/2/16,来自 Android 设备
北方提不起劲,玩过,1,银灰池子全是银灰就算了，人总有非的时候，现在望池子全是陈什么意思，连续两次300井吃满，演都不演了，把我当冤大头是吧？这就开始吸血了？煞笔鹰角，再你*的见,修改于 2026/2/16,来自 Android 设备
吴法天,玩过 456 小时后评价,5,说实话，有没有跟我一样因为周末地暗示的明日方舟的剧情而退游的,2026/2/15,来自 一加手机Ace 5 Pro
东皇妖皇,玩过,5,我很喜欢这个剧情，很理想主义，挺好的。,2026/2/15,来自 REDMI K80 Ultra
flhyy,玩过 9.6 小时后评价,5,我刚入坑的一个萌新，这游戏前期关卡是不是有点太多奇葩关卡了吧？第一章还好，第二章到第三章怪物数值给的都不演了都，三拳一个干员，而且出怪量也太多了吧，这怪物给的数值也有点太像亲儿子，亲女儿的对待了吧？而且为什么有的狙击手不会对空啊？坑死我了，也没说明呀，还有关卡的数值膨胀也太快了吧？是我推关太快了，还是怎么样的？为啥这怪物数值膨胀的这么快？肯定有人看到我这个一番言论会说，那你升级呀，你给干员升等级啊，但关键是这游戏福利太少了吧，一下子要伺候12个干员，反正我玩的时候福利好少，给的都不多，这样我咋直接升等级，直接升个50级，吊打那些怪物啊，而且这些干员要求的那什么点数有点太高了吧？有好几个关卡，就是因为这个限制，我都有点摸不着头脑了，还有一堆奇葩关卡，我花了好几个半小时才琢磨过去的，之后越来越膨胀，我都接受不了，玩不下去了都，可能我运气好吧，抽到了一个六星，打那个六星可能前期萌新期的表现不太好吧，反正我没觉得有那么强，那估计是后期或者是材料什么等级精英或者是啥的才能变强，我用起来的时候感觉就和其他干员差不多啊，总之反正我遇到的问题就是，我卡第三章了，然后直接退了，原因就是怪物给的数值太膨胀了，到底是怪物敌人是你由亲女儿亲儿子，还是干员才是啊？这数值给的好像这些怪物能给你赚钱一样，前面还好，之后给的材料又少，等级又提不上去，刷材料又一下子直接30等级，我最高刷的也只有一个一两个角色才到30级，其他的因为给的太平均了，直接卡到20级左右，打都打不了了，还有那个击剑玩法是真搞不懂啊，为什么干员还有心情？然后又要怎么伺候啊？我真的没搞明白，我玩这游戏已经很用脑子了，但就是阴间关卡太多了吧，我也才一个萌新刚入坑啊，就这样啊，还有那个活动的关卡，那个叫挽弓的怪物，怎么说是平均等级推荐20等级？我那都已经20等级以上的干员有12个都放进去了，结果那个什么网攻的怪物一箭直接射出来1/3的伤害，直接把我那些比较脆的干员三下秒了，真的逆天… 评价也不能只是骂，我就夸几下吧，画风好看，人物角色很多啊，剧情没咋看，我不知道好还是坏，反正我就喜欢推关，关卡太有创意了吧，没过一两个关卡都要遇见几个非常强力的敌人，太考验策略了，太有创意了吧。我过去可能就是我跟不上这么快的节奏吧。第一次结束节奏这么快的游戏，萌新期都还没适应完呢😅 这些都是我个人观点，不一定都是对的，只是我真实感受玩游戏遇到的问题，可以不参考，我也没说一定要相信我的言论，我说的言论也不是给谁听的，只是单纯的评价。我评分也没有给差的，也没给一星两星，我给满星可以了吧。关卡什么的也本来只是挑人，挑的就是非常聪明，有策略的人，但我也是玩的先关起来用尽脑子了，可能就是得到的福利材料太少了吧，然后呢，我又不愿意氪金，那我就活该受苦呗，我不是受众就是了，不要有其他玩家骂我，反正我也受到一大批阴间关卡折磨后退了，真心爱这款游戏的其他玩家也不用害怕我之后又来这里糟蹋明日方舟了😅,2026/2/15,来自 Vivo IQOO Neo7竞速版
古佳佳,玩过 569 小时后评价（总时长 572 小时）,5,玩的挺久了，临近终末地公测，闲来无事，浅浅评价一下 2019年第一次接触方舟是在taptap这个平台的游戏榜单上看到这款游戏，看到评分高达9.0以上出于好奇入坑了，当时玩了一段时间感觉跟保卫萝卜差不多没太在意就退游了，到后面21年，那时我同学在宿舍催我下明日方舟陪他过彩虹六号联机活动，也是因此回坑，抽浊心斯卡蒂时，合成玉梭哈完也没有抽出来，抄平民低配作业抄多了，练一大堆三星四星干员，加上新手池只抽出来个星熊，这开局确实不行，于是通过踩坑得出的经验去b站做了点功课，去某平台花40多买了个无死绑初始号从零开始，从推主线公招桃金娘精二借助战到后面摆完挂机一直养老玩到现在，之所以能一直玩下去，有以下几点： ①日常非常养老，干员养成轻松，干员潜能提升不大，常规六星干员可通过游戏内公招和凭证商店获取，游戏福利肉眼可见的提升，时不时还送张月卡和常驻六星自选凭证，玩到后面越玩越爽。 ②游戏为塔防玩法，玩法众多，策略性很高，关卡强度控制良好，开服老干员依然能应对当前关卡。 ③抽卡体验良好，卡池弹性幅度大，出彩虹概率高，有概率歪其它干员，掌握玄学抽卡，有机会在30~50之间双双毕业，限定卡池开放期间每天有免费一抽，加上送的限定十连凭证，总计有24抽，运气好的话可以直接白嫖。 ④其他方面，画面不错，设计有审美，音乐是真的可以，目前主线剧情只过到第六章，支线剧情只看了骑兵与猎人和火蓝之心，有印象的就火蓝之心棘刺的剧情，透着不可名状的诡异，主线剧情看得懂一点但不是很懂所以故不作评价。 总的来说，明日方舟这款游戏，真的非常的养老，不想特别肝，只想每天上线收收菜，在招募干员和培养干员的过程中获得满满的幸福感和成就感，那这款游戏真的可以来试一下，希望在终末地也能体验到明日方舟里养老的爽感，也希望明日方舟越来越好。,修改于 2026/2/15,来自 Vivo X200 Pro Mini
徐若风,玩过 198 小时后评价（总时长 220 小时）,5,近100小时最后综评一下 立绘:5星 关卡:有的关卡挺有新意，但有的关卡就是纯纯鬼图。 资源:不少养成资源都放入肉鸽里，还有电弧养成也要去打肉鸽，这一方面就比较难评。 抽卡:有时抽卡70多抽才出六星，算是比较非的。 三只遥了，这池子到底有没有星能 抽了mon3tr 剧情不错，立绘伏美，也有很好策略性 综合来看属于超大杯，值得一玩 感觉舟的玩法也非常好啊，非常值得一玩。 玩了快200个小时 感觉方舟的玩法其实挺吸引我的 剧情也不错 玩的也挺舒服。,修改于 2026/2/15,来自 Vivo IQOO 13
神澜天央,玩过,5,玩了6年，现在每次活动的剧情都能让我久久不能忘怀。看完一个活动剧情基本上两个礼拜都缓不过来。,2026/2/15,来自 Honor Play 5T
苦茶子又飞丢了,玩过 1068 小时后评价（总时长 1321 小时）,1,完全答辩构史来的说是😅 玩到后面资源越来越少还歪的不行哈哈哈😂 气死我了 海猫给我转过去趴好😈,修改于 2026/2/15,来自 Android 设备
伊澄,玩过,5,太好玩啦 我要玩一辈子舟（玩了67年哇）,2026/2/15,来自 Android 设备
既崩又原,玩过,5,入坑快一年的小登，体验不错， 塞壬唱片牛逼， 幻象黑兔牛逼， 温泉瓜牛逼， Namie牛逼， 希望蒸蒸日上越来越好😋,2026/2/14,来自 Realme真我Neo7
手机用户106159098,玩过 137 小时后评价（总时长 279 小时）,5,小登周年庆为了维神和阿能也是拼了😭,2026/2/14,来自 OPPO PEPM00
腼腆滴夏至,玩过,2,从去年夏活开始，每个限定卡池都只出陪跑，从来没有限定，没有动力，真的没意思。。。。,2026/2/14,来自 三星Galaxy S25 Ultra
Khora,玩过,5,好奇...有没有第三方绑定？ 要是哪天手机号不用了 来不及换绑怎么办,2026/2/14,来自 Oppo A58
deemon黑,玩过 440 小时后评价（总时长 441 小时）,1,越来越差了，440个小时喂了狗,2026/2/14,来自 华为BRA-AL00
芽芽乐,玩过,4,总体来说还是好玩的，就是剧情能不能有配音呀，不然真的很枯燥,2026/2/14,来自 OPPO Reno14
水军脑袋冻结,玩过,1,这两天才发现这公司里的人都是什么建种？什么品种的贵物？发的什么玩意?我就说这公司的破b游戏味怎么这么大，又是龙门独立又是英雌的？孝子捂嘴捂的挺严啊😅😅😅😅😅😅😅// 新游戏好似捏，以前粥抄的千年战争因为也是手游，系统完整、逻辑自洽、玩法好玩，肉鸽抄的杀戮尖塔，世界观各家抄一抄就完了，这才有个好底子，而新出的游戏到处缝合，系统混乱玩法没有亮点还有各种小巧思抠门的要死，加在一起就是一坨大的了，所以这贵物公司新出的游戏出一个死一个，要技术没技术，立绘天天鬼图，立绘抄袭节奏层出不穷，风口上的🐷这一块，这公司从一开始就是个只会抄袭和养孝子的画师小作坊，现在只是暴露出来本质了而已，连3d 建模和 2d 立绘重点不一样都不知道？画师指导建模师，塑料扫把和大葱都能做出来真是闹麻了😅😅😅 —————————————————————————— 一年7个限定？你是准备让谁抽的？你游全年上班打卡，把所有普池全跳了能把这几个限定抽的全不？还有今年这个蟑螂的数值膨胀你是认真的？ 福利是克扣的，数值是膨胀的，限定是越来越多的，扫荡是没有的，孝子是捂嘴的，名片都拿来卖可真给你闹麻了，来自地底亏了多少啊？😅😅😅 关评论防止某些贵物污了我的眼睛 ———————————————————————— 24.7.27 算了算了就这样吧，再从回坑还是受不了这个看录像和基建，真的是恶心，突出一个我知道你哪里玩的难受，但是我就是不改，行，不改，那就这样吧 ———————————————————————— 连续作战？我没看错吧？都4.5周年了扫荡、多倍刷图和连续作战里居然给了个最差的，连个多倍刷图都不愿意给？希望是我看错了 ———————————————————————— 再次回坑又再次退坑，日常刷材料过于折磨，没有扫荡，没有多倍刷图，没有自动连续刷图，现在是2023年，不是2019年了，你看看你游的竟品是怎么减负的？你游又是怎么优化玩家体验的？ 那该死的限定池300井是不是该改了？你见过现在哪个二游像你游这么难攒够一井的？还有你游是怎么攒井的？maa搓玉？模拟器录制？你游就是这么优化玩家体验的？ —————————— 三周年了，周年庆不错，终于开始减负了 —————————— 材料本和剿灭不出扫荡天天挂在那里看录像很好玩是吧😅？没扫荡你出个连续作战也行啊？玩家的时间不值钱是吧？卫兵和孝子要是觉得自己时间多就赶紧gun去看你__ __的录像去 玩这游戏不建议氪金，月卡都不要充白piao反而更舒服 玩肯定还是会接着玩，什么时候受不了就再您🐎的见了 ——————————— 鉴于昨天才出高资就不打一星了 ——————————— 还有这评论区的孝子和卫兵怎么比米忽悠那边还多啊😅 孝子们接着踩啊，你越踩我看着越高兴😆,修改于 2026/2/14,来自 Web 官网
胖橘不胖,玩过,2,真是给我气笑了。,修改于 2026/2/14,来自 小米Xiaomi 14
luxyu,玩过,1,一款玩得越久就越吃亏的神游，一款恶心老玩家的游戏,2026/2/14,来自 华为FIN-AL60a
江月晚夜,玩过 28.2 小时后评价,5,明日方舟是这个世界上最良心的游戏 ✋😭✋,2026/2/14,来自 一加手机13T
如果有一天,玩过,5,界面系统、立绘、玩法我都很喜欢，只要不是上头了抽卡也感觉不错，前十发至少五星，100发必六星，其实感觉平均50发就能抽一个。 但是之所以不给五星，还是在于游戏内容太少了。过度休闲了吧，每天重复同样的事真挺无聊的。没有新关卡玩，我都快撑不住了。 编辑：上面是开服那一年的评价，现在算是近乎完美了。早就应该改评价了，只是tap用的少，忘了。,2026/2/14,来自 Redmi Note 12 Turbo
uu,玩过,5,yjyj快给我歪出一只黍黍求求了我给你打五星,2026/2/14,来自 华为AGS6-W00
一只帅气的帅,玩过,2,真没话说了，这是对我太晚入坑明日方舟的萌新惩罚吗？,修改于 2026/2/14,来自 Android 设备
猫猫糖,玩过,1,死鹰角再让我60抽出货就不给你充钱了 …… 这b界园的问题先放一放来，这个卫戍设计师脑子让门夹了是不是，我问你做明白了吗就端上来，明目张胆给玩家喂屎，啥也别说了，这一星你应得的,修改于 2026/2/14,来自 Vivo IQOO Z9 Turbo
缪尔赛思,玩过 1183 小时后评价（总时长 1234 小时）,2,yj你可以去死了，玩久了就开始恶心人了,修改于 2026/2/14,来自 Vivo IQOO 12
樱乐,玩过,1,肉鸽卡的跟狗屎一样，打到结局卡了，清后台判你输，没招了，狗屎服务器，太恶心人了,2026/2/14,来自 Vivo IQOO Z9 Turbo+
鄭,玩过 23.4 小时后评价,5,立绘真好看,2026/2/13,来自 PC 客户端
晨风,玩过 34.5 小时后评价（总时长 34.6 小时）,5,不错不错，虽然我转b服了，但还是回来给个好评，明日方舟这款游戏是我玩过最轻松的一款游戏，没有什么强度压力，抽卡资源获得起来也很简单，每日上线扫扫荡就能有很好的游戏体验,2026/2/13,来自 IQOO Neo11
aaa,玩过,4,对塔防游戏差点意思，但是立绘都很好看,2026/2/13,来自 Android 设备
怜人,玩过,5,角色好看,修改于 2026/3/7,来自 Android 设备
对对碰,玩过,3,我想知道，这种游戏好玩在哪里？我并不是在引战，我是真的想知道,2026/2/13,来自 华为ADA-AL00
User3373755,玩过,5,池子太毒了，240抽三个一样的，越玩越毒，不过卡池对新手很友好,修改于 2026/2/13,来自 小米24122RKC7C
Kirito,玩过 240 小时后评价（总时长 250 小时）,5,完了6年了，虽然中间有过退坑，但这么久还是周好玩,2026/2/13,来自 OPPO Reno12 Pro
乐乐,玩过 251 小时后评价（总时长 279 小时）,1,肉鸽结局把boss打死直接登录认证已失效，登回来直接失败结算，你是这个👍,2026/2/13,来自 HONOR Magic6 Pro
月清无花,玩过,4,设计角色技能模组的策划偶尔发病。 美术、音乐、剧情、运营、玩法都是上等。 后评： 终末地开服了，因为出了个再旅者的设定弄的明日方舟直接烂尾。 我讲一下怎么烂尾的，再旅者是从源石森林出来的，也就是说一重罗德岛干员，全要送到源石里面去，干员还是会因源石而死，罗德岛几十年的努力跟没有一样，那我干嘛不直接顺从普瑞塞斯继续源石计划呐？而且这样特蕾西娅好像也白死了。 送到源石里面去后他不是续命，就是死亡。因为官方就说了莱万汀不是42，就是一个新的灵魂。 最近出了pc端，和模拟器比不方便因为不能缩放，只是画质比模拟器好，然后指针换成了普瑞赛斯的手,修改于 2026/2/13,来自 Android 设备
User393590706,玩过,4,最大缺点是和同学一起玩的时候没有互动性，要是多出些可以和好友互动的就好了,2026/2/13,来自 华为PLR-AL50
sy,玩过,5,这个喷不了，这是真好玩👍,2026/2/13,来自 U-MAGIC 优畅享20
C.C,玩过,1,超绝双UP池，还歪的要死。 太强了又是经典的六七十抽最后歪个重复的普池，你但凡给个new我都不说你什么，次次都是这样,修改于 2026/2/13,来自 Android 设备
demon eye,玩过 372 小时后评价（总时长 374 小时）,5,一个活了七年的二次元养成系长剧情的保卫萝卜，运用不同的干员编队去通关各种关卡，好像是二零年被初中同学带入坑的，现在他们已经成为资深元老了，我倒是没怎么去了解干员的技能和特性，只知道数值高能打过就行，之前我的爆率都比较高，传说级欧皇，除了母鸡卡联动的祥子没抽出来。可玩性是有的，各种活动，肉鸽，足够打很长一段时间,2026/2/13,来自 一加手机Ace 5至尊版
落不下的日光,玩过 349 小时后评价（总时长 349 小时）,5,23年 体验不错，现在十七级，给的石头都用来买皮肤了，五星里面，拉狗和赫默是送的，我自己只抽到了哈恩莱特和青枳(救命，池子里全是青枳) 现在练角色很迷茫，诗怀雅到底推荐练不练啊 …… 25年6月 回坑了，想想第一次接触这个游戏是小学六年级，断断续续玩了好多号，但当时都没有坚持下去。现在已经高中毕业啦，又开了一个新号，希望这次能坚持下去，嘿嘿 — 七月 现在55级 已经完全沉迷界园肉鸽了，小杯box，但耐不住我爱玩QAQ — 26年1月 现在77，摆烂了一段时间之后又沉迷打肉鸽了。 傀影肉鸽打着好爽，3天拿下了皮肤。肉鸽是让人打游戏的最佳动力，点赞 话说我抽卡好非啊😫新年池能不能对我好一点😭👊🏻👊🏻👊🏻 —— 26年2月，我靠，新年池200抽出四个，歪完了，0陈0望0限定，吃枪子吧，我要把所有人诺丝，入坑半年太非了……转生隔壁服了🤧🤧🤧,修改于 2026/2/13,来自 Android 设备
林边谷的约书亚,玩过,5,在终末地一败涂地，全靠粥安慰我了,修改于 2026/2/13,来自 Android 设备
手机用户82755271,玩过,4,玩过很多二游，我认为方舟是游玩持久性很高的游戏，方舟我玩了3年 如果你是追求操作快乐，喜欢沉浸剧情的玩家，当附游玩的玩家，你可以玩的很快乐 如果你不追求这些，主要喜欢抽卡的快乐，不愿意体验更难一些的策略，你游玩一段时间可能会退游 关于游玩满意度：大多数二游退游的原因一般有：抽卡非酋，玩法无趣，肝！，剧情不佳。抽卡方面，二游厂商是要赚钱的，不可能让所有玩家抽的很舒服，方舟卡池总是推很强的角色，（概率高，所以方舟玩家喜欢晒记录）不特别依赖组队，相比之下组队抽卡是其他游戏抽卡的痛点，使你前期抽不会缺输出推关有新鲜感，抽卡出金爽感高，后期box充盈打不同活动打高难，用低星通关有操作感，回游很容易补齐编队强度。除非你打集成战略，危机合约这些有的干员抽不到或者xp角色抽不到，抽角色不会卡手，卡了和其他游戏一样难受，但是发生率真的小很多了 三个老生常谈： 剧情；大多数静态剧情二游的剧情一般都是优势，方舟这一点上也处于业界顶尖水平 美术：方舟的设计美术，视觉传达和角色美术依然业界顶尖，风格突出，这些看pv就可以 音乐：隔一段时间会有爆款，塞壬唱片很不错 不知道的搜佩佩，赴大荒，那点英文的真的记不住,修改于 2026/2/13,来自 Realme真我GT7
🐟,玩过,5,好玩爱玩,2026/2/13,来自 HUAWEI MatePad Pro 11
不再悲喜,玩过 606 小时后评价（总时长 631 小时）,2,玩了三年方舟了只有25这一年的抽卡是最让我感到疲倦的，每天机械式的上班打卡为了限定这不稳定的出货以及历历在目的11连歪和罗格斯满潜，让我不得不放弃大部分的常驻然后去选择抽限定，这也让我感到疲倦，尤其是这一年的年限我都抽到了200发，也只有最后那么几十抽才会出货，让我相信了评论区里描写的杀熟，所以我现在感觉玩的有点空虚了 小黑盒显示的是欧其实是算比较黑的了，有些没有计入，我的几期联动都是快抽到80.90发才出货，唯一算欧的几次就只有23年半周年，25年过年了，其他时候都是100只会抽到陪跑的情况，心累了,2026/2/13,来自 Vivo S19 Pro
常山赵子龙,玩过,5,玩了差不多一个月多了，福利给的很足，工作室应该是考虑了很多，毕竟前期经历那么多波折也有经验了，卡池出货率很高，因为有凭证兑换的关系，所以即使出紫也不会太伤心，资源获取容易，关卡富有挑战性，玩的很舒服，明日方舟是一款很好的游戏,2026/2/13,来自 Android 设备
卡密,玩过 21.7 小时后评价（总时长 138 小时）,5,豪玩，适合当养老游戏玩福利一流立绘一流，然后铃兰脚香香的,2026/2/13,来自 小米25102RKBEC
鱼鱼,玩过 684 小时后评价（总时长 685 小时）,5,上头后真的停不下来喵,2026/2/12,来自 OPPO A96 5G
祁红,玩过 41 小时后评价（总时长 42.3 小时）,1,不好玩,2026/2/12,来自 华为 MatePad 11
芥末果冻S,玩过 194 小时后评价（总时长 312 小时）,4,为啥特辑页不让用联动皮啊 买了好多联动皮结果都不能用，真的很崩溃,2026/2/12,来自 小米15
童重,玩过 16.9 小时后评价（总时长 18.6 小时）,1,这个红点看到没，测试怎么过的bug不改吗，不想填问卷就一点不考虑用户体验吗。,2026/2/12,来自 华为BRA-AL00
路灯杆子上缺人,玩过,1,所谓鹰角，就是知错，不认，不改错。 去年9月份更新鹰角把明日方舟，b服安卓移动端引擎改炸了，到今天绝大部分关卡画质都是爆炸的：细节模糊成一片，分辨率低，亮度降低。疑似抗锯齿功能在这些bug关卡里是关不掉的。 到今天我投了20多个工单，石沉大海没有半点回音，也没修一点，公告特么也没提一句，普通玩家说话鹰角直接当屁放哈哈。 （主线11至主线16） （红丝绒，雅赛努斯复仇记） （长夜临光，揭幕者们，崔琳特尔梅，绿野幻梦） （自深渊的一瞥：除猎人与骑兵，深海线全部） （那被祝福的：拉特兰线全部） （岁岁今朝：除去画中人，其余全部） （方舟：巴别塔，追迹日落以西） （夏活：多索雷斯，理想城，火山旅梦） （薪火重燃：全部） （水月肉鸽，萨卡兹肉鸽，炎国肉鸽） （生息演算矿洞内地图关卡正常，露天野外地图画质模糊） （利用bug地图代码做出的剿灭以及保全派驻） （未复刻开放的活动，联动活动的地图） （覆巢之下活动，sv1-7地图画质细节模糊，sv8-9洞窟内的地图就正常，svex同理）,2026/2/12,来自 Redmi Note 11T Pro
User418095276,玩过 885 小时后评价（总时长 905 小时）,5,玩了很长时间（在电脑上的没算），总之很好玩,2026/2/12,来自 Android 设备
piper0000,玩过,1,根本抽不出来，全是50+出然后歪歪歪🤮🤮🤮🤮,2026/2/12,来自 华为 Mate 30 5G
大王,玩过,1,这一分打给终末地。终末地不好玩！ 有了终末地的宣发之后，整个25年全是超大杯！如果是这种出新角色的趋势。我认为你已经不是以前的方舟了。你没有给玩家屯玉的机会。对玩家的感受没有那么在意了。只有不断的出新角色，出高强度，让玩家不间断充值充值充值。再见,2026/2/12,来自 Android 设备
曦帅·KNS,玩过,5,反正非常好玩，是那种连OPPO a5都能玩的类型，剧情很高质，可惜过剧情的时候没配音，但是由于我一抽爆了老陈，所以这点缺点其实也可以算没有,2026/2/12,来自 OPPO A1 Pro 5G
潜,玩过,1,好评,2026/2/12,来自 Realme GT5 Pro
13787349,玩过 53 小时后评价（总时长 198 小时）,4,很优秀的一款游戏，但是最近的版本数值膨胀太过严重，出的没有弱的，感觉每一个都要抽，抽卡资源会显得不够，希望出点机制好的，让更多博士有动脑子的机会,2026/2/12,来自 PC 客户端
C.C,玩过,1,超绝双UP池，还歪的要死。 太强了又是经典的六七十抽最后歪个重复的普池，你但凡给个new我都不说你什么，次次都是这样,修改于 2026/2/13,来自 Android 设备
demon eye,玩过 372 小时后评价（总时长 374 小时）,5,一个活了七年的二次元养成系长剧情的保卫萝卜，运用不同的干员编队去通关各种关卡，好像是二零年被初中同学带入坑的，现在他们已经成为资深元老了，我倒是没怎么去了解干员的技能和特性，只知道数值高能打过就行，之前我的爆率都比较高，传说级欧皇，除了母鸡卡联动的祥子没抽出来。可玩性是有的，各种活动，肉鸽，足够打很长一段时间,2026/2/13,来自 一加手机Ace 5至尊版
落不下的日光,玩过 349 小时后评价（总时长 349 小时）,5,23年 体验不错，现在十七级，给的石头都用来买皮肤了，五星里面，拉狗和赫默是送的，我自己只抽到了哈恩莱特和青枳(救命，池子里全是青枳) 现在练角色很迷茫，诗怀雅到底推荐练不练啊 …… 25年6月 回坑了，想想第一次接触这个游戏是小学六年级，断断续续玩了好多号，但当时都没有坚持下去。现在已经高中毕业啦，又开了一个新号，希望这次能坚持下去，嘿嘿 — 七月 现在55级 已经完全沉迷界园肉鸽了，小杯box，但耐不住我爱玩QAQ — 26年1月 现在77，摆烂了一段时间之后又沉迷打肉鸽了。 傀影肉鸽打着好爽，3天拿下了皮肤。肉鸽是让人打游戏的最佳动力，点赞 话说我抽卡好非啊😫新年池能不能对我好一点😭👊🏻👊🏻👊🏻 —— 26年2月，我靠，新年池200抽出四个，歪完了，0陈0望0限定，吃枪子吧，我要把所有人诺丝，入坑半年太非了……转生隔壁服了🤧🤧🤧,修改于 2026/2/13,来自 Android 设备
林边谷的约书亚,玩过,5,在终末地一败涂地，全靠粥安慰我了,修改于 2026/2/13,来自 Android 设备
手机用户82755271,玩过,4,玩过很多二游，我认为方舟是游玩持久性很高的游戏，方舟我玩了3年 如果你是追求操作快乐，喜欢沉浸剧情的玩家，当附游玩的玩家，你可以玩的很快乐 如果你不追求这些，主要喜欢抽卡的快乐，不愿意体验更难一些的策略，你游玩一段时间可能会退游 关于游玩满意度：大多数二游退游的原因一般有：抽卡非酋，玩法无趣，肝！，剧情不佳。抽卡方面，二游厂商是要赚钱的，不可能让所有玩家抽的很舒服，方舟卡池总是推很强的角色，（概率高，所以方舟玩家喜欢晒记录）不特别依赖组队，相比之下组队抽卡是其他游戏抽卡的痛点，使你前期抽不会缺输出推关有新鲜感，抽卡出金爽感高，后期box充盈打不同活动打高难，用低星通关有操作感，回游很容易补齐编队强度。除非你打集成战略，危机合约这些有的干员抽不到或者xp角色抽不到，抽角色不会卡手，卡了和其他游戏一样难受，但是发生率真的小很多了 三个老生常谈： 剧情；大多数静态剧情二游的剧情一般都是优势，方舟这一点上也处于业界顶尖水平 美术：方舟的设计美术，视觉传达和角色美术依然业界顶尖，风格突出，这些看pv就可以 音乐：隔一段时间会有爆款，塞壬唱片很不错 不知道的搜佩佩，赴大荒，那点英文的真的记不住,修改于 2026/2/13,来自 Realme真我GT7
🐟,玩过,5,好玩爱玩,2026/2/13,来自 HUAWEI MatePad Pro 11
不再悲喜,玩过 606 小时后评价（总时长 631 小时）,2,玩了三年方舟了只有25这一年的抽卡是最让我感到疲倦的，每天机械式的上班打卡为了限定这不稳定的出货以及历历在目的11连歪和罗格斯满潜，让我不得不放弃大部分的常驻然后去选择抽限定，这也让我感到疲倦，尤其是这一年的年限我都抽到了200发，也只有最后那么几十抽才会出货，让我相信了评论区里描写的杀熟，所以我现在感觉玩的有点空虚了 小黑盒显示的是欧其实是算比较黑的了，有些没有计入，我的几期联动都是快抽到80.90发才出货，唯一算欧的几次就只有23年半周年，25年过年了，其他时候都是100只会抽到陪跑的情况，心累了,2026/2/13,来自 Vivo S19 Pro
常山赵子龙,玩过,5,玩了差不多一个月多了，福利给的很足，工作室应该是考虑了很多，毕竟前期经历那么多波折也有经验了，卡池出货率很高，因为有凭证兑换的关系，所以即使出紫也不会太伤心，资源获取容易，关卡富有挑战性，玩的很舒服，明日方舟是一款很好的游戏,2026/2/13,来自 Android 设备
卡密,玩过 21.7 小时后评价（总时长 138 小时）,5,豪玩，适合当养老游戏玩福利一流立绘一流，然后铃兰脚香香的,2026/2/13,来自 小米25102RKBEC
鱼鱼,玩过 684 小时后评价（总时长 685 小时）,5,上头后真的停不下来喵,2026/2/12,来自 OPPO A96 5G
祁红,玩过 41 小时后评价（总时长 42.3 小时）,1,不好玩,2026/2/12,来自 华为 MatePad 11
芥末果冻S,玩过 194 小时后评价（总时长 312 小时）,4,为啥特辑页不让用联动皮啊 买了好多联动皮结果都不能用，真的很崩溃,2026/2/12,来自 小米15
童重,玩过 16.9 小时后评价（总时长 18.6 小时）,1,这个红点看到没，测试怎么过的bug不改吗，不想填问卷就一点不考虑用户体验吗。,2026/2/12,来自 华为BRA-AL00
路灯杆子上缺人,玩过,1,所谓鹰角，就是知错，不认，不改错。 去年9月份更新鹰角把明日方舟，b服安卓移动端引擎改炸了，到今天绝大部分关卡画质都是爆炸的：细节模糊成一片，分辨率低，亮度降低。疑似抗锯齿功能在这些bug关卡里是关不掉的。 到今天我投了20多个工单，石沉大海没有半点回音，也没修一点，公告特么也没提一句，普通玩家说话鹰角直接当屁放哈哈。 （主线11至主线16） （红丝绒，雅赛努斯复仇记） （长夜临光，揭幕者们，崔琳特尔梅，绿野幻梦） （自深渊的一瞥：除猎人与骑兵，深海线全部） （那被祝福的：拉特兰线全部） （岁岁今朝：除去画中人，其余全部） （方舟：巴别塔，追迹日落以西） （夏活：多索雷斯，理想城，火山旅梦） （薪火重燃：全部） （水月肉鸽，萨卡兹肉鸽，炎国肉鸽） （生息演算矿洞内地图关卡正常，露天野外地图画质模糊） （利用bug地图代码做出的剿灭以及保全派驻） （未复刻开放的活动，联动活动的地图） （覆巢之下活动，sv1-7地图画质细节模糊，sv8-9洞窟内的地图就正常，svex同理）,2026/2/12,来自 Redmi Note 11T Pro
User418095276,玩过 885 小时后评价（总时长 905 小时）,5,玩了很长时间（在电脑上的没算），总之很好玩,2026/2/12,来自 Android 设备
piper0000,玩过,1,根本抽不出来，全是50+出然后歪歪歪🤮🤮🤮🤮,2026/2/12,来自 华为 Mate 30 5G
大王,玩过,1,这一分打给终末地。终末地不好玩！ 有了终末地的宣发之后，整个25年全是超大杯！如果是这种出新角色的趋势。我认为你已经不是以前的方舟了。你没有给玩家屯玉的机会。对玩家的感受没有那么在意了。只有不断的出新角色，出高强度，让玩家不间断充值充值充值。再见,2026/2/12,来自 Android 设备
曦帅·KNS,玩过,5,反正非常好玩，是那种连OPPO a5都能玩的类型，剧情很高质，可惜过剧情的时候没配音，但是由于我一抽爆了老陈，所以这点缺点其实也可以算没有,2026/2/12,来自 OPPO A1 Pro 5G
潜,玩过,1,好评,2026/2/12,来自 Realme GT5 Pro
13787349,玩过 53 小时后评价（总时长 198 小时）,4,很优秀的一款游戏，但是最近的版本数值膨胀太过严重，出的没有弱的，感觉每一个都要抽，抽卡资源会显得不够，希望出点机制好的，让更多博士有动脑子的机会,2026/2/12,来自 PC 客户端
HanaTsukiOvO.,玩过 1864 小时后评价（总时长 1882 小时）,2,如果现在谁还想入坑方舟，我的评价是，能跑就跑。,修改于 2026/2/12,来自 小米Xiaomi 14
Aspidiske,玩过 4546 小时后评价（总时长 4626 小时）,4,玩了很久了，个人评价基本稳定。按taptap的模板，以后没有惊喜/惊吓就不改了。 这次过年小改一下，删短一点，tap这个排版越来越难受，行间距好像改没了。 ———————— 可玩性： 在塔防基础上，不同玩法见仁见智。个人主线支线剧情要看，肉鸽和卫打得稍多，高难打得少，联机完全不打，领航者之类的只拿关键奖励。 画面音乐： 音乐不错。印象较深的深海、拉特兰、莱塔尼亚/卢森堡、大炎活动的音乐。 运营服务： 现在还算稳定。 策略性： 公式化机制鼎盛期似乎结束了，好起来了。 ———————————— pc端： 很流畅，推荐大伙试用，期待生息演算2期的表现。只是希望在对话中，加一个等效于鼠标点一下的键盘键位（比如空格或随便其他什么键）。 除岁剧情： 这次活动剧情没有给我太好的感觉，或者说整个炎剧情，像是叮咚鸡期间12集动画好不容易断断续续折腾完了，现在再来一个年导负责的剧场版收尾，然后就跟我说告一段落了。 看完剧情，没有谜语剧情结束，拨云见日的开阔；没有各流派巨兽辩经，大梦初醒的恍然；没有一家人齐心协力，年关已过的轻松；也没有欲知后事如何，再启新篇的兴奋。只剩下事已至此，小余菜都做了，先吃饭吧的无奈感受。 希望此后的炎故事，别再对着jrpg的过家家写老妖怪了，我实在觉得两者的正治戏都很少有算得上成功的部分。 题外话，与好友讨论时，他认为现在是新编剧在给前面的史擦辟谷。如果是真的，那我高看一眼。不管擦得怎么样，这次至少把牢陈牢魏牢岁牢望牢颉一众牢字辈擦完了，后面该有余地写新的了吧,修改于 2026/2/12,来自 Android 设备
普通的人,玩过,5,游戏玩着非常好,2026/2/12,来自 红米 Note 10 5G
哭泣嘤嘤嘤,玩过,5,哈哈哈哈爽了,2026/2/12,来自 OPPO Reno标准版
芽衣堡堡,玩过 572 小时后评价（总时长 589 小时）,5,好玩,2026/2/12,来自 PC 客户端
urjhdidhd,玩过,5,感觉非常好玩不会感到拉力的情况,2026/2/12,来自 Vivo S16e
Gosh!,玩过,2,byd连续吃了5次保底了，还连歪3次666去年夏活就不对劲了都是60+才出一只6⭐，半周年卡池也是，杀熟杀得挺高兴啊yj😁😁,2026/2/12,来自 华为CLS-AL00
内八大小姐,玩过,1,玩过资源最难攒的游戏，我也是服了，卡池全歪还不继承，打关打的火大，一下没注意又要重开，6000个币十连我也是没谁了，就这样被骗进来色鬼充军😒,2026/2/12,来自 Vivo IQOO Neo9
夏沫兮雨,玩过,4,我没法了,修改于 2026/2/12,来自 小米24122RKC7C
莓猫饼,玩过 59.5 小时后评价（总时长 103 小时）,5,好玩,2026/2/12,来自 OPPO Find X8
我是名字,玩过,5,絮雨的孤寒峭返场了，这下不得不五星了😋😋😋,修改于 2026/2/12,来自 荣耀 畅玩30 Plus
mrgao2021,玩过 16.3 小时后评价（总时长 476 小时）,1,这游戏有6星吗！,2026/2/12,来自 PC 客户端
菱,玩过 206 小时后评价（总时长 241 小时）,1,给我急哭了，别在50多出yy了😅,2026/2/12,来自 Android 设备
柠檬鱼,玩过,2,我1000多天登录的号这几个限定池非成什么样子了，我注册的小号给我一发来限定，被气到退坑的一集,2026/2/12,来自 Android 设备
良䣶,玩过 101 小时后评价（总时长 111 小时）,5,💃🏻立绘建模： NB 💎资源获取： 龙门币！！！！！ 🧝🏻‍♀️角色人设： 很好 ☄️成长体验： 还彳亍 🎮可玩性： 较高 有主线有支线还有肉鸽等 🌃画面音乐： 音角发力 🔖运营服务： 良好 ✍🏻建议： 卡池爆率能不能高点,2026/2/12,来自 OPPO Reno6 Pro+ 5G
好好好,玩过 320 小时后评价（总时长 405 小时）,5,这次活动做的是真不错蛮有意思的，其次春节威龙陈真的很好玩 臭棋篓子真的很强,2026/2/12,来自 Android 设备
雷蒙·丹尼尔,玩过,1,之前b服自抽玩的，剧情可以说云里雾里不知道讲啥，全靠杨圣万字解析去了😓，过了好几年多重挑战才有一个，池子毒，美术几乎是现在二游里最烂了，除此以外还有最恶心最多的社区玩家,2026/2/12,来自 Android 设备
，，，，,玩过,1,杀熟，老楽子游戏，160一个望都没有,2026/2/12,"来自 Apple IPad14,5"
乜栀,玩过 82.5 小时后评价（总时长 127 小时）,5,可以，慢慢玩吧,修改于 2026/2/12,来自 Android 设备
龙井,玩过,5,没玩过，然后就是终末地牛逼😋,2026/2/11,来自 Android 设备
幻想星球,玩过 457 小时后评价（总时长 505 小时）,5,这游戏我以前是玩过的，确实是个好游戏，单机党福音好吧～（话说，为什么我设置里显示这游戏是15多g文件管理显示却是不到3g？有人知道原因吗？我有点懵😣）,修改于 2026/2/11,来自 VIVO IQOO Z1
嘉德罗斯大人的渣渣,玩过 11.8 小时后评价（总时长 44 小时）,5,很喜欢，要玩一辈子明日方舟！！！,2026/2/11,来自 PC 客户端
小蓝蜗,玩过 15.9 小时后评价（总时长 19.8 小时）,1,啊啊啊！好久久没玩，想着下新版本，结果下不了，但在之前我玩的时候感觉特别好玩,2026/2/11,来自 OPPO A3i 5G
罐头,玩过 13.2 小时后评价（总时长 31.7 小时）,5,好玩,2026/2/11,来自 PC 客户端
山吹野吹,玩过 89 小时后评价（总时长 110 小时）,5,好评如潮 孩子们，终于有正常的异格陈了，泪目,修改于 2026/2/11,来自 PC 客户端
兰,玩过 2298 小时后评价,5,永远守护我最爱的女性友好游戏厂商英雌网络,修改于 2026/2/11,来自 Vivo IQOO Z9 Turbo+
风丶独醉,玩过 210 小时后评价（总时长 242 小时）,1,这TA10太好玩了，太有意思了，五星好评,2026/2/11,来自 小米15
ghh,玩过,5,阿米娅可爱😊😊😊😊😊😊😊😊,2026/2/11,来自 OPPO A系列
浮士德,玩过,5,好玩的，很良心,2026/2/11,来自 OPPO R15中国版
轰击大楼！,玩过 149 小时后评价（总时长 164 小时）,5,发评论没什么意思，就是给你们看看更新后第二个十连 我不行了，我在这里盲点跳过，出货了……都不知道（爬行阴暗的爬行） 所以孩子们我能玩明日方舟吗？,2026/2/11,来自 华为 荣耀30 Pro 5G
𝓛𝓎𝓃𝒶𝓮,玩过 362 小时后评价（总时长 435 小时）,5,收到，已严肃满潜火陈，火陈和望日常玩着不笑的是👍🏻,修改于 2026/2/11,来自 Vivo S30
君赫,玩过 453 小时后评价（总时长 477 小时）,5,伤心，终末地保底，方舟也保底，黑死我了要,2026/2/11,来自 三星Galaxy S23 Ultra
Ego,玩过,1,全勤，半年没出过新角色，基准池6连全歪，且每次都50 发出，看见变成10个黄票是真心脏骤停，杀熟你是真该死啊yj,2026/2/11,来自 Redmi Note 12T Pro
User123522759,玩过 754 小时后评价（总时长 754 小时）,3,这卡池里根本没有陈，我都四个望了。,2026/2/11,来自 OPPO A11x中国版
手机用户102518114,玩过,1,没关注还莫名其妙给我发广告？,2026/2/11,来自 小米MIX 4
电魔牛B。,玩过 702 小时后评价（总时长 727 小时）,5,2.10 继连沉两年的龙龙后，今年终于三十抽就毕业了🐉 😃嗯我看这剧情有点出乎我意料(褒义)😃到底什么时候包饺子？到底什么时候包饺子？到底什么时候包饺子？ 明年把78兄弟给我搬岛上来。。,修改于 2026/2/11,来自 OPPO A11中国版
MSmushroom,玩过 1589 小时后评价（总时长 1615 小时）,5,集成战略真的太好玩了，卫戍协议真的太好玩了，危机合约真的太好玩了，促融共竞真的太好玩了,2026/2/11,来自 Android 设备
龙井小咕咕,玩过 756 小时后评价（总时长 801 小时）,5,推了，粥伟大无需多言,2026/2/11,来自 小米23073RPBFC
梦烟,玩过 2515 小时后评价（总时长 2540 小时）,2,开服号全图鉴退坑 自25年几乎没有正常毕业的池子，看到十连双黄就知道绝对会歪，然而事实确实如此，每个池子平均90抽才能抽出up，或许是我个人运气差或许是yj纯在杀熟，皮肤有380+，活动也是全章（危机合约全镀层），今年年限池直接坠机，地锅鸡吃了我160抽才出，年限池砸了220抽才出4个六星，两个陈+两个歪，全图鉴断掉现在彻底没啥念想了。 游戏性说实话不强，肉鸽也是一时的热度，从最早的活动式小刻吃蘑菇肉鸽到后来的傀影，水月，萨米，萨卡兹到现在的界园，肉鸽全满级n15全章，肉鸽这东西很吃新鲜感，玩了这么多期肉鸽到后面只感觉是在上班式的为了刷章而刷，高难配队几乎固定，藏品只是见boss的门票，道中鬼图遇到基本等于重开毫无娱乐性 活动格式固定，创新出来的模式说实话纯在蹭热度，娱乐性依旧一坨配上一坨的奖励，放俩蚀刻章你为了章不想玩也要吃，本人也不爱看剧情，一直在玩纯粹是被全图鉴在吊着往前走，现在断掉了决定退坑， 说实话这游戏开服这么多年了不值得新人入坑，补齐强卡成本极高，下池还要瞻前顾后，不是全图鉴基本无法毫无顾虑的下新池，xp和强度终有一时会产生冲突。限定池特有的双六星300井，你yj说是福利好实际上攒300还是不太容易的吧。且市面上那么多游戏没必要现在跑来玩这个纸片对碰游戏了，社区环境其实不是变好了，而是你yj内卫早都跑路了，要么玩其他游戏要么忙于和生活对线，游戏社区内基本没有ldx还在活跃 好聚好散吧，yj的终末地我资格也拿不到，开服了看看评分也不想玩了，说实在话现在对于抽卡类二游我一向致谢不敏，顶多就看个乐子,修改于 2026/2/11,来自 Vivo IQOO Neo8 Pro
๑梭鱼儿,玩过 3291 小时后评价（总时长 3294 小时）,1,总体玩法和游戏体验非常不错，只是在干员获取及养成上差点意思 💃🏻立绘建模： good 💎资源获取： 一般,修改于 2026/2/11,来自 Honor X50
丿LCT丶苦中咸,玩过 62.9 小时后评价（总时长 65.7 小时）,1,不要入坑不要入坑，真的不推荐，卡池问题太大了，根本中不了一点,2026/2/11,来自 Xiaomi Redmi K60E
问泽,玩过 1264 小时后评价（总时长 1333 小时）,5,玩了三年，现在岁家剧情迎来一个阶段性结尾所以前来评价，剧情超大杯，文案超大杯，演出超大杯，爆率极高，资源丰富，数值膨胀慢，极其推荐游玩。 就是yj今年这顿饺子我吃的不得劲啊😭，相见欢相见欢，为什么二哥是寂寞梧桐深院锁清秋啊😭，此是千秋第一秋，结果是望哥成为岁兽承受无尽痛苦的第一秋吗😭。求求你了，剧情落幕时一定要让岁家迎来一个真正的圆满结局啊，你让我氪648也愿意的,2026/2/11,来自 红米 K70
与君折枝,玩过,2,两次限定都歪了 遗憾离场,2026/2/11,来自 Android 设备
手机用户60023939,玩过 1233 小时后评价（总时长 1236 小时）,4,游戏很好玩，但感觉给明日方舟花的钱成了终末地的宣发，哪儿哪儿都是牛皮藓广告🙃,2026/2/11,来自 华为VYG-AL00
￴￴ ￴ ￴￴,玩过 171 小时后评价（总时长 171 小时）,2,这是我最想吐槽的一个游戏厂商了，太low了,修改于 2026/2/11,来自 Realme真我GT7 Pro
晚风,玩过 46 小时后评价,1,限定和陈又没有，养多萝西到精二一级材料给我干没了，不玩了艹，yj你其实是披着塔防壳的养成游戏吧。 ＿＿＿＿＿＿＿＿＿＿＿＿＿＿＿＿＿＿＿＿＿＿＿ md 134抽看不见星熊，你就玩吧😅,修改于 2026/2/11,来自 Honor 70
Frisk,玩过,3,快坚持不下去了，又快到大保底了。,修改于 2026/2/11,来自 iQOO Neo 5
奈格里,玩过 956 小时后评价（总时长 990 小时）,5,绝望了，越来越非，一年都没出过高姿了，卡池歪到离谱，抽上头，感觉号玩不下去了,2026/2/11,来自 Vivo S16
sugaria,玩过,1,十连歪,2026/2/11,来自 Android 设备
半岛饭盒,玩过,1,天天吃大保底太美味了👍🏻,2026/2/11,来自 Vivo IQOO Neo9S Pro
彩彩第一可爱,玩过,1,单纯想聊聊为什么不想玩方舟了，本人棘刺厨，23年注册，先放出我官b服的棘刺练度，官服因为快二，三月没上线了了，所以引星棘刺复刻抽出来后没拉满。 1.感觉yj太傲慢了，优化是隔了几年才优化。而且现在快7周年了，还是没出一键扫荡，前几年出了可以多花体力1次刷多个材料，说明出一键扫荡也不是什么难事，但是yj就是不出，就为了那点日活。 2.就是感觉棘刺像是内部恨，出苍白海的剧情就不用我说了，网上一堆喷的。星棘的泳装皮你自己看了不想笑吗？肤色莫名其妙泛红，肚子上莫名其妙放了钢板，这个设计真的很诡异，你还不如把音韵连结的皮肤做出来，买了一次都没用过，太丑了。还有复刻星棘公告的星数还打错了，少打一个星，做广告的时候审查都不审查一下吗？这么敷衍。 3.本来今天更新新年下回来重玩，结果两个号出的第一个六星都歪了，没招了。 想说的就这么多吧（感觉太情绪化了，抱歉）也没啥动力玩了，后面寻找有缘人送出去了，当然还会继续喜欢棘刺🙂,2026/2/11,来自 Android 设备
User560117550,玩过,1,我不明白，为什么推荐20级结果50级没打过，那拉矢的伤害太高了吧,2026/2/11,来自 华为 nova7 SE
焰.,玩过,2,我就想问，隔壁终末地亏了多少钱，230抽不出限定，硬吃保底，杀熟老玩家这一块,2026/2/11,来自 Android 设备
North,玩过,3,如果是收集党或者xp党的话不推荐入游，可以就在dy欣赏pv，因为粥的抽奖机制很逆天，奖励获取也很单一，抽卡爆率极其极其极其垃圾，我充钱的一个号和不充钱的一个号爆率完全一个天上一个地下，鹰角我对你真的是太好了，既玩明日方舟又玩终末地，到了新年你就这么对玩家，真有你的。,2026/2/11,来自 小米Xiaomi 14
HtcOP,玩过 2883 小时后评价（总时长 2925 小时）,3,这是一个从开服记录至今的评论 算了，抽不到就抽不到吧，这个还是看缘分，没那个缘分就不强求了，在下告辞 -致年(W)小姐。 ps:哎呀，又没抽到，看来最近运气不好啊╭(╯ε╰) 这 瓜 我 都 吃 饱 了 好耶，这次迷迭香和泥岩都出了。 好耶，肉鸽，我的肉鸽 这次肉鸽难度整体比上次高，随机是真随机，随机到十次有九次都遇不到想要的，就算脸再黑也不可能遇不到合适阵容的，你法队来重装，你先锋来医疗，你近卫来射手，商9店出售的收藏品真的迷惑，我都开始怀疑是不是故意这样设计的( •̥́ ˍ •̀ू ) 欧天呐，这是50%出率嘛，百抽出3个六星还全歪了，我年池都没这么歪过() 我就该信邪的，又灌了30抽进去，两个紫一个黄，连火光都没。 有一说一，为了限制角色输出直接加闪避是把，80%物法双闪，你没个真伤还真就打不了H10-1到H10-3 我反复确认，附加条件明明写的是加攻速，我切回来一看，豁3下一重装，我是点了200%伤害危机合约词条嘛？这为了克制单位不是闪避就是直接堆伤害，今晚设计师想睡觉必miss 好消息，歪了，坏消息，歪了。 好耶好耶，这次镀层是氪佬玩家必备咯，咸鱼摸鱼崽没啥练度就去嫖个90专3令。 请问，你们是神经损伤过损了嘛，这难度跟坐牢有啥区别呢，说是收藏物多了能爽起来，您看看 这怎么爽的起来啊？ 黑的好啊，就跟煤球一样，要啥不来啥连着歪了七个池子了，让我来继续看看下一个池子会不会歪，这真的厉害 你做得好啊，正因为你做得好啊...... 我们的抗争在时代之下始终是如此渺茫与弱小 怎么说呢，这次剧情不错，角色不错(可惜我一个没出)，皮肤也不错(就等着白嫖卷嫖异客皮肤了)，玩法也比上次更有进步，但是以后的白嫖卷＋后续复刻此次活动过后的70黄票没了，血亏的很 这第四阶段是真滴难受啊难受，没异德也没鸿雪拿啥打蚀刻章啊，还得必须打到三星，这二星提的属性没上面两个角色能打的舒服嘛？() 乐，太乐了，乐此不疲啊 太强辣，真的太强辣，简直就是模范啊！😥 荒芜不再-2020.03.17 黄铁重铸-2020.06.02 利刃出鞘-2020.07.28 燃灰不息-2020.11.15 铅封将裂-2021.01.19 光谱逸散-2021.05.15 蛮鳞障目-2021.08.26 松烟留痕-2021.11.22 寻昼燃炬-2022.02.24 渊默潮涌-2022.05.19 尘环落定-2022.08.25 赝波荡平-2022.11.15 起源新生-2023.03.21 虽然之前有很多令人高血压的操作， 不过还是非常推荐入坑，缪缪哎嘿，我的缪缪。 这b刁民是真离谱啊。 这ex关b刁民更离谱啊 非常坏设计，爱来自邪魔 更正，这次肉鸽真是非常的难啊，好玩是好玩，就是不适合正常人玩，我静音小队呢，你根本就不在萨米冰原，这高难的关卡，怪物又硬，跑的又快，特别是那个突袭生人勿进，那个跑的那叫一个快啊。 我寻思把，生息演算之前还能重开后保留建筑的，怎么到了下代就直接拉跨了呢，设计师是不是守望制作组挖过来的啊，设计的真好啊，哦对还有怪的数值设计，是不是从英雄联盟设计师那边学的啊，你知不知道又臭又硬还无法阻挡的怪真的很难受啊，就算挡住了也是被二阶段一刀砍烂，真好玩啊，建议下次设计，把天气系统的debuff改成 所有干员攻击力下降50% 防御力归零 部署只有三个且再部署时间翻倍 资源获取也是，干脆直接头疼砍头把，你看现在资源获取那么高的，建议基地一级升二级也要石头，木头需求翻倍，造水泵也要石头。 哦对，你那个关卡石碑真硬啊，没得高频攻击根本打不动，甚至还让放高台打，真的厉害。科技点也是，既然都无法保存那不如直接删了吧，留着反正也没几个人点。 -------------------------------- 我现在就要基建保存，科技保存(σ-`д・´) 你池子出率真的没改？4个六星歪了四个 150抽就出四个，up概率占六星出率70%？这是让普通玩家舍弃皮肤或者爆金币才能好好的玩？ 事实证明了老号的爆率只会越来越低，什么大数据精准杀熟，老号180抽6个六星全歪，当期up的两个角色和异德是一个不来，全部都歪 小号都没怎么玩，20抽就拿到限定和当期up，球球您别换着法子变相逼老号爆金币了，这样真的很搞心态啊，尤其是被个别群里或者论坛栽种在你沉船帖子上晒卡之后，心态就更炸了啊。 连歪过后就是紫气东来 最后一天想着都发勋章了，然后就去抽几发十连，结果还是没出，真嘲讽啊，期待什么？ 破游什么时候关啊啊啊啊啊啊 新手听我说别入坑，入坑记得先把好评换成分期付款，目前新人不氪金是会被各大群的老东西恶心到直接退游的 鹰角什么时候把池子爆率改正常？ 每次抽每次歪，这次陪跑都不给了，非常好池子爱来自抽卡 这萨卡兹野史真够史的 不是这地图是谁设计的啊，有点野啊，是觉得各个玩家都是天胡能非常顺利的凑齐所有组件轻松打过啊，我打了四天了，难得有一把能摸到boss门口，结果一脚给我阻挡在门口了？？？ 全隐匿很好玩是吧？ 为什么粥铲铲不让前期干员自己换啊（ 这次小游戏是真的很不好玩，判定迷惑 操作阴间 懂不懂每年限定必沉的羁绊啊（骂骂咧咧） 好端端的怎么还删评论了啊（ 为什么到限定池子就会歪啊，200抽丢下去连陪跑都没，硬歪三个六星 ，限定陪跑一个都没看见（╬ಠ益ಠ)ｺﾞ 好好，之前没时间打肉鸽今天试了试五结局，然后开局晕了50秒，被阿米娅清屏愉悦送走。 好，打了半个星期了，好不容易来个胡一点的局，结果还是被阿米娅愉悦送走，这b晕眩是真难受啊，没的说的那种，还有结局五是伤害强制检测器嘛，不抓维什戴尔是不是稳定过不去的？ 非常好池子，60抽下去又歪一个，这池子up了什么啊，除了歪就是歪。( ‘-ωก̀ ) 这地形直接把全图攻击干员和手长干员直接被限制了是吧，总不能真的为了推销角色就限制比她好用的角色吧？ 这个足球守门员是不是过于健壮了，一下创飞一头牛的那种( 牢普补药肘我了，还有凯尔希你快回来呀˃̣̣̥᷄⌓˂̣̣̥᷅ 我嘞个普瑞赛斯，四线肘我恐怖如斯 设计师你为什么非得把boss丢到一圈不可部署地块来限制真伤强杀呢？ 这限定池子果然和往期的池子一样，歪的离谱，唉，粥池，唉 不得不说这次代理修改真得夸夸，以前老老实实看六遍录像，现在看一遍就够了，这下刷石头更方便了 这入梦砖设计的真好，下次别设计了，我可不希望在后面的肉鸽里面看见这玩意。 喉舌！震撼人心！ 这次肉鸽比上次设计的好了太多，基本上没啥不太好的设计，而且收藏品给的也很多 更正，不太好的关卡比上次萨卡兹的还多。 怎么又开始控评论了，连吃三个举报了 致敬传奇耐控王 这次肉鸽真穷啊，属于是集百家之短了 池子还是那么的歪，这我就非常放心了，是方舟池子的味 又回到了评价者很严格（ 还得是熟悉的味，不过我怎么感觉最近的粥池越来越黑了 不得不说，这期限定也没抽到，没那个钱买大保底了（太坏了yj） 碎了点石头，抽出来了，但是怎么就开心不起来（ 不得不说这次活动设计确实还挺不错的 otn，预设队伍怎么会那么难用（ 更正，不只是队伍难用，这次卫戎设计的还不如上次，吸取了隔壁鲍勃的糟粕是吧，经典四个人抢同一个队伍 二次更正，难度设计极其不合理，感觉像是老设计师丢个模板给新设计师练手用的，而且设计师似乎并未考虑数值平衡问题，我方成长就像是1+1+2+3，而敌方是1+2+4+8+16，到最后只有固定几个干员能用，关键是还卡等级，这就玩的非常的不舒服，很难想象能在2025年的11月还能看到如此复古且毫无平衡的设计，这种感觉就好像是设计师想教着你玩游戏，但是他只给你一个木剑去打恶龙一样（界园刚开放的时候也是一样的难受） 熟悉的味道，熟悉的歪（我吃两碗） 不得不说，最近几次的活动和关卡设计颇有一股子新人设计师的味，是不是老设计师全跑到终末地去搞数值平衡了啊，这次天空盒（未许之地）的活动数值搞一大堆又臭又硬的东西在那里挡道，而且地块升浮机制也是烂的离谱的设计，特别点名ur-ex-8，你就打把，一打一个不吱声。 小兔子生日快乐 隔壁终末地都节奏都烧到本体来了，而且马上就是新年池了，希望不要出现卡池爆率异常问题，毕竟之前方舟的池子就歪的离谱 我对此表示还是和往常一样，该歪的歪，240抽5六星歪四个的含金量还是在的，不过这次活动做的挺好，挺有乐趣的，也没啥阴间点，而且音乐也不差。,修改于 2026/2/11,来自 OPPO K12x 5G
嬉笑,玩过,5,喜欢....（反正不肝 现在回想起来wwf那次联动是给ngo提供了资金而不是把钱用于环保事业,修改于 2026/2/11,来自 iPhone 15 Pro Max
小天才,玩过 611 小时后评价（总时长 628 小时）,1,二B吧依旧拿老玩家开刀六彩五歪我C你m和疯了一样出超大，隔壁亏了多少运营不下可以停服,2026/2/11,来自 小米23124RN87C
卡咔,玩过 544 小时后评价（总时长 564 小时）,1,以前是小登的时候觉得老好玩了,2026/2/11,来自 OPPO PGGM10
额,玩过,1,多的不说，少的不唠，两百多抽全保底全歪,2026/2/10,来自 Xiaomi Redmi K60 Ultra
十五,玩过 338 小时后评价（总时长 341 小时）,5,最胡的一次41抽3金😎,2026/2/10,来自 HONOR PTP-AN10
Euarling,玩过 3863 小时后评价（总时长 3871 小时）,1,300抽就5六星，两个陈，黍，多萝西，死芒，这欧非差距太大了，欧的人送十连直接双黄，终末地后杀熟这块，老玩家该爆金币了,修改于 2026/2/10,来自 HUAWEI MatePad Pro 11
Violet,玩过,1,250抽都没出陈,2026/2/10,来自 Realme GT Explorer Master Edition
卿ф辞,玩过,1,垃圾游戏，隔壁亏了多少，md新年池子拿我们这些老玩家开坑，全歪逼你氪金,2026/2/10,来自 Android 设备
风之灵,玩过 601 小时后评价（总时长 662 小时）,1,210抽就仨六星，我恨一切,修改于 2026/2/10,来自 Redmi K70 Pro
咕咕,玩过,4,剧情超大杯！ 二哥和陈陈都没歪，舒服 这两天上头终末地，方舟都没时间肝了，趁这几天终末地长草把界园打一打，坐等卫戍协议了 ———————— 从星熊夏活开始我一直是保底才出六星，而且没出限定，星熊一百五十抽没出，银灰一百八十抽没出，如果不是要井耀骑士我攒的多，这次我会一个六星也没有，说实话挺失望的，新活动不错，新干员也都不错，但这样的抽卡实在不想玩了，我还有其他游戏需要氪金，就不在这里浪费钱了 ———————— 最近带节奏的倒是提醒我给你打分了，我最近玩得挺舒服，期待周年银灰 ———————— ***鹰角，五个五星全歪了，六星也歪了，等到池子结束我还没出诺威尔我就卸载尼玛的 —————— 攒夏活，最近运气不错，希望能保持 ———————— 等周年庆 ———————— 萨米肉鸽一如既往的眉笔发牌，狙医凯尔希开局，打了二十多局，次次走到第四层才给我一个狙，最好的一次进了boss关总共五个精二其中两个是医疗，唯独生命值和小术士管够……打boss全靠早露，守家全靠凯尔希，右路全部放掉……鹰角你自己琢磨琢磨这合理吗，我求求你善待我一点啊……,修改于 2026/2/10,来自 Android 设备
老塞工,玩过 462 小时后评价（总时长 545 小时）,5,我天天玩也没见有多好玩啊,2026/2/10,来自 Huawei P50
世界遭罪物语,玩过,2,劝退,修改于 2026/2/10,来自 Realme真我Neo7 Turbo
keshi,玩过 224 小时后评价（总时长 237 小时）,1,拉完了杀熟游戏19年老玩家次次保底出六星160抽两个六星一个望也没有,2026/2/10,来自 Android 设备
云,玩过,3,"真求了,20天前还登过的号,今天一登录，名字跟之前一样变纯一级新号了dT-Tb",2026/2/10,来自 Android 设备
芜湖,玩过,1,本身其实是很好的游戏，但是运营是SB，SB中的SB，以至于我玩了三年多，被这种SB的运营消磨完了兴趣，直接删号了，也就是瞎猫碰上死耗子了，鹰角你这头猪也就是站风口上了，后面几次没风口有众多竞品了，死了好几个项目方舟高强度连发一年小礼包断崖提升圈钱，最新的项目依旧还是那副运营德行，唯一可惜的就是方舟本身其实真还可以，只是说因为你这个垃圾公司我确实没有碰的兴趣了,修改于 2026/2/10,来自 Realme真我GT7
信凉啊,玩过 6.5 小时后评价,1,机哥爱玩的,2026/2/10,来自 小米24069RA21C
卡普里维克多,玩过 53.5 小时后评价（总时长 57.4 小时）,1,爆率很极端，要不欧死要不非死，对平民玩家不友好，剧情无聊。,2026/2/10,来自 Android 设备
yearDD,玩过 1000 小时后评价（总时长 1009 小时）,5,也是玩了好长时间了，总体下来非常满意，抛开抽卡的概率【我自己号比较非】其余不论美术还是音乐【鹰角真是音角】都在二游有很强的统治力。玩法麻，保卫萝卜的玩法逻辑还是很吃接受程度的，反正我挺喜欢。鹰角继续加油吧，要一直保持下去呀！,2026/2/10,来自 PC 客户端
迟暮,玩过,2,拥有的最强6星干员是能天使，最新获得的6星是银灰，猜我在哪一年？ 朋友看了我的干员列表都直哈气，说好久没有看到纯手法过关的了😆这还是去年11月刚创的新号。 拉了一个大的,修改于 2026/2/10,来自 Vivo X200 Pro Mini
K,玩过,1,为了不让人跳过剧情真是煞费苦心😅,2026/2/10,来自 Android 设备
Kevin Zhu（TOBY）,玩过 2947 小时后评价（总时长 3003 小时）,4,一般😓 ----年限望---- 新剧情不赖 ----5周年---- 至少整了点优化还行，还有迷宫饭联动，当一天周卫兵 ----4.5周年---- 啥笔yj你妈妈必给我飞咯，扫荡给个限定六次真是心疼死你了，不说一键扫荡直接给材料吧，就我妥协点，还是看录像，直接一次性用完体力连着看录像都不行，还限定六次，你是不是有点太离谱了；还有四爷的文件夹就不提了，今年又来文件夹是吧，你就扣吧，那赠送能不能直接给五星得了，反正也是一黄票，五星还没这么碍眼；还挺多护着说黄票比上年多了所以不给黄票是合理的，我寻思不都是打游戏的吗，多给点抽卡资源还不乐意了😓，感情屁股是不是在游戏公司那边呀，这边是不是也要来点“送多了资源，玩家不氪金，公司得倒闭”这种论调呀，yj都几开了，钱恰的饱着呢，这边是不是也要变成“多发黄票会导致通货膨胀”的烂环境了😅；还给两星是因为生息演算要常驻了和有二期彩六联动了,修改于 2026/2/10,来自 Android 设备
User353893656,玩过 446 小时后评价（总时长 551 小时）,5,最欧的一个池子。,修改于 2026/2/10,来自 Android 设备
洛洛洛,玩过,4,还是本体好,2026/2/10,来自 Vivo IQOO Z9 Turbo
秋香秋霞,玩过,2,伟大无需多言,修改于 2026/2/10,来自 小米24117RK2CC
迷迭香,玩过 64.8 小时后评价（总时长 66.5 小时）,5,2019年5月3日开始玩，这思路，企鹅一辈子也做不到,2026/2/10,来自 Vivo X100s
祁红,玩过 41 小时后评价（总时长 42.3 小时）,1,不好玩,2026/2/12,来自 华为 MatePad 11
芥末果冻S,玩过 194 小时后评价（总时长 312 小时）,4,为啥特辑页不让用联动皮啊 买了好多联动皮结果都不能用，真的很崩溃,2026/2/12,来自 小米15
童重,玩过 16.9 小时后评价（总时长 18.6 小时）,1,这个红点看到没，测试怎么过的bug不改吗，不想填问卷就一点不考虑用户体验吗。,2026/2/12,来自 华为BRA-AL00
路灯杆子上缺人,玩过,1,所谓鹰角，就是知错，不认，不改错。 去年9月份更新鹰角把明日方舟，b服安卓移动端引擎改炸了，到今天绝大部分关卡画质都是爆炸的：细节模糊成一片，分辨率低，亮度降低。疑似抗锯齿功能在这些bug关卡里是关不掉的。 到今天我投了20多个工单，石沉大海没有半点回音，也没修一点，公告特么也没提一句，普通玩家说话鹰角直接当屁放哈哈。 （主线11至主线16） （红丝绒，雅赛努斯复仇记） （长夜临光，揭幕者们，崔琳特尔梅，绿野幻梦） （自深渊的一瞥：除猎人与骑兵，深海线全部） （那被祝福的：拉特兰线全部） （岁岁今朝：除去画中人，其余全部） （方舟：巴别塔，追迹日落以西） （夏活：多索雷斯，理想城，火山旅梦） （薪火重燃：全部） （水月肉鸽，萨卡兹肉鸽，炎国肉鸽） （生息演算矿洞内地图关卡正常，露天野外地图画质模糊） （利用bug地图代码做出的剿灭以及保全派驻） （未复刻开放的活动，联动活动的地图） （覆巢之下活动，sv1-7地图画质细节模糊，sv8-9洞窟内的地图就正常，svex同理）,2026/2/12,来自 Redmi Note 11T Pro
User418095276,玩过 885 小时后评价（总时长 905 小时）,5,玩了很长时间（在电脑上的没算），总之很好玩,2026/2/12,来自 Android 设备
piper0000,玩过,1,根本抽不出来，全是50+出然后歪歪歪🤮🤮🤮🤮,2026/2/12,来自 华为 Mate 30 5G
大王,玩过,1,这一分打给终末地。终末地不好玩！ 有了终末地的宣发之后，整个25年全是超大杯！如果是这种出新角色的趋势。我认为你已经不是以前的方舟了。你没有给玩家屯玉的机会。对玩家的感受没有那么在意了。只有不断的出新角色，出高强度，让玩家不间断充值充值充值。再见,2026/2/12,来自 Android 设备
曦帅·KNS,玩过,5,反正非常好玩，是那种连OPPO a5都能玩的类型，剧情很高质，可惜过剧情的时候没配音，但是由于我一抽爆了老陈，所以这点缺点其实也可以算没有,2026/2/12,来自 OPPO A1 Pro 5G
潜,玩过,1,好评,2026/2/12,来自 Realme GT5 Pro
13787349,玩过 53 小时后评价（总时长 198 小时）,4,很优秀的一款游戏，但是最近的版本数值膨胀太过严重，出的没有弱的，感觉每一个都要抽，抽卡资源会显得不够，希望出点机制好的，让更多博士有动脑子的机会,2026/2/12,来自 PC 客户端
HanaTsukiOvO.,玩过 1864 小时后评价（总时长 1882 小时）,2,如果现在谁还想入坑方舟，我的评价是，能跑就跑。,修改于 2026/2/12,来自 小米Xiaomi 14
Aspidiske,玩过 4546 小时后评价（总时长 4626 小时）,4,玩了很久了，个人评价基本稳定。按taptap的模板，以后没有惊喜/惊吓就不改了。 这次过年小改一下，删短一点，tap这个排版越来越难受，行间距好像改没了。 ———————— 可玩性： 在塔防基础上，不同玩法见仁见智。个人主线支线剧情要看，肉鸽和卫打得稍多，高难打得少，联机完全不打，领航者之类的只拿关键奖励。 画面音乐： 音乐不错。印象较深的深海、拉特兰、莱塔尼亚/卢森堡、大炎活动的音乐。 运营服务： 现在还算稳定。 策略性： 公式化机制鼎盛期似乎结束了，好起来了。 ———————————— pc端： 很流畅，推荐大伙试用，期待生息演算2期的表现。只是希望在对话中，加一个等效于鼠标点一下的键盘键位（比如空格或随便其他什么键）。 除岁剧情： 这次活动剧情没有给我太好的感觉，或者说整个炎剧情，像是叮咚鸡期间12集动画好不容易断断续续折腾完了，现在再来一个年导负责的剧场版收尾，然后就跟我说告一段落了。 看完剧情，没有谜语剧情结束，拨云见日的开阔；没有各流派巨兽辩经，大梦初醒的恍然；没有一家人齐心协力，年关已过的轻松；也没有欲知后事如何，再启新篇的兴奋。只剩下事已至此，小余菜都做了，先吃饭吧的无奈感受。 希望此后的炎故事，别再对着jrpg的过家家写老妖怪了，我实在觉得两者的正治戏都很少有算得上成功的部分。 题外话，与好友讨论时，他认为现在是新编剧在给前面的史擦辟谷。如果是真的，那我高看一眼。不管擦得怎么样，这次至少把牢陈牢魏牢岁牢望牢颉一众牢字辈擦完了，后面该有余地写新的了吧,修改于 2026/2/12,来自 Android 设备
普通的人,玩过,5,游戏玩着非常好,2026/2/12,来自 红米 Note 10 5G
哭泣嘤嘤嘤,玩过,5,哈哈哈哈爽了,2026/2/12,来自 OPPO Reno标准版
芽衣堡堡,玩过 572 小时后评价（总时长 589 小时）,5,好玩,2026/2/12,来自 PC 客户端
urjhdidhd,玩过,5,感觉非常好玩不会感到拉力的情况,2026/2/12,来自 Vivo S16e
Gosh!,玩过,2,byd连续吃了5次保底了，还连歪3次666去年夏活就不对劲了都是60+才出一只6⭐，半周年卡池也是，杀熟杀得挺高兴啊yj😁😁,2026/2/12,来自 华为CLS-AL00
内八大小姐,玩过,1,玩过资源最难攒的游戏，我也是服了，卡池全歪还不继承，打关打的火大，一下没注意又要重开，6000个币十连我也是没谁了，就这样被骗进来色鬼充军😒,2026/2/12,来自 Vivo IQOO Neo9
夏沫兮雨,玩过,4,我没法了,修改于 2026/2/12,来自 小米24122RKC7C
莓猫饼,玩过 59.5 小时后评价（总时长 103 小时）,5,好玩,2026/2/12,来自 OPPO Find X8
我是名字,玩过,5,絮雨的孤寒峭返场了，这下不得不五星了😋😋😋,修改于 2026/2/12,来自 荣耀 畅玩30 Plus
mrgao2021,玩过 16.3 小时后评价（总时长 476 小时）,1,这游戏有6星吗！,2026/2/12,来自 PC 客户端
菱,玩过 206 小时后评价（总时长 241 小时）,1,给我急哭了，别在50多出yy了😅,2026/2/12,来自 Android 设备
柠檬鱼,玩过,2,我1000多天登录的号这几个限定池非成什么样子了，我注册的小号给我一发来限定，被气到退坑的一集,2026/2/12,来自 Android 设备
良䣶,玩过 101 小时后评价（总时长 111 小时）,5,💃🏻立绘建模： NB 💎资源获取： 龙门币！！！！！ 🧝🏻‍♀️角色人设： 很好 ☄️成长体验： 还彳亍 🎮可玩性： 较高 有主线有支线还有肉鸽等 🌃画面音乐： 音角发力 🔖运营服务： 良好 ✍🏻建议： 卡池爆率能不能高点,2026/2/12,来自 OPPO Reno6 Pro+ 5G
好好好,玩过 320 小时后评价（总时长 405 小时）,5,这次活动做的是真不错蛮有意思的，其次春节威龙陈真的很好玩 臭棋篓子真的很强,2026/2/12,来自 Android 设备
雷蒙·丹尼尔,玩过,1,之前b服自抽玩的，剧情可以说云里雾里不知道讲啥，全靠杨圣万字解析去了😓，过了好几年多重挑战才有一个，池子毒，美术几乎是现在二游里最烂了，除此以外还有最恶心最多的社区玩家,2026/2/12,来自 Android 设备
，，，，,玩过,1,杀熟，老楽子游戏，160一个望都没有,2026/2/12,"来自 Apple IPad14,5"
乜栀,玩过 82.5 小时后评价（总时长 127 小时）,5,可以，慢慢玩吧,修改于 2026/2/12,来自 Android 设备
龙井,玩过,5,没玩过，然后就是终末地牛逼😋,2026/2/11,来自 Android 设备
幻想星球,玩过 457 小时后评价（总时长 505 小时）,5,这游戏我以前是玩过的，确实是个好游戏，单机党福音好吧～（话说，为什么我设置里显示这游戏是15多g文件管理显示却是不到3g？有人知道原因吗？我有点懵😣）,修改于 2026/2/11,来自 VIVO IQOO Z1
嘉德罗斯大人的渣渣,玩过 11.8 小时后评价（总时长 44 小时）,5,很喜欢，要玩一辈子明日方舟！！！,2026/2/11,来自 PC 客户端
小蓝蜗,玩过 15.9 小时后评价（总时长 19.8 小时）,1,啊啊啊！好久久没玩，想着下新版本，结果下不了，但在之前我玩的时候感觉特别好玩,2026/2/11,来自 OPPO A3i 5G
罐头,玩过 13.2 小时后评价（总时长 31.7 小时）,5,好玩,2026/2/11,来自 PC 客户端
山吹野吹,玩过 89 小时后评价（总时长 110 小时）,5,好评如潮 孩子们，终于有正常的异格陈了，泪目,修改于 2026/2/11,来自 PC 客户端
兰,玩过 2298 小时后评价,5,永远守护我最爱的女性友好游戏厂商英雌网络,修改于 2026/2/11,来自 Vivo IQOO Z9 Turbo+
风丶独醉,玩过 210 小时后评价（总时长 242 小时）,1,这TA10太好玩了，太有意思了，五星好评,2026/2/11,来自 小米15
ghh,玩过,5,阿米娅可爱😊😊😊😊😊😊😊😊,2026/2/11,来自 OPPO A系列
浮士德,玩过,5,好玩的，很良心,2026/2/11,来自 OPPO R15中国版
轰击大楼！,玩过 149 小时后评价（总时长 164 小时）,5,发评论没什么意思，就是给你们看看更新后第二个十连 我不行了，我在这里盲点跳过，出货了……都不知道（爬行阴暗的爬行） 所以孩子们我能玩明日方舟吗？,2026/2/11,来自 华为 荣耀30 Pro 5G
𝓛𝓎𝓃𝒶𝓮,玩过 362 小时后评价（总时长 435 小时）,5,收到，已严肃满潜火陈，火陈和望日常玩着不笑的是👍🏻,修改于 2026/2/11,来自 Vivo S30
君赫,玩过 453 小时后评价（总时长 477 小时）,5,伤心，终末地保底，方舟也保底，黑死我了要,2026/2/11,来自 三星Galaxy S23 Ultra
Ego,玩过,1,全勤，半年没出过新角色，基准池6连全歪，且每次都50 发出，看见变成10个黄票是真心脏骤停，杀熟你是真该死啊yj,2026/2/11,来自 Redmi Note 12T Pro
User123522759,玩过 754 小时后评价（总时长 754 小时）,3,这卡池里根本没有陈，我都四个望了。,2026/2/11,来自 OPPO A11x中国版
手机用户102518114,玩过,1,没关注还莫名其妙给我发广告？,2026/2/11,来自 小米MIX 4
电魔牛B。,玩过 702 小时后评价（总时长 727 小时）,5,2.10 继连沉两年的龙龙后，今年终于三十抽就毕业了🐉 😃嗯我看这剧情有点出乎我意料(褒义)😃到底什么时候包饺子？到底什么时候包饺子？到底什么时候包饺子？ 明年把78兄弟给我搬岛上来。。,修改于 2026/2/11,来自 OPPO A11中国版
MSmushroom,玩过 1589 小时后评价（总时长 1615 小时）,5,集成战略真的太好玩了，卫戍协议真的太好玩了，危机合约真的太好玩了，促融共竞真的太好玩了,2026/2/11,来自 Android 设备
龙井小咕咕,玩过 756 小时后评价（总时长 801 小时）,5,推了，粥伟大无需多言,2026/2/11,来自 小米23073RPBFC
梦烟,玩过 2515 小时后评价（总时长 2540 小时）,2,开服号全图鉴退坑 自25年几乎没有正常毕业的池子，看到十连双黄就知道绝对会歪，然而事实确实如此，每个池子平均90抽才能抽出up，或许是我个人运气差或许是yj纯在杀熟，皮肤有380+，活动也是全章（危机合约全镀层），今年年限池直接坠机，地锅鸡吃了我160抽才出，年限池砸了220抽才出4个六星，两个陈+两个歪，全图鉴断掉现在彻底没啥念想了。 游戏性说实话不强，肉鸽也是一时的热度，从最早的活动式小刻吃蘑菇肉鸽到后来的傀影，水月，萨米，萨卡兹到现在的界园，肉鸽全满级n15全章，肉鸽这东西很吃新鲜感，玩了这么多期肉鸽到后面只感觉是在上班式的为了刷章而刷，高难配队几乎固定，藏品只是见boss的门票，道中鬼图遇到基本等于重开毫无娱乐性 活动格式固定，创新出来的模式说实话纯在蹭热度，娱乐性依旧一坨配上一坨的奖励，放俩蚀刻章你为了章不想玩也要吃，本人也不爱看剧情，一直在玩纯粹是被全图鉴在吊着往前走，现在断掉了决定退坑， 说实话这游戏开服这么多年了不值得新人入坑，补齐强卡成本极高，下池还要瞻前顾后，不是全图鉴基本无法毫无顾虑的下新池，xp和强度终有一时会产生冲突。限定池特有的双六星300井，你yj说是福利好实际上攒300还是不太容易的吧。且市面上那么多游戏没必要现在跑来玩这个纸片对碰游戏了，社区环境其实不是变好了，而是你yj内卫早都跑路了，要么玩其他游戏要么忙于和生活对线，游戏社区内基本没有ldx还在活跃 好聚好散吧，yj的终末地我资格也拿不到，开服了看看评分也不想玩了，说实在话现在对于抽卡类二游我一向致谢不敏，顶多就看个乐子,修改于 2026/2/11,来自 Vivo IQOO Neo8 Pro
๑梭鱼儿,玩过 3291 小时后评价（总时长 3294 小时）,1,总体玩法和游戏体验非常不错，只是在干员获取及养成上差点意思 💃🏻立绘建模： good 💎资源获取： 一般,修改于 2026/2/11,来自 Honor X50
丿LCT丶苦中咸,玩过 62.9 小时后评价（总时长 65.7 小时）,1,不要入坑不要入坑，真的不推荐，卡池问题太大了，根本中不了一点,2026/2/11,来自 Xiaomi Redmi K60E
问泽,玩过 1264 小时后评价（总时长 1333 小时）,5,玩了三年，现在岁家剧情迎来一个阶段性结尾所以前来评价，剧情超大杯，文案超大杯，演出超大杯，爆率极高，资源丰富，数值膨胀慢，极其推荐游玩。 就是yj今年这顿饺子我吃的不得劲啊😭，相见欢相见欢，为什么二哥是寂寞梧桐深院锁清秋啊😭，此是千秋第一秋，结果是望哥成为岁兽承受无尽痛苦的第一秋吗😭。求求你了，剧情落幕时一定要让岁家迎来一个真正的圆满结局啊，你让我氪648也愿意的,2026/2/11,来自 红米 K70
与君折枝,玩过,2,两次限定都歪了 遗憾离场,2026/2/11,来自 Android 设备
手机用户60023939,玩过 1233 小时后评价（总时长 1236 小时）,4,游戏很好玩，但感觉给明日方舟花的钱成了终末地的宣发，哪儿哪儿都是牛皮藓广告🙃,2026/2/11,来自 华为VYG-AL00
￴￴ ￴ ￴￴,玩过 171 小时后评价（总时长 171 小时）,2,这是我最想吐槽的一个游戏厂商了，太low了,修改于 2026/2/11,来自 Realme真我GT7 Pro
晚风,玩过 46 小时后评价,1,限定和陈又没有，养多萝西到精二一级材料给我干没了，不玩了艹，yj你其实是披着塔防壳的养成游戏吧。 ＿＿＿＿＿＿＿＿＿＿＿＿＿＿＿＿＿＿＿＿＿＿＿ md 134抽看不见星熊，你就玩吧😅,修改于 2026/2/11,来自 Honor 70
Frisk,玩过,3,快坚持不下去了，又快到大保底了。,修改于 2026/2/11,来自 iQOO Neo 5
奈格里,玩过 956 小时后评价（总时长 990 小时）,5,绝望了，越来越非，一年都没出过高姿了，卡池歪到离谱，抽上头，感觉号玩不下去了,2026/2/11,来自 Vivo S16
sugaria,玩过,1,十连歪,2026/2/11,来自 Android 设备
半岛饭盒,玩过,1,天天吃大保底太美味了👍🏻,2026/2/11,来自 Vivo IQOO Neo9S Pro
彩彩第一可爱,玩过,1,单纯想聊聊为什么不想玩方舟了，本人棘刺厨，23年注册，先放出我官b服的棘刺练度，官服因为快二，三月没上线了了，所以引星棘刺复刻抽出来后没拉满。 1.感觉yj太傲慢了，优化是隔了几年才优化。而且现在快7周年了，还是没出一键扫荡，前几年出了可以多花体力1次刷多个材料，说明出一键扫荡也不是什么难事，但是yj就是不出，就为了那点日活。 2.就是感觉棘刺像是内部恨，出苍白海的剧情就不用我说了，网上一堆喷的。星棘的泳装皮你自己看了不想笑吗？肤色莫名其妙泛红，肚子上莫名其妙放了钢板，这个设计真的很诡异，你还不如把音韵连结的皮肤做出来，买了一次都没用过，太丑了。还有复刻星棘公告的星数还打错了，少打一个星，做广告的时候审查都不审查一下吗？这么敷衍。 3.本来今天更新新年下回来重玩，结果两个号出的第一个六星都歪了，没招了。 想说的就这么多吧（感觉太情绪化了，抱歉）也没啥动力玩了，后面寻找有缘人送出去了，当然还会继续喜欢棘刺🙂,2026/2/11,来自 Android 设备
User560117550,玩过,1,我不明白，为什么推荐20级结果50级没打过，那拉矢的伤害太高了吧,2026/2/11,来自 华为 nova7 SE
焰.,玩过,2,我就想问，隔壁终末地亏了多少钱，230抽不出限定，硬吃保底，杀熟老玩家这一块,2026/2/11,来自 Android 设备
North,玩过,3,如果是收集党或者xp党的话不推荐入游，可以就在dy欣赏pv，因为粥的抽奖机制很逆天，奖励获取也很单一，抽卡爆率极其极其极其垃圾，我充钱的一个号和不充钱的一个号爆率完全一个天上一个地下，鹰角我对你真的是太好了，既玩明日方舟又玩终末地，到了新年你就这么对玩家，真有你的。,2026/2/11,来自 小米Xiaomi 14
HtcOP,玩过 2883 小时后评价（总时长 2925 小时）,3,这是一个从开服记录至今的评论 算了，抽不到就抽不到吧，这个还是看缘分，没那个缘分就不强求了，在下告辞 -致年(W)小姐。 ps:哎呀，又没抽到，看来最近运气不好啊╭(╯ε╰) 这 瓜 我 都 吃 饱 了 好耶，这次迷迭香和泥岩都出了。 好耶，肉鸽，我的肉鸽 这次肉鸽难度整体比上次高，随机是真随机，随机到十次有九次都遇不到想要的，就算脸再黑也不可能遇不到合适阵容的，你法队来重装，你先锋来医疗，你近卫来射手，商9店出售的收藏品真的迷惑，我都开始怀疑是不是故意这样设计的( •̥́ ˍ •̀ू ) 欧天呐，这是50%出率嘛，百抽出3个六星还全歪了，我年池都没这么歪过() 我就该信邪的，又灌了30抽进去，两个紫一个黄，连火光都没。 有一说一，为了限制角色输出直接加闪避是把，80%物法双闪，你没个真伤还真就打不了H10-1到H10-3 我反复确认，附加条件明明写的是加攻速，我切回来一看，豁3下一重装，我是点了200%伤害危机合约词条嘛？这为了克制单位不是闪避就是直接堆伤害，今晚设计师想睡觉必miss 好消息，歪了，坏消息，歪了。 好耶好耶，这次镀层是氪佬玩家必备咯，咸鱼摸鱼崽没啥练度就去嫖个90专3令。 请问，你们是神经损伤过损了嘛，这难度跟坐牢有啥区别呢，说是收藏物多了能爽起来，您看看 这怎么爽的起来啊？ 黑的好啊，就跟煤球一样，要啥不来啥连着歪了七个池子了，让我来继续看看下一个池子会不会歪，这真的厉害 你做得好啊，正因为你做得好啊...... 我们的抗争在时代之下始终是如此渺茫与弱小 怎么说呢，这次剧情不错，角色不错(可惜我一个没出)，皮肤也不错(就等着白嫖卷嫖异客皮肤了)，玩法也比上次更有进步，但是以后的白嫖卷＋后续复刻此次活动过后的70黄票没了，血亏的很 这第四阶段是真滴难受啊难受，没异德也没鸿雪拿啥打蚀刻章啊，还得必须打到三星，这二星提的属性没上面两个角色能打的舒服嘛？() 乐，太乐了，乐此不疲啊 太强辣，真的太强辣，简直就是模范啊！😥 荒芜不再-2020.03.17 黄铁重铸-2020.06.02 利刃出鞘-2020.07.28 燃灰不息-2020.11.15 铅封将裂-2021.01.19 光谱逸散-2021.05.15 蛮鳞障目-2021.08.26 松烟留痕-2021.11.22 寻昼燃炬-2022.02.24 渊默潮涌-2022.05.19 尘环落定-2022.08.25 赝波荡平-2022.11.15 起源新生-2023.03.21 虽然之前有很多令人高血压的操作， 不过还是非常推荐入坑，缪缪哎嘿，我的缪缪。 这b刁民是真离谱啊。 这ex关b刁民更离谱啊 非常坏设计，爱来自邪魔 更正，这次肉鸽真是非常的难啊，好玩是好玩，就是不适合正常人玩，我静音小队呢，你根本就不在萨米冰原，这高难的关卡，怪物又硬，跑的又快，特别是那个突袭生人勿进，那个跑的那叫一个快啊。 我寻思把，生息演算之前还能重开后保留建筑的，怎么到了下代就直接拉跨了呢，设计师是不是守望制作组挖过来的啊，设计的真好啊，哦对还有怪的数值设计，是不是从英雄联盟设计师那边学的啊，你知不知道又臭又硬还无法阻挡的怪真的很难受啊，就算挡住了也是被二阶段一刀砍烂，真好玩啊，建议下次设计，把天气系统的debuff改成 所有干员攻击力下降50% 防御力归零 部署只有三个且再部署时间翻倍 资源获取也是，干脆直接头疼砍头把，你看现在资源获取那么高的，建议基地一级升二级也要石头，木头需求翻倍，造水泵也要石头。 哦对，你那个关卡石碑真硬啊，没得高频攻击根本打不动，甚至还让放高台打，真的厉害。科技点也是，既然都无法保存那不如直接删了吧，留着反正也没几个人点。 -------------------------------- 我现在就要基建保存，科技保存(σ-`д・´) 你池子出率真的没改？4个六星歪了四个 150抽就出四个，up概率占六星出率70%？这是让普通玩家舍弃皮肤或者爆金币才能好好的玩？ 事实证明了老号的爆率只会越来越低，什么大数据精准杀熟，老号180抽6个六星全歪，当期up的两个角色和异德是一个不来，全部都歪 小号都没怎么玩，20抽就拿到限定和当期up，球球您别换着法子变相逼老号爆金币了，这样真的很搞心态啊，尤其是被个别群里或者论坛栽种在你沉船帖子上晒卡之后，心态就更炸了啊。 连歪过后就是紫气东来 最后一天想着都发勋章了，然后就去抽几发十连，结果还是没出，真嘲讽啊，期待什么？ 破游什么时候关啊啊啊啊啊啊 新手听我说别入坑，入坑记得先把好评换成分期付款，目前新人不氪金是会被各大群的老东西恶心到直接退游的 鹰角什么时候把池子爆率改正常？ 每次抽每次歪，这次陪跑都不给了，非常好池子爱来自抽卡 这萨卡兹野史真够史的 不是这地图是谁设计的啊，有点野啊，是觉得各个玩家都是天胡能非常顺利的凑齐所有组件轻松打过啊，我打了四天了，难得有一把能摸到boss门口，结果一脚给我阻挡在门口了？？？ 全隐匿很好玩是吧？ 为什么粥铲铲不让前期干员自己换啊（ 这次小游戏是真的很不好玩，判定迷惑 操作阴间 懂不懂每年限定必沉的羁绊啊（骂骂咧咧） 好端端的怎么还删评论了啊（ 为什么到限定池子就会歪啊，200抽丢下去连陪跑都没，硬歪三个六星 ，限定陪跑一个都没看见（╬ಠ益ಠ)ｺﾞ 好好，之前没时间打肉鸽今天试了试五结局，然后开局晕了50秒，被阿米娅清屏愉悦送走。 好，打了半个星期了，好不容易来个胡一点的局，结果还是被阿米娅愉悦送走，这b晕眩是真难受啊，没的说的那种，还有结局五是伤害强制检测器嘛，不抓维什戴尔是不是稳定过不去的？ 非常好池子，60抽下去又歪一个，这池子up了什么啊，除了歪就是歪。( ‘-ωก̀ ) 这地形直接把全图攻击干员和手长干员直接被限制了是吧，总不能真的为了推销角色就限制比她好用的角色吧？ 这个足球守门员是不是过于健壮了，一下创飞一头牛的那种( 牢普补药肘我了，还有凯尔希你快回来呀˃̣̣̥᷄⌓˂̣̣̥᷅ 我嘞个普瑞赛斯，四线肘我恐怖如斯 设计师你为什么非得把boss丢到一圈不可部署地块来限制真伤强杀呢？ 这限定池子果然和往期的池子一样，歪的离谱，唉，粥池，唉 不得不说这次代理修改真得夸夸，以前老老实实看六遍录像，现在看一遍就够了，这下刷石头更方便了 这入梦砖设计的真好，下次别设计了，我可不希望在后面的肉鸽里面看见这玩意。 喉舌！震撼人心！ 这次肉鸽比上次设计的好了太多，基本上没啥不太好的设计，而且收藏品给的也很多 更正，不太好的关卡比上次萨卡兹的还多。 怎么又开始控评论了，连吃三个举报了 致敬传奇耐控王 这次肉鸽真穷啊，属于是集百家之短了 池子还是那么的歪，这我就非常放心了，是方舟池子的味 又回到了评价者很严格（ 还得是熟悉的味，不过我怎么感觉最近的粥池越来越黑了 不得不说，这期限定也没抽到，没那个钱买大保底了（太坏了yj） 碎了点石头，抽出来了，但是怎么就开心不起来（ 不得不说这次活动设计确实还挺不错的 otn，预设队伍怎么会那么难用（ 更正，不只是队伍难用，这次卫戎设计的还不如上次，吸取了隔壁鲍勃的糟粕是吧，经典四个人抢同一个队伍 二次更正，难度设计极其不合理，感觉像是老设计师丢个模板给新设计师练手用的，而且设计师似乎并未考虑数值平衡问题，我方成长就像是1+1+2+3，而敌方是1+2+4+8+16，到最后只有固定几个干员能用，关键是还卡等级，这就玩的非常的不舒服，很难想象能在2025年的11月还能看到如此复古且毫无平衡的设计，这种感觉就好像是设计师想教着你玩游戏，但是他只给你一个木剑去打恶龙一样（界园刚开放的时候也是一样的难受） 熟悉的味道，熟悉的歪（我吃两碗） 不得不说，最近几次的活动和关卡设计颇有一股子新人设计师的味，是不是老设计师全跑到终末地去搞数值平衡了啊，这次天空盒（未许之地）的活动数值搞一大堆又臭又硬的东西在那里挡道，而且地块升浮机制也是烂的离谱的设计，特别点名ur-ex-8，你就打把，一打一个不吱声。 小兔子生日快乐 隔壁终末地都节奏都烧到本体来了，而且马上就是新年池了，希望不要出现卡池爆率异常问题，毕竟之前方舟的池子就歪的离谱 我对此表示还是和往常一样，该歪的歪，240抽5六星歪四个的含金量还是在的，不过这次活动做的挺好，挺有乐趣的，也没啥阴间点，而且音乐也不差。,修改于 2026/2/11,来自 OPPO K12x 5G
嬉笑,玩过,5,喜欢....（反正不肝 现在回想起来wwf那次联动是给ngo提供了资金而不是把钱用于环保事业,修改于 2026/2/11,来自 iPhone 15 Pro Max
小天才,玩过 611 小时后评价（总时长 628 小时）,1,二B吧依旧拿老玩家开刀六彩五歪我C你m和疯了一样出超大，隔壁亏了多少运营不下可以停服,2026/2/11,来自 小米23124RN87C
卡咔,玩过 544 小时后评价（总时长 564 小时）,1,以前是小登的时候觉得老好玩了,2026/2/11,来自 OPPO PGGM10
额,玩过,1,多的不说，少的不唠，两百多抽全保底全歪,2026/2/10,来自 Xiaomi Redmi K60 Ultra
十五,玩过 338 小时后评价（总时长 341 小时）,5,最胡的一次41抽3金😎,2026/2/10,来自 HONOR PTP-AN10
Euarling,玩过 3863 小时后评价（总时长 3871 小时）,1,300抽就5六星，两个陈，黍，多萝西，死芒，这欧非差距太大了，欧的人送十连直接双黄，终末地后杀熟这块，老玩家该爆金币了,修改于 2026/2/10,来自 HUAWEI MatePad Pro 11
Violet,玩过,1,250抽都没出陈,2026/2/10,来自 Realme GT Explorer Master Edition
卿ф辞,玩过,1,垃圾游戏，隔壁亏了多少，md新年池子拿我们这些老玩家开坑，全歪逼你氪金,2026/2/10,来自 Android 设备
风之灵,玩过 601 小时后评价（总时长 662 小时）,1,210抽就仨六星，我恨一切,修改于 2026/2/10,来自 Redmi K70 Pro
咕咕,玩过,4,剧情超大杯！ 二哥和陈陈都没歪，舒服 这两天上头终末地，方舟都没时间肝了，趁这几天终末地长草把界园打一打，坐等卫戍协议了 ———————— 从星熊夏活开始我一直是保底才出六星，而且没出限定，星熊一百五十抽没出，银灰一百八十抽没出，如果不是要井耀骑士我攒的多，这次我会一个六星也没有，说实话挺失望的，新活动不错，新干员也都不错，但这样的抽卡实在不想玩了，我还有其他游戏需要氪金，就不在这里浪费钱了 ———————— 最近带节奏的倒是提醒我给你打分了，我最近玩得挺舒服，期待周年银灰 ———————— ***鹰角，五个五星全歪了，六星也歪了，等到池子结束我还没出诺威尔我就卸载尼玛的 —————— 攒夏活，最近运气不错，希望能保持 ———————— 等周年庆 ———————— 萨米肉鸽一如既往的眉笔发牌，狙医凯尔希开局，打了二十多局，次次走到第四层才给我一个狙，最好的一次进了boss关总共五个精二其中两个是医疗，唯独生命值和小术士管够……打boss全靠早露，守家全靠凯尔希，右路全部放掉……鹰角你自己琢磨琢磨这合理吗，我求求你善待我一点啊……,修改于 2026/2/10,来自 Android 设备
老塞工,玩过 462 小时后评价（总时长 545 小时）,5,我天天玩也没见有多好玩啊,2026/2/10,来自 Huawei P50
世界遭罪物语,玩过,2,劝退,修改于 2026/2/10,来自 Realme真我Neo7 Turbo
keshi,玩过 224 小时后评价（总时长 237 小时）,1,拉完了杀熟游戏19年老玩家次次保底出六星160抽两个六星一个望也没有,2026/2/10,来自 Android 设备
云,玩过,3,"真求了,20天前还登过的号,今天一登录，名字跟之前一样变纯一级新号了dT-Tb",2026/2/10,来自 Android 设备
芜湖,玩过,1,本身其实是很好的游戏，但是运营是SB，SB中的SB，以至于我玩了三年多，被这种SB的运营消磨完了兴趣，直接删号了，也就是瞎猫碰上死耗子了，鹰角你这头猪也就是站风口上了，后面几次没风口有众多竞品了，死了好几个项目方舟高强度连发一年小礼包断崖提升圈钱，最新的项目依旧还是那副运营德行，唯一可惜的就是方舟本身其实真还可以，只是说因为你这个垃圾公司我确实没有碰的兴趣了,修改于 2026/2/10,来自 Realme真我GT7
信凉啊,玩过 6.5 小时后评价,1,机哥爱玩的,2026/2/10,来自 小米24069RA21C
卡普里维克多,玩过 53.5 小时后评价（总时长 57.4 小时）,1,爆率很极端，要不欧死要不非死，对平民玩家不友好，剧情无聊。,2026/2/10,来自 Android 设备
yearDD,玩过 1000 小时后评价（总时长 1009 小时）,5,也是玩了好长时间了，总体下来非常满意，抛开抽卡的概率【我自己号比较非】其余不论美术还是音乐【鹰角真是音角】都在二游有很强的统治力。玩法麻，保卫萝卜的玩法逻辑还是很吃接受程度的，反正我挺喜欢。鹰角继续加油吧，要一直保持下去呀！,2026/2/10,来自 PC 客户端
迟暮,玩过,2,拥有的最强6星干员是能天使，最新获得的6星是银灰，猜我在哪一年？ 朋友看了我的干员列表都直哈气，说好久没有看到纯手法过关的了😆这还是去年11月刚创的新号。 拉了一个大的,修改于 2026/2/10,来自 Vivo X200 Pro Mini
K,玩过,1,为了不让人跳过剧情真是煞费苦心😅,2026/2/10,来自 Android 设备
Kevin Zhu（TOBY）,玩过 2947 小时后评价（总时长 3003 小时）,4,一般😓 ----年限望---- 新剧情不赖 ----5周年---- 至少整了点优化还行，还有迷宫饭联动，当一天周卫兵 ----4.5周年---- 啥笔yj你妈妈必给我飞咯，扫荡给个限定六次真是心疼死你了，不说一键扫荡直接给材料吧，就我妥协点，还是看录像，直接一次性用完体力连着看录像都不行，还限定六次，你是不是有点太离谱了；还有四爷的文件夹就不提了，今年又来文件夹是吧，你就扣吧，那赠送能不能直接给五星得了，反正也是一黄票，五星还没这么碍眼；还挺多护着说黄票比上年多了所以不给黄票是合理的，我寻思不都是打游戏的吗，多给点抽卡资源还不乐意了😓，感情屁股是不是在游戏公司那边呀，这边是不是也要来点“送多了资源，玩家不氪金，公司得倒闭”这种论调呀，yj都几开了，钱恰的饱着呢，这边是不是也要变成“多发黄票会导致通货膨胀”的烂环境了😅；还给两星是因为生息演算要常驻了和有二期彩六联动了,修改于 2026/2/10,来自 Android 设备
User353893656,玩过 446 小时后评价（总时长 551 小时）,5,最欧的一个池子。,修改于 2026/2/10,来自 Android 设备
洛洛洛,玩过,4,还是本体好,2026/2/10,来自 Vivo IQOO Z9 Turbo
秋香秋霞,玩过,2,伟大无需多言,修改于 2026/2/10,来自 小米24117RK2CC
迷迭香,玩过 64.8 小时后评价（总时长 66.5 小时）,5,2019年5月3日开始玩，这思路，企鹅一辈子也做不到,2026/2/10,来自 Vivo X100s
xy弑殿hy-一顺千秋,玩过,5,不管那么多了，反正玩了快5年多了，继续坚持一下。,2026/2/10,来自 Realme GT Neo5 SE
Gary,玩过 211 小时后评价（总时长 216 小时）,1,早晨鸣潮吃了第九个保底，上午打三角洲行动被不演了的挂踹10多把，中午想着望池子开了抽抽卡缓缓心情吧，我攒了半年11w多合成玉全投进去在240抽才抽到望，我只能给一星,2026/2/10,来自 Vivo IQOO 13
貔貅,玩过,1,鹰角好样的，已经不知道是不是杀熟了😇，六星好评,修改于 2026/2/10,来自 小米Xiaomi 14 Pro
霓,玩过 3.6 小时后评价（总时长 50.4 小时）,5,端游确实不错，流畅多了,2026/2/10,来自 PC 客户端
伊内丝最可爱,玩过,5,德克萨斯最可爱！！！！！！！！,2026/2/10,来自 华为TGR-W00
白日梦做一天,玩过,5,那还说啥了，给你了鹰角,2026/2/10,来自 Android 设备
墨谦尘,玩过 954 小时后评价（总时长 959 小时）,1,不是，五连歪，真有你的，最近不是四连歪就五连歪，次次抽卡150抽往上，50%概率提升在哪？你游哪来的脸说50%概率提升的？对不起，燃尽了，我不会再给你充一分钱 这是个好游戏，321抽一个限定抽不出来,修改于 2026/2/10,来自 小米24117RK2CC
阿巴巴巴,玩过,4,byd，我累了不想玩了 感觉现在就只是yj的韭菜 tm不氪金抽不到我 以前还欧一次非一次 现在一直非 我TM真不想玩了 tm236抽 我还氪了198，觉得真的没意思 释怀了，现在囤的有500抽(黄票每月换的，加起来有410抽)，还是之前抽何大雷玩近锋花了100多抽，每天日常也不耗时间，也有好玩的模式，主要后面的版本优化太多了，现在是每天清体力摆烂，剧情时好时坏，现在也懒得看了，就有想玩的模式，比如新肉鸽，卫就猛猛练干员，猛猛打，现在明日方舟的一大特色就是有这种常驻奖励，而且游戏性好的活动，我觉得好玩就玩，肉鸽什么的连续给我跑结局我就不玩了，很自由,修改于 2026/2/10,来自 HONOR 200 Pro
伞,玩过,2,很难想象一款游戏你打完一关你不能一键重刷，不能一键重刷你代理指挥还过不去,2026/2/10,来自 Android 设备
₩※£€,玩过 2191 小时后评价（总时长 2207 小时）,1,这次抽红温了，下次欧回来再改回五星 _ 小姨60抽，没歪还行 _ 中坚双up100抽一只都没，红了 _ 娜斯提50没歪还行 _ 缇缇100抽歪俩只，还有一只娜斯提，红了 _ 200抽没望，5只陈，更红了,修改于 2026/2/10,来自 一加手机Ace 3
盾勇士在此,玩过,5,这么多游戏中最喜欢舟的美术风格,2026/2/10,来自 Android 设备
遥异,玩过 1209 小时后评价（总时长 1232 小时）,1,打一星实际上并非完全为了抽卡快吃保底这件事，毕竟你游三百保底我都差不多习惯了。 让人无法忍受的是，你新出的令24源石皮肤，连方言语音都没有，怎么，你一年圈这么多钱，连请配音演员多配两句的钱都出不起？网上搜了才发现原来还不是首例，与中国电影资料馆联动的大哥皮肤也没有方言配音，这个皮肤还是我25年复刻时候补的，平时大哥也不上场，直到今天才发现，一并起来更让人恼火了。怎么一年到头圈的钱不够你配两句语音的？ 像什么不能开多倍速，用技术问题搪塞过去，我这几年也就忍了。但配音的残缺显然是态度问题，你游除了伪动态立绘和静态剧情，不就只剩配音了吗，配音作为直接了解干员个性特点的窗口，我也不奢求什么形神兼备，毕竟当前的配音演员都想着直播吸粉，配音功底只可意会不敢言传，但你起码得有配音吧？ 什么时候皮肤配上方言语音了什么时候删评论。,2026/2/10,来自 一加 Ace 2 pro
芒果果的茶茶丸,玩过 234 小时后评价,5,其实很早就了解到明日方舟这个IP了，但一直对此不感兴趣，直到我去旅游，在地铁上看到了明日方舟的海报，我就下定决心入坑了，后来发现还真的蛮有意思的，不论是角色美工还是剧情还是音乐都很戳我，而且同人也很多给我饭吃的饱饱的，所以界园应该怎么打啊啊啊啊啊啊啊,2026/2/10,来自 Vivo V2031EA
奥古斯都、大花,玩过 1483 小时后评价（总时长 1547 小时）,5,很喜欢玩塔防游戏，但是一开始不知道这是塔防游戏所以白白错过了很多，许愿罗小黑二联！,2026/2/10,来自 Redmi K50
寻信人,玩过,5,————————————————— 看完巴别塔了，没什么好说的，剧情党大满足。 ————————————————— 银心湖列车和新年活动都很满意，剧情看的很开心，刚刚回了一点热情，然后 yj出来挨骂你这生息演算做的什么玩意，科技基地食谱等级全不继承的情况下地图还固定，我是来套公式的吗，我在游戏长时间套公式我为什么不去做地理题？？ 6个以内上几个干员都固定两瓶饮料还有每个干员一天只能上一次我本来是不想吐槽的，但是你这升级前一堆人力拿资源的需求我是真想说你配合得好啊，这三个但凡少一个我都能说你正优化了。或者说你但凡能让我重开慢慢摸我都不会骂你，是怎么做到把这些全部组合起来恶心人的，玩家问卷照常收，越改越垃圾，我是真的期待这重做的模式结果一片热情喂了狗，打了五小时体验不错然后群友跟我说了这么多离谱玩意。 不知道第几次评价了，不过看样子也都没上过热评，就直接重新写了。 作为19年五月十号老咸鱼，之前给的都是五星，但现在意识到不能再惯着鹰角了，放假一个月来，方舟真正让我觉得有趣的只有这几天和联锁第一天，联锁第一天觉得有趣因为我不像各位大佬连续打而是慢慢来，第二天打完觉得有点莫名其妙，然后接下来就没上线的欲望了，还好有我同学(我刚拉入坑的)，我靠帮他安排资源过的，总体来说挺无语的。 刚开服那会还没那么喜欢方舟，只是觉得有点意思，所以骑兵与猎人前的时间都没什么感觉，骑猎出来后真有感觉了，骑猎后入坑玩家大概不知道，骑猎的内容不止是我们现在看到的关卡和剧情而已，还有很多书信，书信不是企鹅物流寄的，是临光寄的，这形式就让我眼前一亮，所以我对骑猎的印象是很好的，那学期结束的暑假是我经历过最长的长草期，两个月几乎什么都没有，但那时毕竟还是新手(住宿学校很少肝)，缺的东西多，一个暑假下来我从没有精一肝到几个精二(那时还有其他要做的事)。 夏活开始，心情不太好，开学才给我这么一个大活动，奖励没领多少，大家说的旋转木马转一天我是没什么感觉的，之后心情慢慢平和就那样又过了一个学期。 过年限定心态炸了，差点退坑，但当时恰抽到一个六星和一个五星，又想想八个月来的时间，没有退，之后危机合约我对游戏的兴趣重燃了(忘了黄铁是什么时候了)。一周年一堆东西，没有w，退了一段时间又回来了，心态已经佛了，毕竟也高三了。 复刻节奏没跟，本来上次就没拿多少奖励，没石头对我来说没什么，反而能重拿奖励是好消息，一直觉得是赚了。 抽限定带着随意的心情都抽到了(现在差w)，第八章，画中人都让我对方舟的信心日渐增长，甚至不停安利给别人，二周年我的信心达到顶峰。 但是二周年到博人传前的情况………看了评价和B站才知道大家的情绪有多不好，才了解最近方舟怎么样，长草我早就习惯，新活动没新曲子感到奇怪，轻松过的感觉不是我一个人有，看到设定集质量后我才真的相信鹰角的懈怠，无论如何方舟在我最失意时也支撑过我，我对方舟的的确确是有感情的，所以我不只是气愤而更多是担忧，我不希望这样一个本有很大前途的游戏这么快消失，剧情，人物刻画，立绘，玩法(一直觉得是比较丰富的了，作为一个塔防来说，我的要求一直不高)，这些都是我玩下去的理由，开新主线我认为难度会比较大，毕竟方舟主线长度我是知道的，鹰角又努力让文案有些深度的感觉，不过也确实久了。产能还是扣一星的理由，如果不是博人传体验还可以会更低，我期待着方舟更好的未来。 =========================================================== 我的天，夏活出来分数更低了，这次又破纪录了吧。 所以鹰角你认真的吗，真要在我高考完来一幅《江河日下》？立绘我个人没什么感觉，这个异格，emm……………我就先告诉自己是——一向严肃的陈警官终于懂得给自己一点放松，懂得坦然一些吧，我并不在意什么文字游戏，我也说过玩这么久了，限定有就有，没有就没有了，况且这种大限定都还会复刻，说起来签到皮肤什么时候复刻一下？ 礼包反正我不会买，钱包不允许，不过缩水。。这不让人干着急吗，纯属招黑行为，拜托鹰角为自己的处女作多花点心思吧。 没有降星原因:新模式。大家都跟着节奏冲了，直接忘了新系统，我最后的期待就在这个新系统上面了，希望不要再让我失望了 =========================================================== 新活动出火速赶来评价，货已经全出了(越不在乎越快出货) 开始的剧情快速切图给我感觉挺好的，但似乎没有肉鸽，失望，接下来看一看，四星保留。 今天是八月四号，我今天改成五星了，这次活动剧情还行，关卡和活动的新意怎么着也有吧，但是活动没给方舟提分，我没玩过那么多二次元，但是海猫一行人起码一直以来是有照顾玩家的，如果女兆先生占的部分比海猫还多的话，那方舟就还是五星！！它值这个分，评论区一片一星评论我真的看不下去了，如果官方有事无法说出来，我们就什么都不知道，而鹰角没理由内外受压。 —————————————————— 不好意思我破防了真的，闪断更新为什么这么突然，我打的那么惨打的傀影过关了然后你跟我说我输了我真的是佛了！三颗星不会再多了，什么时候把这个改掉什么时候五星，真的去年夏活都没能让我破防。 ——————————————— 为什么要大半夜闪断更新？？！！！直面灾厄很好打吗？！ ————————————————— 好久没评价了，一直五星挂着，2023年11月21日，yj用实际行动告诉我它不值五颗星了，大致发病情况大家都喷的差不多了，奖励从歼灭测试就一直是少的，周年庆看出来扣奖励了，拿了奖给1000合成玉yj太喜欢整数了我哭死，敢问模组能不能给个整的整天攻速+7。 话说这时候还发病不会真以为周年庆挽回了很大风评吧，长时间的折磨导致我根本没热情打关，要不是有水课我都不打了。评价是你终末地最好能快速完工，我都担心你大女儿活不久了，可惜了我那一众干员。。 --------------------------,修改于 2026/2/10,来自 Vivo IQOO Neo10
祁鹤,玩过 40.5 小时后评价（总时长 147 小时）,5,还是小登，目前来说我觉得好玩,2026/2/10,来自 Android 设备
与世无争大萌新,玩过,1,三次限定池只有一个限定吗,2026/2/10,来自 Vivo IQOO Neo9 Pro
万事皆如一场梦,玩过,5,感觉每一个角色都特别萌🌹🌹🌹🌹总能找到自己喜欢的那一个😋,2026/2/10,来自 Vivo Y37m
云墨时白,玩过 312 小时后评价（总时长 340 小时）,1,兄弟们没招了，没招了，今天更新完之后变成新号是怎么回事？，真没招了,2026/2/10,来自 红米K70E
52HZ,玩过 273 小时后评价（总时长 341 小时）,5,角色画风很棒，该有的机制也很好，福利也很良心,2026/2/10,来自 OPPO A系列
浅屿,玩过 413 小时后评价（总时长 446 小时）,5,25年周年庆入的坑，美工音乐很对胃口，抽卡福利相比其他二游丰富，零氪也能攒个几百抽。,2026/2/10,来自 小米24117RK2CC
我的声带处于量子状态,玩过 384 小时后评价（总时长 419 小时）,2,我要给明日方舟差评 杀熟300抽就四个六星隔壁朋友200抽九个 气死我了我要给明日方舟差评 给我发648源石撤回,2026/2/10,来自 Android 设备
杨杨,玩过,5,还行，就是自从有了维什戴尔，少了点脑子,2026/2/10,来自 Vivo V2049A
子逸,玩过 308 小时后评价（总时长 319 小时）,5,是不是改出货率了我看好多人都是十连双金,2026/2/10,来自 Android 设备
pittore,玩过 99.2 小时后评价（总时长 142 小时）,5,💎资源获取： 很方便，快捷，每天上线只单清理智的话，五六分钟就能搞定 🌃画面音乐： 好听,2026/2/10,来自 华为 MatePad
666,玩过,5,别说了大家都来沾欧气，我送的免费十抽出了两个全中，欧皇不言而喻,2026/2/10,来自 Android 设备
风之缔始,玩过,5,致所有打不过的卡关人们 经过数次试验，我终于找到了没有任何破绽的完美阵型，凭此阵型，过几千关都不算难事，而且成型简单。 因为不会上传截图，我用文字表达出来，如下。 括号代表泡泡，省略号代表如前。 1 阿斯卡纶 （M3）（M3）（圣聆初雪）阿斯卡纶，阿斯卡纶，阿斯卡纶。。。。。 2（M3）（萌萌香）（圣聆初雪）（M3）（萌萌香），阿斯卡纶，阿斯卡纶。。。。。 3 维什戴尔 维什戴尔 酒神 维什戴尔 （维什戴尔）（维什戴尔）（维什戴尔）（玛恩纳）（玛恩纳） 4 维什戴尔 维什戴尔 酒神 维什戴尔 （维什戴尔）（维什戴尔）（维什戴尔）（玛恩纳）（玛恩纳） 5（M3）（萌萌香）（圣聆初雪）（M3）（萌萌香），阿斯卡纶，阿斯卡纶。。。。。 6 阿斯卡纶 （M3）（M3）（圣聆初雪）阿斯卡纶，阿斯卡纶，阿斯卡纶。。。。。 这就是我的阵型，大家可以看到，这个阵型的灵魂所在就是以维什戴尔为主，因为维什戴尔是大范围攻击，一旦数量达到一定程度，可以全屏攻击，虽然单个伤害较低（dog），但是却可以靠数量取胜，而且无死角，又因为维什戴尔都种在水面上，不会降低火力。,2026/2/10,来自 Honor 90
🦊,玩过,1,抽卡太黑了,2026/2/10,来自 华为ADA-AL00U
Malttea,玩过 883 小时后评价（总时长 1003 小时）,3,我真搞不懂难得有一个想卫戍协议这么好玩的模式不春节复刻等到3月末复刻，扣扣搜搜的吊谁胃口呢,修改于 2026/2/10,来自 小米24122RKC7C
*,玩过 184 小时后评价（总时长 184 小时）,1,你就玩吧活爹游戏（补档4）刚玩vs现在，好难猜不杀熟，只抽限定池子这up也是无敌了83抽,修改于 2026/2/10,来自 Nubia NX789J
手机用户60301381,玩过,5,给我出货求求了,修改于 2026/2/10,来自 OPPO PGCM10
衣以候,玩过 1669 小时后评价（总时长 1671 小时）,5,看时长,修改于 2026/2/10,来自 小米13
手机用户101982657,玩过 1671 小时后评价（总时长 1702 小时）,5,抽卡资源给的还是很大方的，不氪金也能攒够井，就是皮肤动态做得有点差，剧情也比较谜语人，整体可玩性比较高，另外yj快把卫戍协议端上来啊😭,2026/2/10,来自 OPPO Find X3中国版
THINKIJG,玩过,1,这池子是真毒,2026/2/10,来自 HONOR ALP-AN00
土豆炒鸡排,玩过 2667 小时后评价（总时长 2670 小时）,1,哈哈210抽没年限，狠狠吸玩家血是吧,修改于 2026/2/10,来自 小米25053RT47C
手机用户66645352,玩过,1,可以，这很鹰舟,2026/2/10,来自 Android 设备
666,玩过 113 小时后评价（总时长 116 小时）,1,50抽出了一堆紫拉完了,2026/2/10,来自 红米 K70
手机用户82062873,玩过,3,我恨你鹰角我恨你我恨你我恨你,2026/2/10,来自 小米24117RK2CC
白兔子饲养员,玩过 4448 小时后评价（总时长 5119 小时）,1,鹰角，我超爱你,2026/2/10,来自 Huawei Mate 60 Pro
WWLACXX,玩过,1,抽卡黑的一笔,2026/2/10,来自 OPPO Find X8
肖逝,玩过 144 小时后评价,1,很好的副游，虽然抽卡难评但比米池好太多了 抽卡歪了，必须要来个差评 2.10两百抽出一个望,修改于 2026/2/10,来自 Vivo IQOO 13
逆子,玩过,1,又杀熟是吧你这东西，这两年吃两次大保底了，每次一攒起来玉就给我300抽保底，新年池又给我保底，一个年一个赫德雷一个澄闪四个陈一个初雪演都不带演了,修改于 2026/2/10,来自 Vivo X Fold3
狗龙神,玩过 730 小时后评价（总时长 1242 小时）,1,装死玩到极致的公司 训狗也是一流 不解决问题而是让玩家自适应,2026/2/10,来自 Huawei Mate 50 Pro
秋叶微凉,玩过 3095 小时后评价（总时长 3101 小时）,1,歪,2026/2/10,来自 Redmi K60
饭特稀,玩过 1334 小时后评价（总时长 1350 小时）,5,玩了两年了，剧情大部分还可以，游戏玩法比较有趣，无论是主关卡，还是肉鸽关卡，还有一些活动，都很有意思。干员养成简单，不像其他游戏要考虑各种装备搭配，可以氪金也可以肝，干员强度是溢出的，就算萌新也可以借好友的强力干员过关，推荐大家试试，坚持玩个一年半载的，你就会喜欢上这个游戏。,2026/2/10,来自 HONOR Magic6 Pro
行曜凌霄,玩过 575 小时后评价,1,特别杀熟，终末地也杀熟，老玩家爆率极低,2026/2/10,来自 华为MRO-W00
dop826,玩过 211 小时后评价（总时长 245 小时）,1,280没抽到望，这概率太低了。,2026/2/10,来自 一加手机Ace 3
羽,玩过 810 小时后评价,1,赶紧倒闭,修改于 2026/2/10,来自 Vivo IQOO Neo8
壮壮,玩过 670 小时后评价（总时长 672 小时）,5,是的是的，我们明日方舟是套皮的保卫萝卜,2026/2/10,来自 Android 设备
祁洛塬,玩过 85.7 小时后评价（总时长 117 小时）,5,我要杀了这个云玩😭 更新啊你更新啊😭,2026/2/10,来自 华为荣耀8X
心,玩过 1104 小时后评价（总时长 1157 小时）,2,放飞鹰角老冯，他妈的，300抽。每一个都是60左右，一个望没有,修改于 2026/2/10,来自 小米2510DRK44C
枭,玩过 2379 小时后评价（总时长 2418 小时）,1,不推荐,2026/2/10,来自 Android 设备
Vinty,玩过,5,云玩版本没更新,2026/2/10,来自 Vivo Y53t
扎比子,玩过 2220 小时后评价,1,依旧杀熟，25年初开始歪到现在,修改于 2026/2/10,来自 ZTE nubia Red Magic 6 Pro
曲项大鹅,玩过,2,没抽到过当期限定😅啥比鹰角,2026/2/10,来自 Redmi Note 11T Pro
可可萝天下第一（不看回复版）,玩过 2112 小时后评价（总时长 2130 小时）,4,新春不错 游戏是好游戏，不过鹰角下毒暗害我君我必须报复一下，过了这个版本再说,修改于 2026/2/10,来自 华为P40 Pro
User323128868,玩过 317 小时后评价（总时长 349 小时）,4,taptap云玩你要不还是切腹吧，怎么老是更新这么慢。从整十二点到现在还是没登进去，人家年限都快毕业了taptap玩家就这样失望的在界面刷新等着客户端更新，taptap你继续，云玩VIP一点也不苦一点也不累😭,2026/2/10,来自 红米 Note 9
猜猜98,玩过,2,目前120级，除了一些阴间活动之外认为整体还好，但卡池的保底太恶心了。翼德池200抽3六星，就是没翼德，新年池230抽一银灰，一麦哲伦，一陈，一赫拉格，限定呢？今年70抽黍。叔叔凯尔希池80抽一灵知。。。真的很劝退。,修改于 2026/2/10,来自 华为ADA-AL00
User418645002,玩过 165 小时后评价,1,保底全歪,2026/2/10,来自 一加手机Ace 3
听说。,玩过,5,第一个十连结束战斗，希望看到的都有好运,2026/2/10,来自 Android 设备
惨绿少年,玩过,5,非常独特的塔防游戏,2026/2/10,来自 华为Pura70pro
Lᵒᵛᵉᵧₒᵤ鳭٩(*´︶`*,玩过 718 小时后评价（总时长 729 小时）,1,歪了一年啊,2026/2/10,来自 Vivo IQOO Neo10
云游,玩过 2313 小时后评价（总时长 2398 小时）,4,怎么回事，TAP云玩打不开了，一直在跳更新，你是云玩，你不更新你让玩家怎么更新？,2026/2/10,来自 Honor Play 4 5G
特蕾西娅,玩过,4,tap要不你别干了，都充了会员，排队一个一个的进慢的要死浪费我时间，看着别人都出了望和陈，就我游戏界面还没进 🎮可玩性： 我没脑子 🌃画面音乐： 满分 💃🏻立绘建模： 😍,修改于 2026/2/10,来自 Vivo V2036A
穿靴子的猫,玩过 125 小时后评价（总时长 132 小时）,5,从19年玩到现在，绝对是市面上最好的副游,2026/2/10,来自 华为ADA-AL00U
睦子米,玩过 93.4 小时后评价（总时长 142 小时）,5,怎么说呢，24年入坑的小登，对德克萨斯和凯尔希一见钟情，目前双德已抽取但到现在都没有凯尔希，可玩性还是挺强的！或许前期的立绘cg不是很和你胃口，但毕竟已经是6年前了，画师也有在进步的！ 另外！请多多支持妮芙！,修改于 2026/2/10,来自 Android 设备
云澜与,玩过,5,快点更新啊啊啊啊啊，怎么那么慢😇😇😇,2026/2/10,来自 华为 Mate40 Pro
昂,玩过 3673 小时后评价（总时长 3776 小时）,5,我玩多久了啊,2026/2/10,来自 Android 设备
了毛毛,玩过,5,游戏是个好游戏 作为一个新手，我本来入坑获取玉的能力就差。 然后170抽2个六星。 我玩个屁呢 我忏悔我忏悔，明日方舟还是挺好玩的！,修改于 2026/2/10,来自 Vivo V1963A
Sorry 无意冒犯,玩过 335 小时后评价（总时长 380 小时）,5,明日方舟好玩👍🏻👍🏻👍🏻,2026/2/10,来自 小米Xiaomi Pad 7 Ultra
鬼鬼,玩过 899 小时后评价（总时长 907 小时）,5,什么！也没告诉我要更新啊！,2026/2/10,来自 Redmi K60
Flowers,玩过,5,游戏性很强，美术无敌，成功治好了我的电子阳痿,2026/2/10,来自 Vivo IQOO Z9
User452684810,玩过 959 小时后评价（总时长 993 小时）,4,💃🏻立绘建模： 好看超大杯 🌃画面音乐： 超大杯,2026/2/10,来自 Vivo IQOO Z9
旧,玩过 205 小时后评价（总时长 262 小时）,3,我已经被黄金大队玩傻了,2026/2/10,来自 Vivo V2507A
家有娇妻胡桃酱,玩过 1859 小时后评价（总时长 1876 小时）,5,维什戴尔还是太弱势了，需要加强😡,2026/2/10,来自 Android 设备
🍂落叶不定归根,玩过 734 小时后评价（总时长 737 小时）,4,方舟现在慢慢又有热度又越来越多人注意了，也会有很多人入坑，但是我每次看到有人拉新人入坑的时候都是净说优点不说缺点，说的有多好多好，你摸着自己的良心这游戏是不是真的有那么好，所以真的跟某些人去去魅了。我当初入坑的时候，我就觉得这游戏一堆毛病还死活不改，有一些该有的功能他偏偏不增加，还是近一两年才开始改善的，就像你吃苦药的时候，看到别人都有糖吃你其实也可以有，但他就是不给，一直憋着你，憋了你几年之后才悠哉悠哉的放到你面前，然后再拖你一个一段时间才给你吃，憋了那么久，你耐心早磨没了就为了那一口，其他啥都不管，吃到的时候啥怨言都没有，直呼好啊好啊。这游戏前期是非常难度过非常枯燥的，我第一次玩儿的时候就是因为太枯燥太无聊而且资源攒不起来退过一次，后面是遇到了一起玩的人才重新回坑的，这还是有人一起的情况下才回的坑，何况有的人即使是一起玩也不一定回坑呢?还有人说抽卡好抽，对，很多时候好抽，但是别忘了他的底子还是外游那一套，哪天抽风你就知道什么是噩梦，限定池300抽才只有一只当期限定的视频网上比比皆是，不要洗，我塑心池和银灰池都经历过类似的情况有足够话语权。有时候一些关卡设计也是纯恶心人，有时候关卡设计师就是用上帝的视角来看待，他自己当然知道怎么过最好过，但是玩家不一定知道。少人说是因为都习惯了这种情况，加上官方是真的不理，不然你以为小苹果是怎么来的。所以你要玩的话，你就不要跟风来玩，别人说好玩你就好玩，那是因为别人都已经熬过来了，你没沉淀个两三年哪来的好玩,2026/2/10,来自 Vivo IQOO Neo9 Pro
绫人的奶茶,玩过,5,很好的一款游戏，从21年开始玩玩到现在，中间有一段时间没玩了 因为新手太难玩了 ，要资源没资源 要角色没角色就特别难熬 后面慢慢又开始玩了，就慢慢摸索，一直玩到现在,2026/2/10,来自 Vivo IQOO Z9 Turbo
咻一口农夫山泉,玩过,5,不错，就是鹰角赶紧加强维什戴尔😃😃😃,2026/2/10,来自 小米Xiaomi 14
你好,玩过 240 小时后评价（总时长 313 小时）,4,哈哈哈，我看大家好像都挺有怨言的，有些人认为游戏好，有些人认为游戏差，额，其实作为我来说的话，可玩性还是很有的，呃，但是抽卡资源确实比较那个，我感觉这种游戏它就是，你要度过前期到中期就好玩了，我之前开了个小号，前期真的玩不下去，太缺了，什么都缺，到中后期就感觉有意思了，然后到现在的话，我感觉一般了，因为差不多有活动就打活动吧，没活动我就把理智一刷就没了，总体来说还是可以的,2026/2/10,来自 HONOR AMM-AN00
我的妈呀大姐,玩过,5,我寻思玩了这么久还没给舟打好评，等更新太无聊了来打一下…,2026/2/10,来自 Android 设备
浮华独畅,玩过,3,不是，什么情况？服务器还没有开？,2026/2/10,来自 Android 设备
一只鑫,玩过,4,这游戏我23年开始玩的，是唯一一款我玩不腻的塔防游戏,2026/2/10,来自 Vivo IQOO 12
711ViVi,玩过 549 小时后评价（总时长 613 小时）,5,要是没有肉鸽的话我撑不了这么久,2026/2/10,来自 HONOR AMP-AN10
假明,玩过,4,不是？这更新十分钟了才5％？这是限速吗？你每秒b速啊,2026/2/10,来自 Vivo Y78m
桑,玩过,5,刷b站刷到好多关于方舟的视频，于是就下来玩玩 ，其实还挺好玩的（我个人认为），一开始玩的时候都要两三次才三星，（本人现在才20 级）只能说本人对于塔防只能算个新手 ，不过角色的画风和剧情都很吸引我 （本人是剧情党 ），今天是新春版本 希望自己一发10连就出限定 ，也祝明日方舟可以运营更久！期待今年的周年庆版本 ，也祝各位博士们新年快乐！,2026/2/10,来自 Android 设备
铭雾（茶白乎）,玩过,5,好玩爱玩，角色好看，音乐赞，只是能不能多出点男性角色,2026/2/10,来自 OPPO Reno11
海上一小竹,玩过 492 小时后评价（总时长 541 小时）,5,这次更新只有我一个人卡飞了吗😈,2026/2/10,来自 小米25053RT47C
a-table,玩过,5,一款好游戏,2026/2/10,来自 HONOR JDY-AN00
林泪,玩过,5,明日方舟真好玩嘻嘻嘻嘻明日方舟真好玩,2026/2/10,来自 Vivo IQOO Z10 Turbo
卑微画稿人,玩过 1276 小时后评价（总时长 1407 小时）,4,好玩owo但还是有点美中不足,2026/2/10,来自 一加手机Ace 5
kingpurplesun,玩过 64.4 小时后评价（总时长 111 小时）,5,解绑立绘和局内特效呗,修改于 2026/2/10,来自 Nubia NX709J
User378870801,玩过,5,起初是太无聊了 同学推荐 玩的 在此之前是不喜欢塔防的 而且刚开始确实兴趣不高 有点无聊 但当时又有点非 35级之前所以一直在用低星打 唯一享受的是低星打过了boos关 中途退过坑 但是后面还是回坑了 也是因为无聊 再后来 慢慢六星多了 逐渐的好起来了 越来越喜欢打难得关卡 后面第一次打完ex关 第一次拿满腐蚀刻章 第一次打肉鸽 等等的成就感是拉满了的 现在明日方舟是我唯一的二游 很值得推荐 只是前期有点牢 而且现在入坑比我以前入坑好多了 福利基本拉满了 我以前打第三章boos时 连精二干员都没有 拿着精一幽灵鲨锁血和借了个精一叔叔打车轮战磨死的 现在开局一个六星一个五星精二 羡慕坏了,2026/2/10,来自 Vivo IQOO Z10 Turbo Pro
朝比奈真冬,玩过,5,就两个字好玩,修改于 2026/2/10,来自 iQOO Neo7 SE
着火的冰块,玩过 101 小时后评价（总时长 143 小时）,5,好玩,2026/2/10,来自 Vivo Y300 Pro
南黎归梦,玩过,5,求助啊，从没遇到过这种情况，版本更新安装包一直异常,2026/2/10,来自 一加手机Ace 5
荼蘼无声,玩过 393 小时后评价（总时长 547 小时）,5,兜兜转转又回来了，还得是明日,2026/2/10,来自 小米 15 Pro
来了来了刚刚有事,玩过 171 小时后评价（总时长 177 小时）,5,好游戏！是我有史以来玩过时间最长的二游。,2026/2/10,来自 Realme GT5
a冬,玩过 1112 小时后评价（总时长 1204 小时）,1,二编260210 给陈二次异格咋想的……策划运营shabiba —— 花屏第二天，mumu模拟器端花屏依旧没解决（图二） —— 这次更新纯纯负优化，大多数玩家都要求小窗回归，我在电脑模拟器上面玩小号会出现图一的状况…难崩哈,修改于 2026/2/10,来自 一加手机Ace 5 Pro
Shirokemu,玩过,4,有些皮肤稿能不能审一下，丑的真的不行了。但是游戏还是蛮好玩的。,修改于 2026/2/10,来自 Android 设备
空,玩过,2,爆率，设定，立绘，音乐都不错。 目前很缺理智，体验不好，即使每周有+100理智道具，打三四次本(10min内)又用完，恢复速度略慢。 希望好友能互送理智，重复得满潜干员奖励多点，增加玩家间互动，不要停下来啊！(指活动和维修(雾)) 补：材料爆率望提高，源石获取方式更多 . 本来打算不出年就退坑，没想到最后关头出货...但精二完就无事可做了_(:з)∠)_ 活动新关卡依旧没有，新年福利中等偏下 个人希望： ★战斗四倍速，现在刷合成玉太慢 ★基建一键订单，线索来源广(可兑换等等) ★玩家间互动性，例如组队，聊天，结盟....否则现在和单机游戏似的 ★干员互动性，例如好感度上限增加，达到要求赠送角色限定礼物或在主页可以动，干员生日时有特殊语音和礼物福利，生日关卡 ★玩家自身，改名，更改个性签名(为什么这功能到现在仍在测试中...)，有头像和头像框，主页背景可更改 ★关卡来不及做让玩家制作上传，通关奖励相对官方少很多，也可以以此评比 ★收集到的剧情可保留 我是外行人，但有些立绘看起来很怪，违和，或者与星级不符的简陋(明示夜魔)，是否考虑重置立绘呢 - 退游但回来加一分，新人物都挺不错的 - 回归体验过一段时间又退了，现在战斗依旧很慢，重复刷也得挂着界面，而且有各类玩法，奖励资源分散。攒抽数比较难，抽卡300井大保底，只有屯屯和氪金才能稳定出。感觉太累了～如果能保持在每天十分钟就能刷满下线的程度就好了,2026/2/10,来自 Android 设备
！,玩过 346 小时后评价（总时长 426 小时）,5,好玩，自从被朋友推荐入坑，就迷上这个游戏，不用充钱也可以跟大佬们一样体验到游戏的乐趣，每天清完体力基本就下线了，基建是我最喜欢的功能可以一键收菜有种菜园的感觉，游戏的画风和干员建模也是很好看的,2026/2/10,来自 Vivo IQOO Neo9
Amireux,玩过 33.5 小时后评价（总时长 89 小时）,5,好玩，爱玩，被同学带入坑的😋,2026/2/10,来自 荣耀 X30
壶觞蕴思慕,玩过 1505 小时后评价（总时长 1514 小时）,5,哎嘿嘿嘿，好玩好玩真好玩，几乎每个干员都没有重样的，虽然数值在膨胀，但是机制也在一直更新，数值也没有说膨胀得很厉害。非常好玩就对了,2026/2/10,来自 Android 设备
青柠,玩过,5,除了mc，pvz玩得最久的,2026/2/10,来自 Honor X50
deng deng,玩过 1239 小时后评价（总时长 1324 小时）,5,很好玩。整天就玩这个肉鸽，肉鸽好玩好玩爽爽爽，然后就是卫戍协议第二期咋还不来，急急急急急急，放我进门，我要抽卡,2026/2/10,来自 iQOO 9
a不是小学生,玩过 65.4 小时后评价（总时长 86.4 小时）,5,感觉不怎么好玩，有点太无聊了，主线难推，资源有点少，但是不得不说美术是真的nb确实好看就是不好玩,2026/2/10,来自 PC 客户端
雨中漫步,玩过,5,玩了五六个小时，感觉有点无聊,修改于 2026/2/10,来自 Android 设备
手机用户33724049,玩过 810 小时后评价（总时长 922 小时）,5,现在比以前好多了，以前到4点才更新完，现在从6点到12点更新。说实话还不错。如果以后能变成晚上更新，早上8点更新完就更好了。,2026/2/10,来自 小米24069RA21C
神秘友人A,玩过 353 小时后评价（总时长 401 小时）,5,好玩！,2026/2/10,来自 Android 设备
碎霜,玩过,5,很好玩，我司庭惊蛰出的时候入坑的，我小号星熊和大号瑶是免费十抽出的，祥子20抽2潜，周年庆的时候出了小号初雪和异拉大号银灰，前几天第一发就出了伊内丝，我运气比较好,2026/2/9,来自 Android 设备
祁红,玩过 41 小时后评价（总时长 42.3 小时）,1,不好玩,2026/2/12,来自 华为 MatePad 11
芥末果冻S,玩过 194 小时后评价（总时长 312 小时）,4,为啥特辑页不让用联动皮啊 买了好多联动皮结果都不能用，真的很崩溃,2026/2/12,来自 小米15
童重,玩过 16.9 小时后评价（总时长 18.6 小时）,1,这个红点看到没，测试怎么过的bug不改吗，不想填问卷就一点不考虑用户体验吗。,2026/2/12,来自 华为BRA-AL00
路灯杆子上缺人,玩过,1,所谓鹰角，就是知错，不认，不改错。 去年9月份更新鹰角把明日方舟，b服安卓移动端引擎改炸了，到今天绝大部分关卡画质都是爆炸的：细节模糊成一片，分辨率低，亮度降低。疑似抗锯齿功能在这些bug关卡里是关不掉的。 到今天我投了20多个工单，石沉大海没有半点回音，也没修一点，公告特么也没提一句，普通玩家说话鹰角直接当屁放哈哈。 （主线11至主线16） （红丝绒，雅赛努斯复仇记） （长夜临光，揭幕者们，崔琳特尔梅，绿野幻梦） （自深渊的一瞥：除猎人与骑兵，深海线全部） （那被祝福的：拉特兰线全部） （岁岁今朝：除去画中人，其余全部） （方舟：巴别塔，追迹日落以西） （夏活：多索雷斯，理想城，火山旅梦） （薪火重燃：全部） （水月肉鸽，萨卡兹肉鸽，炎国肉鸽） （生息演算矿洞内地图关卡正常，露天野外地图画质模糊） （利用bug地图代码做出的剿灭以及保全派驻） （未复刻开放的活动，联动活动的地图） （覆巢之下活动，sv1-7地图画质细节模糊，sv8-9洞窟内的地图就正常，svex同理）,2026/2/12,来自 Redmi Note 11T Pro
User418095276,玩过 885 小时后评价（总时长 905 小时）,5,玩了很长时间（在电脑上的没算），总之很好玩,2026/2/12,来自 Android 设备
piper0000,玩过,1,根本抽不出来，全是50+出然后歪歪歪🤮🤮🤮🤮,2026/2/12,来自 华为 Mate 30 5G
大王,玩过,1,这一分打给终末地。终末地不好玩！ 有了终末地的宣发之后，整个25年全是超大杯！如果是这种出新角色的趋势。我认为你已经不是以前的方舟了。你没有给玩家屯玉的机会。对玩家的感受没有那么在意了。只有不断的出新角色，出高强度，让玩家不间断充值充值充值。再见,2026/2/12,来自 Android 设备
曦帅·KNS,玩过,5,反正非常好玩，是那种连OPPO a5都能玩的类型，剧情很高质，可惜过剧情的时候没配音，但是由于我一抽爆了老陈，所以这点缺点其实也可以算没有,2026/2/12,来自 OPPO A1 Pro 5G
潜,玩过,1,好评,2026/2/12,来自 Realme GT5 Pro
13787349,玩过 53 小时后评价（总时长 198 小时）,4,很优秀的一款游戏，但是最近的版本数值膨胀太过严重，出的没有弱的，感觉每一个都要抽，抽卡资源会显得不够，希望出点机制好的，让更多博士有动脑子的机会,2026/2/12,来自 PC 客户端
HanaTsukiOvO.,玩过 1864 小时后评价（总时长 1882 小时）,2,如果现在谁还想入坑方舟，我的评价是，能跑就跑。,修改于 2026/2/12,来自 小米Xiaomi 14
Aspidiske,玩过 4546 小时后评价（总时长 4626 小时）,4,玩了很久了，个人评价基本稳定。按taptap的模板，以后没有惊喜/惊吓就不改了。 这次过年小改一下，删短一点，tap这个排版越来越难受，行间距好像改没了。 ———————— 可玩性： 在塔防基础上，不同玩法见仁见智。个人主线支线剧情要看，肉鸽和卫打得稍多，高难打得少，联机完全不打，领航者之类的只拿关键奖励。 画面音乐： 音乐不错。印象较深的深海、拉特兰、莱塔尼亚/卢森堡、大炎活动的音乐。 运营服务： 现在还算稳定。 策略性： 公式化机制鼎盛期似乎结束了，好起来了。 ———————————— pc端： 很流畅，推荐大伙试用，期待生息演算2期的表现。只是希望在对话中，加一个等效于鼠标点一下的键盘键位（比如空格或随便其他什么键）。 除岁剧情： 这次活动剧情没有给我太好的感觉，或者说整个炎剧情，像是叮咚鸡期间12集动画好不容易断断续续折腾完了，现在再来一个年导负责的剧场版收尾，然后就跟我说告一段落了。 看完剧情，没有谜语剧情结束，拨云见日的开阔；没有各流派巨兽辩经，大梦初醒的恍然；没有一家人齐心协力，年关已过的轻松；也没有欲知后事如何，再启新篇的兴奋。只剩下事已至此，小余菜都做了，先吃饭吧的无奈感受。 希望此后的炎故事，别再对着jrpg的过家家写老妖怪了，我实在觉得两者的正治戏都很少有算得上成功的部分。 题外话，与好友讨论时，他认为现在是新编剧在给前面的史擦辟谷。如果是真的，那我高看一眼。不管擦得怎么样，这次至少把牢陈牢魏牢岁牢望牢颉一众牢字辈擦完了，后面该有余地写新的了吧,修改于 2026/2/12,来自 Android 设备
普通的人,玩过,5,游戏玩着非常好,2026/2/12,来自 红米 Note 10 5G
哭泣嘤嘤嘤,玩过,5,哈哈哈哈爽了,2026/2/12,来自 OPPO Reno标准版
芽衣堡堡,玩过 572 小时后评价（总时长 589 小时）,5,好玩,2026/2/12,来自 PC 客户端
urjhdidhd,玩过,5,感觉非常好玩不会感到拉力的情况,2026/2/12,来自 Vivo S16e
Gosh!,玩过,2,byd连续吃了5次保底了，还连歪3次666去年夏活就不对劲了都是60+才出一只6⭐，半周年卡池也是，杀熟杀得挺高兴啊yj😁😁,2026/2/12,来自 华为CLS-AL00
内八大小姐,玩过,1,玩过资源最难攒的游戏，我也是服了，卡池全歪还不继承，打关打的火大，一下没注意又要重开，6000个币十连我也是没谁了，就这样被骗进来色鬼充军😒,2026/2/12,来自 Vivo IQOO Neo9
夏沫兮雨,玩过,4,我没法了,修改于 2026/2/12,来自 小米24122RKC7C
莓猫饼,玩过 59.5 小时后评价（总时长 103 小时）,5,好玩,2026/2/12,来自 OPPO Find X8
我是名字,玩过,5,絮雨的孤寒峭返场了，这下不得不五星了😋😋😋,修改于 2026/2/12,来自 荣耀 畅玩30 Plus
mrgao2021,玩过 16.3 小时后评价（总时长 476 小时）,1,这游戏有6星吗！,2026/2/12,来自 PC 客户端
菱,玩过 206 小时后评价（总时长 241 小时）,1,给我急哭了，别在50多出yy了😅,2026/2/12,来自 Android 设备
柠檬鱼,玩过,2,我1000多天登录的号这几个限定池非成什么样子了，我注册的小号给我一发来限定，被气到退坑的一集,2026/2/12,来自 Android 设备
良䣶,玩过 101 小时后评价（总时长 111 小时）,5,💃🏻立绘建模： NB 💎资源获取： 龙门币！！！！！ 🧝🏻‍♀️角色人设： 很好 ☄️成长体验： 还彳亍 🎮可玩性： 较高 有主线有支线还有肉鸽等 🌃画面音乐： 音角发力 🔖运营服务： 良好 ✍🏻建议： 卡池爆率能不能高点,2026/2/12,来自 OPPO Reno6 Pro+ 5G
好好好,玩过 320 小时后评价（总时长 405 小时）,5,这次活动做的是真不错蛮有意思的，其次春节威龙陈真的很好玩 臭棋篓子真的很强,2026/2/12,来自 Android 设备
雷蒙·丹尼尔,玩过,1,之前b服自抽玩的，剧情可以说云里雾里不知道讲啥，全靠杨圣万字解析去了😓，过了好几年多重挑战才有一个，池子毒，美术几乎是现在二游里最烂了，除此以外还有最恶心最多的社区玩家,2026/2/12,来自 Android 设备
，，，，,玩过,1,杀熟，老楽子游戏，160一个望都没有,2026/2/12,"来自 Apple IPad14,5"
乜栀,玩过 82.5 小时后评价（总时长 127 小时）,5,可以，慢慢玩吧,修改于 2026/2/12,来自 Android 设备
龙井,玩过,5,没玩过，然后就是终末地牛逼😋,2026/2/11,来自 Android 设备
幻想星球,玩过 457 小时后评价（总时长 505 小时）,5,这游戏我以前是玩过的，确实是个好游戏，单机党福音好吧～（话说，为什么我设置里显示这游戏是15多g文件管理显示却是不到3g？有人知道原因吗？我有点懵😣）,修改于 2026/2/11,来自 VIVO IQOO Z1
嘉德罗斯大人的渣渣,玩过 11.8 小时后评价（总时长 44 小时）,5,很喜欢，要玩一辈子明日方舟！！！,2026/2/11,来自 PC 客户端
小蓝蜗,玩过 15.9 小时后评价（总时长 19.8 小时）,1,啊啊啊！好久久没玩，想着下新版本，结果下不了，但在之前我玩的时候感觉特别好玩,2026/2/11,来自 OPPO A3i 5G
罐头,玩过 13.2 小时后评价（总时长 31.7 小时）,5,好玩,2026/2/11,来自 PC 客户端
山吹野吹,玩过 89 小时后评价（总时长 110 小时）,5,好评如潮 孩子们，终于有正常的异格陈了，泪目,修改于 2026/2/11,来自 PC 客户端
兰,玩过 2298 小时后评价,5,永远守护我最爱的女性友好游戏厂商英雌网络,修改于 2026/2/11,来自 Vivo IQOO Z9 Turbo+
风丶独醉,玩过 210 小时后评价（总时长 242 小时）,1,这TA10太好玩了，太有意思了，五星好评,2026/2/11,来自 小米15
ghh,玩过,5,阿米娅可爱😊😊😊😊😊😊😊😊,2026/2/11,来自 OPPO A系列
浮士德,玩过,5,好玩的，很良心,2026/2/11,来自 OPPO R15中国版
轰击大楼！,玩过 149 小时后评价（总时长 164 小时）,5,发评论没什么意思，就是给你们看看更新后第二个十连 我不行了，我在这里盲点跳过，出货了……都不知道（爬行阴暗的爬行） 所以孩子们我能玩明日方舟吗？,2026/2/11,来自 华为 荣耀30 Pro 5G
𝓛𝓎𝓃𝒶𝓮,玩过 362 小时后评价（总时长 435 小时）,5,收到，已严肃满潜火陈，火陈和望日常玩着不笑的是👍🏻,修改于 2026/2/11,来自 Vivo S30
君赫,玩过 453 小时后评价（总时长 477 小时）,5,伤心，终末地保底，方舟也保底，黑死我了要,2026/2/11,来自 三星Galaxy S23 Ultra
Ego,玩过,1,全勤，半年没出过新角色，基准池6连全歪，且每次都50 发出，看见变成10个黄票是真心脏骤停，杀熟你是真该死啊yj,2026/2/11,来自 Redmi Note 12T Pro
User123522759,玩过 754 小时后评价（总时长 754 小时）,3,这卡池里根本没有陈，我都四个望了。,2026/2/11,来自 OPPO A11x中国版
手机用户102518114,玩过,1,没关注还莫名其妙给我发广告？,2026/2/11,来自 小米MIX 4
电魔牛B。,玩过 702 小时后评价（总时长 727 小时）,5,2.10 继连沉两年的龙龙后，今年终于三十抽就毕业了🐉 😃嗯我看这剧情有点出乎我意料(褒义)😃到底什么时候包饺子？到底什么时候包饺子？到底什么时候包饺子？ 明年把78兄弟给我搬岛上来。。,修改于 2026/2/11,来自 OPPO A11中国版
MSmushroom,玩过 1589 小时后评价（总时长 1615 小时）,5,集成战略真的太好玩了，卫戍协议真的太好玩了，危机合约真的太好玩了，促融共竞真的太好玩了,2026/2/11,来自 Android 设备
龙井小咕咕,玩过 756 小时后评价（总时长 801 小时）,5,推了，粥伟大无需多言,2026/2/11,来自 小米23073RPBFC
梦烟,玩过 2515 小时后评价（总时长 2540 小时）,2,开服号全图鉴退坑 自25年几乎没有正常毕业的池子，看到十连双黄就知道绝对会歪，然而事实确实如此，每个池子平均90抽才能抽出up，或许是我个人运气差或许是yj纯在杀熟，皮肤有380+，活动也是全章（危机合约全镀层），今年年限池直接坠机，地锅鸡吃了我160抽才出，年限池砸了220抽才出4个六星，两个陈+两个歪，全图鉴断掉现在彻底没啥念想了。 游戏性说实话不强，肉鸽也是一时的热度，从最早的活动式小刻吃蘑菇肉鸽到后来的傀影，水月，萨米，萨卡兹到现在的界园，肉鸽全满级n15全章，肉鸽这东西很吃新鲜感，玩了这么多期肉鸽到后面只感觉是在上班式的为了刷章而刷，高难配队几乎固定，藏品只是见boss的门票，道中鬼图遇到基本等于重开毫无娱乐性 活动格式固定，创新出来的模式说实话纯在蹭热度，娱乐性依旧一坨配上一坨的奖励，放俩蚀刻章你为了章不想玩也要吃，本人也不爱看剧情，一直在玩纯粹是被全图鉴在吊着往前走，现在断掉了决定退坑， 说实话这游戏开服这么多年了不值得新人入坑，补齐强卡成本极高，下池还要瞻前顾后，不是全图鉴基本无法毫无顾虑的下新池，xp和强度终有一时会产生冲突。限定池特有的双六星300井，你yj说是福利好实际上攒300还是不太容易的吧。且市面上那么多游戏没必要现在跑来玩这个纸片对碰游戏了，社区环境其实不是变好了，而是你yj内卫早都跑路了，要么玩其他游戏要么忙于和生活对线，游戏社区内基本没有ldx还在活跃 好聚好散吧，yj的终末地我资格也拿不到，开服了看看评分也不想玩了，说实在话现在对于抽卡类二游我一向致谢不敏，顶多就看个乐子,修改于 2026/2/11,来自 Vivo IQOO Neo8 Pro
๑梭鱼儿,玩过 3291 小时后评价（总时长 3294 小时）,1,总体玩法和游戏体验非常不错，只是在干员获取及养成上差点意思 💃🏻立绘建模： good 💎资源获取： 一般,修改于 2026/2/11,来自 Honor X50
丿LCT丶苦中咸,玩过 62.9 小时后评价（总时长 65.7 小时）,1,不要入坑不要入坑，真的不推荐，卡池问题太大了，根本中不了一点,2026/2/11,来自 Xiaomi Redmi K60E
问泽,玩过 1264 小时后评价（总时长 1333 小时）,5,玩了三年，现在岁家剧情迎来一个阶段性结尾所以前来评价，剧情超大杯，文案超大杯，演出超大杯，爆率极高，资源丰富，数值膨胀慢，极其推荐游玩。 就是yj今年这顿饺子我吃的不得劲啊😭，相见欢相见欢，为什么二哥是寂寞梧桐深院锁清秋啊😭，此是千秋第一秋，结果是望哥成为岁兽承受无尽痛苦的第一秋吗😭。求求你了，剧情落幕时一定要让岁家迎来一个真正的圆满结局啊，你让我氪648也愿意的,2026/2/11,来自 红米 K70
与君折枝,玩过,2,两次限定都歪了 遗憾离场,2026/2/11,来自 Android 设备
手机用户60023939,玩过 1233 小时后评价（总时长 1236 小时）,4,游戏很好玩，但感觉给明日方舟花的钱成了终末地的宣发，哪儿哪儿都是牛皮藓广告🙃,2026/2/11,来自 华为VYG-AL00
￴￴ ￴ ￴￴,玩过 171 小时后评价（总时长 171 小时）,2,这是我最想吐槽的一个游戏厂商了，太low了,修改于 2026/2/11,来自 Realme真我GT7 Pro
晚风,玩过 46 小时后评价,1,限定和陈又没有，养多萝西到精二一级材料给我干没了，不玩了艹，yj你其实是披着塔防壳的养成游戏吧。 ＿＿＿＿＿＿＿＿＿＿＿＿＿＿＿＿＿＿＿＿＿＿＿ md 134抽看不见星熊，你就玩吧😅,修改于 2026/2/11,来自 Honor 70
Frisk,玩过,3,快坚持不下去了，又快到大保底了。,修改于 2026/2/11,来自 iQOO Neo 5
奈格里,玩过 956 小时后评价（总时长 990 小时）,5,绝望了，越来越非，一年都没出过高姿了，卡池歪到离谱，抽上头，感觉号玩不下去了,2026/2/11,来自 Vivo S16
sugaria,玩过,1,十连歪,2026/2/11,来自 Android 设备
半岛饭盒,玩过,1,天天吃大保底太美味了👍🏻,2026/2/11,来自 Vivo IQOO Neo9S Pro
彩彩第一可爱,玩过,1,单纯想聊聊为什么不想玩方舟了，本人棘刺厨，23年注册，先放出我官b服的棘刺练度，官服因为快二，三月没上线了了，所以引星棘刺复刻抽出来后没拉满。 1.感觉yj太傲慢了，优化是隔了几年才优化。而且现在快7周年了，还是没出一键扫荡，前几年出了可以多花体力1次刷多个材料，说明出一键扫荡也不是什么难事，但是yj就是不出，就为了那点日活。 2.就是感觉棘刺像是内部恨，出苍白海的剧情就不用我说了，网上一堆喷的。星棘的泳装皮你自己看了不想笑吗？肤色莫名其妙泛红，肚子上莫名其妙放了钢板，这个设计真的很诡异，你还不如把音韵连结的皮肤做出来，买了一次都没用过，太丑了。还有复刻星棘公告的星数还打错了，少打一个星，做广告的时候审查都不审查一下吗？这么敷衍。 3.本来今天更新新年下回来重玩，结果两个号出的第一个六星都歪了，没招了。 想说的就这么多吧（感觉太情绪化了，抱歉）也没啥动力玩了，后面寻找有缘人送出去了，当然还会继续喜欢棘刺🙂,2026/2/11,来自 Android 设备
User560117550,玩过,1,我不明白，为什么推荐20级结果50级没打过，那拉矢的伤害太高了吧,2026/2/11,来自 华为 nova7 SE
焰.,玩过,2,我就想问，隔壁终末地亏了多少钱，230抽不出限定，硬吃保底，杀熟老玩家这一块,2026/2/11,来自 Android 设备
North,玩过,3,如果是收集党或者xp党的话不推荐入游，可以就在dy欣赏pv，因为粥的抽奖机制很逆天，奖励获取也很单一，抽卡爆率极其极其极其垃圾，我充钱的一个号和不充钱的一个号爆率完全一个天上一个地下，鹰角我对你真的是太好了，既玩明日方舟又玩终末地，到了新年你就这么对玩家，真有你的。,2026/2/11,来自 小米Xiaomi 14
HtcOP,玩过 2883 小时后评价（总时长 2925 小时）,3,这是一个从开服记录至今的评论 算了，抽不到就抽不到吧，这个还是看缘分，没那个缘分就不强求了，在下告辞 -致年(W)小姐。 ps:哎呀，又没抽到，看来最近运气不好啊╭(╯ε╰) 这 瓜 我 都 吃 饱 了 好耶，这次迷迭香和泥岩都出了。 好耶，肉鸽，我的肉鸽 这次肉鸽难度整体比上次高，随机是真随机，随机到十次有九次都遇不到想要的，就算脸再黑也不可能遇不到合适阵容的，你法队来重装，你先锋来医疗，你近卫来射手，商9店出售的收藏品真的迷惑，我都开始怀疑是不是故意这样设计的( •̥́ ˍ •̀ू ) 欧天呐，这是50%出率嘛，百抽出3个六星还全歪了，我年池都没这么歪过() 我就该信邪的，又灌了30抽进去，两个紫一个黄，连火光都没。 有一说一，为了限制角色输出直接加闪避是把，80%物法双闪，你没个真伤还真就打不了H10-1到H10-3 我反复确认，附加条件明明写的是加攻速，我切回来一看，豁3下一重装，我是点了200%伤害危机合约词条嘛？这为了克制单位不是闪避就是直接堆伤害，今晚设计师想睡觉必miss 好消息，歪了，坏消息，歪了。 好耶好耶，这次镀层是氪佬玩家必备咯，咸鱼摸鱼崽没啥练度就去嫖个90专3令。 请问，你们是神经损伤过损了嘛，这难度跟坐牢有啥区别呢，说是收藏物多了能爽起来，您看看 这怎么爽的起来啊？ 黑的好啊，就跟煤球一样，要啥不来啥连着歪了七个池子了，让我来继续看看下一个池子会不会歪，这真的厉害 你做得好啊，正因为你做得好啊...... 我们的抗争在时代之下始终是如此渺茫与弱小 怎么说呢，这次剧情不错，角色不错(可惜我一个没出)，皮肤也不错(就等着白嫖卷嫖异客皮肤了)，玩法也比上次更有进步，但是以后的白嫖卷＋后续复刻此次活动过后的70黄票没了，血亏的很 这第四阶段是真滴难受啊难受，没异德也没鸿雪拿啥打蚀刻章啊，还得必须打到三星，这二星提的属性没上面两个角色能打的舒服嘛？() 乐，太乐了，乐此不疲啊 太强辣，真的太强辣，简直就是模范啊！😥 荒芜不再-2020.03.17 黄铁重铸-2020.06.02 利刃出鞘-2020.07.28 燃灰不息-2020.11.15 铅封将裂-2021.01.19 光谱逸散-2021.05.15 蛮鳞障目-2021.08.26 松烟留痕-2021.11.22 寻昼燃炬-2022.02.24 渊默潮涌-2022.05.19 尘环落定-2022.08.25 赝波荡平-2022.11.15 起源新生-2023.03.21 虽然之前有很多令人高血压的操作， 不过还是非常推荐入坑，缪缪哎嘿，我的缪缪。 这b刁民是真离谱啊。 这ex关b刁民更离谱啊 非常坏设计，爱来自邪魔 更正，这次肉鸽真是非常的难啊，好玩是好玩，就是不适合正常人玩，我静音小队呢，你根本就不在萨米冰原，这高难的关卡，怪物又硬，跑的又快，特别是那个突袭生人勿进，那个跑的那叫一个快啊。 我寻思把，生息演算之前还能重开后保留建筑的，怎么到了下代就直接拉跨了呢，设计师是不是守望制作组挖过来的啊，设计的真好啊，哦对还有怪的数值设计，是不是从英雄联盟设计师那边学的啊，你知不知道又臭又硬还无法阻挡的怪真的很难受啊，就算挡住了也是被二阶段一刀砍烂，真好玩啊，建议下次设计，把天气系统的debuff改成 所有干员攻击力下降50% 防御力归零 部署只有三个且再部署时间翻倍 资源获取也是，干脆直接头疼砍头把，你看现在资源获取那么高的，建议基地一级升二级也要石头，木头需求翻倍，造水泵也要石头。 哦对，你那个关卡石碑真硬啊，没得高频攻击根本打不动，甚至还让放高台打，真的厉害。科技点也是，既然都无法保存那不如直接删了吧，留着反正也没几个人点。 -------------------------------- 我现在就要基建保存，科技保存(σ-`д・´) 你池子出率真的没改？4个六星歪了四个 150抽就出四个，up概率占六星出率70%？这是让普通玩家舍弃皮肤或者爆金币才能好好的玩？ 事实证明了老号的爆率只会越来越低，什么大数据精准杀熟，老号180抽6个六星全歪，当期up的两个角色和异德是一个不来，全部都歪 小号都没怎么玩，20抽就拿到限定和当期up，球球您别换着法子变相逼老号爆金币了，这样真的很搞心态啊，尤其是被个别群里或者论坛栽种在你沉船帖子上晒卡之后，心态就更炸了啊。 连歪过后就是紫气东来 最后一天想着都发勋章了，然后就去抽几发十连，结果还是没出，真嘲讽啊，期待什么？ 破游什么时候关啊啊啊啊啊啊 新手听我说别入坑，入坑记得先把好评换成分期付款，目前新人不氪金是会被各大群的老东西恶心到直接退游的 鹰角什么时候把池子爆率改正常？ 每次抽每次歪，这次陪跑都不给了，非常好池子爱来自抽卡 这萨卡兹野史真够史的 不是这地图是谁设计的啊，有点野啊，是觉得各个玩家都是天胡能非常顺利的凑齐所有组件轻松打过啊，我打了四天了，难得有一把能摸到boss门口，结果一脚给我阻挡在门口了？？？ 全隐匿很好玩是吧？ 为什么粥铲铲不让前期干员自己换啊（ 这次小游戏是真的很不好玩，判定迷惑 操作阴间 懂不懂每年限定必沉的羁绊啊（骂骂咧咧） 好端端的怎么还删评论了啊（ 为什么到限定池子就会歪啊，200抽丢下去连陪跑都没，硬歪三个六星 ，限定陪跑一个都没看见（╬ಠ益ಠ)ｺﾞ 好好，之前没时间打肉鸽今天试了试五结局，然后开局晕了50秒，被阿米娅清屏愉悦送走。 好，打了半个星期了，好不容易来个胡一点的局，结果还是被阿米娅愉悦送走，这b晕眩是真难受啊，没的说的那种，还有结局五是伤害强制检测器嘛，不抓维什戴尔是不是稳定过不去的？ 非常好池子，60抽下去又歪一个，这池子up了什么啊，除了歪就是歪。( ‘-ωก̀ ) 这地形直接把全图攻击干员和手长干员直接被限制了是吧，总不能真的为了推销角色就限制比她好用的角色吧？ 这个足球守门员是不是过于健壮了，一下创飞一头牛的那种( 牢普补药肘我了，还有凯尔希你快回来呀˃̣̣̥᷄⌓˂̣̣̥᷅ 我嘞个普瑞赛斯，四线肘我恐怖如斯 设计师你为什么非得把boss丢到一圈不可部署地块来限制真伤强杀呢？ 这限定池子果然和往期的池子一样，歪的离谱，唉，粥池，唉 不得不说这次代理修改真得夸夸，以前老老实实看六遍录像，现在看一遍就够了，这下刷石头更方便了 这入梦砖设计的真好，下次别设计了，我可不希望在后面的肉鸽里面看见这玩意。 喉舌！震撼人心！ 这次肉鸽比上次设计的好了太多，基本上没啥不太好的设计，而且收藏品给的也很多 更正，不太好的关卡比上次萨卡兹的还多。 怎么又开始控评论了，连吃三个举报了 致敬传奇耐控王 这次肉鸽真穷啊，属于是集百家之短了 池子还是那么的歪，这我就非常放心了，是方舟池子的味 又回到了评价者很严格（ 还得是熟悉的味，不过我怎么感觉最近的粥池越来越黑了 不得不说，这期限定也没抽到，没那个钱买大保底了（太坏了yj） 碎了点石头，抽出来了，但是怎么就开心不起来（ 不得不说这次活动设计确实还挺不错的 otn，预设队伍怎么会那么难用（ 更正，不只是队伍难用，这次卫戎设计的还不如上次，吸取了隔壁鲍勃的糟粕是吧，经典四个人抢同一个队伍 二次更正，难度设计极其不合理，感觉像是老设计师丢个模板给新设计师练手用的，而且设计师似乎并未考虑数值平衡问题，我方成长就像是1+1+2+3，而敌方是1+2+4+8+16，到最后只有固定几个干员能用，关键是还卡等级，这就玩的非常的不舒服，很难想象能在2025年的11月还能看到如此复古且毫无平衡的设计，这种感觉就好像是设计师想教着你玩游戏，但是他只给你一个木剑去打恶龙一样（界园刚开放的时候也是一样的难受） 熟悉的味道，熟悉的歪（我吃两碗） 不得不说，最近几次的活动和关卡设计颇有一股子新人设计师的味，是不是老设计师全跑到终末地去搞数值平衡了啊，这次天空盒（未许之地）的活动数值搞一大堆又臭又硬的东西在那里挡道，而且地块升浮机制也是烂的离谱的设计，特别点名ur-ex-8，你就打把，一打一个不吱声。 小兔子生日快乐 隔壁终末地都节奏都烧到本体来了，而且马上就是新年池了，希望不要出现卡池爆率异常问题，毕竟之前方舟的池子就歪的离谱 我对此表示还是和往常一样，该歪的歪，240抽5六星歪四个的含金量还是在的，不过这次活动做的挺好，挺有乐趣的，也没啥阴间点，而且音乐也不差。,修改于 2026/2/11,来自 OPPO K12x 5G
嬉笑,玩过,5,喜欢....（反正不肝 现在回想起来wwf那次联动是给ngo提供了资金而不是把钱用于环保事业,修改于 2026/2/11,来自 iPhone 15 Pro Max
小天才,玩过 611 小时后评价（总时长 628 小时）,1,二B吧依旧拿老玩家开刀六彩五歪我C你m和疯了一样出超大，隔壁亏了多少运营不下可以停服,2026/2/11,来自 小米23124RN87C
卡咔,玩过 544 小时后评价（总时长 564 小时）,1,以前是小登的时候觉得老好玩了,2026/2/11,来自 OPPO PGGM10
额,玩过,1,多的不说，少的不唠，两百多抽全保底全歪,2026/2/10,来自 Xiaomi Redmi K60 Ultra
十五,玩过 338 小时后评价（总时长 341 小时）,5,最胡的一次41抽3金😎,2026/2/10,来自 HONOR PTP-AN10
Euarling,玩过 3863 小时后评价（总时长 3871 小时）,1,300抽就5六星，两个陈，黍，多萝西，死芒，这欧非差距太大了，欧的人送十连直接双黄，终末地后杀熟这块，老玩家该爆金币了,修改于 2026/2/10,来自 HUAWEI MatePad Pro 11
Violet,玩过,1,250抽都没出陈,2026/2/10,来自 Realme GT Explorer Master Edition
卿ф辞,玩过,1,垃圾游戏，隔壁亏了多少，md新年池子拿我们这些老玩家开坑，全歪逼你氪金,2026/2/10,来自 Android 设备
风之灵,玩过 601 小时后评价（总时长 662 小时）,1,210抽就仨六星，我恨一切,修改于 2026/2/10,来自 Redmi K70 Pro
咕咕,玩过,4,剧情超大杯！ 二哥和陈陈都没歪，舒服 这两天上头终末地，方舟都没时间肝了，趁这几天终末地长草把界园打一打，坐等卫戍协议了 ———————— 从星熊夏活开始我一直是保底才出六星，而且没出限定，星熊一百五十抽没出，银灰一百八十抽没出，如果不是要井耀骑士我攒的多，这次我会一个六星也没有，说实话挺失望的，新活动不错，新干员也都不错，但这样的抽卡实在不想玩了，我还有其他游戏需要氪金，就不在这里浪费钱了 ———————— 最近带节奏的倒是提醒我给你打分了，我最近玩得挺舒服，期待周年银灰 ———————— ***鹰角，五个五星全歪了，六星也歪了，等到池子结束我还没出诺威尔我就卸载尼玛的 —————— 攒夏活，最近运气不错，希望能保持 ———————— 等周年庆 ———————— 萨米肉鸽一如既往的眉笔发牌，狙医凯尔希开局，打了二十多局，次次走到第四层才给我一个狙，最好的一次进了boss关总共五个精二其中两个是医疗，唯独生命值和小术士管够……打boss全靠早露，守家全靠凯尔希，右路全部放掉……鹰角你自己琢磨琢磨这合理吗，我求求你善待我一点啊……,修改于 2026/2/10,来自 Android 设备
老塞工,玩过 462 小时后评价（总时长 545 小时）,5,我天天玩也没见有多好玩啊,2026/2/10,来自 Huawei P50
世界遭罪物语,玩过,2,劝退,修改于 2026/2/10,来自 Realme真我Neo7 Turbo
keshi,玩过 224 小时后评价（总时长 237 小时）,1,拉完了杀熟游戏19年老玩家次次保底出六星160抽两个六星一个望也没有,2026/2/10,来自 Android 设备
云,玩过,3,"真求了,20天前还登过的号,今天一登录，名字跟之前一样变纯一级新号了dT-Tb",2026/2/10,来自 Android 设备
芜湖,玩过,1,本身其实是很好的游戏，但是运营是SB，SB中的SB，以至于我玩了三年多，被这种SB的运营消磨完了兴趣，直接删号了，也就是瞎猫碰上死耗子了，鹰角你这头猪也就是站风口上了，后面几次没风口有众多竞品了，死了好几个项目方舟高强度连发一年小礼包断崖提升圈钱，最新的项目依旧还是那副运营德行，唯一可惜的就是方舟本身其实真还可以，只是说因为你这个垃圾公司我确实没有碰的兴趣了,修改于 2026/2/10,来自 Realme真我GT7
信凉啊,玩过 6.5 小时后评价,1,机哥爱玩的,2026/2/10,来自 小米24069RA21C
卡普里维克多,玩过 53.5 小时后评价（总时长 57.4 小时）,1,爆率很极端，要不欧死要不非死，对平民玩家不友好，剧情无聊。,2026/2/10,来自 Android 设备
yearDD,玩过 1000 小时后评价（总时长 1009 小时）,5,也是玩了好长时间了，总体下来非常满意，抛开抽卡的概率【我自己号比较非】其余不论美术还是音乐【鹰角真是音角】都在二游有很强的统治力。玩法麻，保卫萝卜的玩法逻辑还是很吃接受程度的，反正我挺喜欢。鹰角继续加油吧，要一直保持下去呀！,2026/2/10,来自 PC 客户端
迟暮,玩过,2,拥有的最强6星干员是能天使，最新获得的6星是银灰，猜我在哪一年？ 朋友看了我的干员列表都直哈气，说好久没有看到纯手法过关的了😆这还是去年11月刚创的新号。 拉了一个大的,修改于 2026/2/10,来自 Vivo X200 Pro Mini
K,玩过,1,为了不让人跳过剧情真是煞费苦心😅,2026/2/10,来自 Android 设备
Kevin Zhu（TOBY）,玩过 2947 小时后评价（总时长 3003 小时）,4,一般😓 ----年限望---- 新剧情不赖 ----5周年---- 至少整了点优化还行，还有迷宫饭联动，当一天周卫兵 ----4.5周年---- 啥笔yj你妈妈必给我飞咯，扫荡给个限定六次真是心疼死你了，不说一键扫荡直接给材料吧，就我妥协点，还是看录像，直接一次性用完体力连着看录像都不行，还限定六次，你是不是有点太离谱了；还有四爷的文件夹就不提了，今年又来文件夹是吧，你就扣吧，那赠送能不能直接给五星得了，反正也是一黄票，五星还没这么碍眼；还挺多护着说黄票比上年多了所以不给黄票是合理的，我寻思不都是打游戏的吗，多给点抽卡资源还不乐意了😓，感情屁股是不是在游戏公司那边呀，这边是不是也要来点“送多了资源，玩家不氪金，公司得倒闭”这种论调呀，yj都几开了，钱恰的饱着呢，这边是不是也要变成“多发黄票会导致通货膨胀”的烂环境了😅；还给两星是因为生息演算要常驻了和有二期彩六联动了,修改于 2026/2/10,来自 Android 设备
User353893656,玩过 446 小时后评价（总时长 551 小时）,5,最欧的一个池子。,修改于 2026/2/10,来自 Android 设备
洛洛洛,玩过,4,还是本体好,2026/2/10,来自 Vivo IQOO Z9 Turbo
秋香秋霞,玩过,2,伟大无需多言,修改于 2026/2/10,来自 小米24117RK2CC
迷迭香,玩过 64.8 小时后评价（总时长 66.5 小时）,5,2019年5月3日开始玩，这思路，企鹅一辈子也做不到,2026/2/10,来自 Vivo X100s
xy弑殿hy-一顺千秋,玩过,5,不管那么多了，反正玩了快5年多了，继续坚持一下。,2026/2/10,来自 Realme GT Neo5 SE
Gary,玩过 211 小时后评价（总时长 216 小时）,1,早晨鸣潮吃了第九个保底，上午打三角洲行动被不演了的挂踹10多把，中午想着望池子开了抽抽卡缓缓心情吧，我攒了半年11w多合成玉全投进去在240抽才抽到望，我只能给一星,2026/2/10,来自 Vivo IQOO 13
貔貅,玩过,1,鹰角好样的，已经不知道是不是杀熟了😇，六星好评,修改于 2026/2/10,来自 小米Xiaomi 14 Pro
霓,玩过 3.6 小时后评价（总时长 50.4 小时）,5,端游确实不错，流畅多了,2026/2/10,来自 PC 客户端
伊内丝最可爱,玩过,5,德克萨斯最可爱！！！！！！！！,2026/2/10,来自 华为TGR-W00
白日梦做一天,玩过,5,那还说啥了，给你了鹰角,2026/2/10,来自 Android 设备
墨谦尘,玩过 954 小时后评价（总时长 959 小时）,1,不是，五连歪，真有你的，最近不是四连歪就五连歪，次次抽卡150抽往上，50%概率提升在哪？你游哪来的脸说50%概率提升的？对不起，燃尽了，我不会再给你充一分钱 这是个好游戏，321抽一个限定抽不出来,修改于 2026/2/10,来自 小米24117RK2CC
阿巴巴巴,玩过,4,byd，我累了不想玩了 感觉现在就只是yj的韭菜 tm不氪金抽不到我 以前还欧一次非一次 现在一直非 我TM真不想玩了 tm236抽 我还氪了198，觉得真的没意思 释怀了，现在囤的有500抽(黄票每月换的，加起来有410抽)，还是之前抽何大雷玩近锋花了100多抽，每天日常也不耗时间，也有好玩的模式，主要后面的版本优化太多了，现在是每天清体力摆烂，剧情时好时坏，现在也懒得看了，就有想玩的模式，比如新肉鸽，卫就猛猛练干员，猛猛打，现在明日方舟的一大特色就是有这种常驻奖励，而且游戏性好的活动，我觉得好玩就玩，肉鸽什么的连续给我跑结局我就不玩了，很自由,修改于 2026/2/10,来自 HONOR 200 Pro
伞,玩过,2,很难想象一款游戏你打完一关你不能一键重刷，不能一键重刷你代理指挥还过不去,2026/2/10,来自 Android 设备
₩※£€,玩过 2191 小时后评价（总时长 2207 小时）,1,这次抽红温了，下次欧回来再改回五星 _ 小姨60抽，没歪还行 _ 中坚双up100抽一只都没，红了 _ 娜斯提50没歪还行 _ 缇缇100抽歪俩只，还有一只娜斯提，红了 _ 200抽没望，5只陈，更红了,修改于 2026/2/10,来自 一加手机Ace 3
盾勇士在此,玩过,5,这么多游戏中最喜欢舟的美术风格,2026/2/10,来自 Android 设备
遥异,玩过 1209 小时后评价（总时长 1232 小时）,1,打一星实际上并非完全为了抽卡快吃保底这件事，毕竟你游三百保底我都差不多习惯了。 让人无法忍受的是，你新出的令24源石皮肤，连方言语音都没有，怎么，你一年圈这么多钱，连请配音演员多配两句的钱都出不起？网上搜了才发现原来还不是首例，与中国电影资料馆联动的大哥皮肤也没有方言配音，这个皮肤还是我25年复刻时候补的，平时大哥也不上场，直到今天才发现，一并起来更让人恼火了。怎么一年到头圈的钱不够你配两句语音的？ 像什么不能开多倍速，用技术问题搪塞过去，我这几年也就忍了。但配音的残缺显然是态度问题，你游除了伪动态立绘和静态剧情，不就只剩配音了吗，配音作为直接了解干员个性特点的窗口，我也不奢求什么形神兼备，毕竟当前的配音演员都想着直播吸粉，配音功底只可意会不敢言传，但你起码得有配音吧？ 什么时候皮肤配上方言语音了什么时候删评论。,2026/2/10,来自 一加 Ace 2 pro
芒果果的茶茶丸,玩过 234 小时后评价,5,其实很早就了解到明日方舟这个IP了，但一直对此不感兴趣，直到我去旅游，在地铁上看到了明日方舟的海报，我就下定决心入坑了，后来发现还真的蛮有意思的，不论是角色美工还是剧情还是音乐都很戳我，而且同人也很多给我饭吃的饱饱的，所以界园应该怎么打啊啊啊啊啊啊啊,2026/2/10,来自 Vivo V2031EA
奥古斯都、大花,玩过 1483 小时后评价（总时长 1547 小时）,5,很喜欢玩塔防游戏，但是一开始不知道这是塔防游戏所以白白错过了很多，许愿罗小黑二联！,2026/2/10,来自 Redmi K50
寻信人,玩过,5,————————————————— 看完巴别塔了，没什么好说的，剧情党大满足。 ————————————————— 银心湖列车和新年活动都很满意，剧情看的很开心，刚刚回了一点热情，然后 yj出来挨骂你这生息演算做的什么玩意，科技基地食谱等级全不继承的情况下地图还固定，我是来套公式的吗，我在游戏长时间套公式我为什么不去做地理题？？ 6个以内上几个干员都固定两瓶饮料还有每个干员一天只能上一次我本来是不想吐槽的，但是你这升级前一堆人力拿资源的需求我是真想说你配合得好啊，这三个但凡少一个我都能说你正优化了。或者说你但凡能让我重开慢慢摸我都不会骂你，是怎么做到把这些全部组合起来恶心人的，玩家问卷照常收，越改越垃圾，我是真的期待这重做的模式结果一片热情喂了狗，打了五小时体验不错然后群友跟我说了这么多离谱玩意。 不知道第几次评价了，不过看样子也都没上过热评，就直接重新写了。 作为19年五月十号老咸鱼，之前给的都是五星，但现在意识到不能再惯着鹰角了，放假一个月来，方舟真正让我觉得有趣的只有这几天和联锁第一天，联锁第一天觉得有趣因为我不像各位大佬连续打而是慢慢来，第二天打完觉得有点莫名其妙，然后接下来就没上线的欲望了，还好有我同学(我刚拉入坑的)，我靠帮他安排资源过的，总体来说挺无语的。 刚开服那会还没那么喜欢方舟，只是觉得有点意思，所以骑兵与猎人前的时间都没什么感觉，骑猎出来后真有感觉了，骑猎后入坑玩家大概不知道，骑猎的内容不止是我们现在看到的关卡和剧情而已，还有很多书信，书信不是企鹅物流寄的，是临光寄的，这形式就让我眼前一亮，所以我对骑猎的印象是很好的，那学期结束的暑假是我经历过最长的长草期，两个月几乎什么都没有，但那时毕竟还是新手(住宿学校很少肝)，缺的东西多，一个暑假下来我从没有精一肝到几个精二(那时还有其他要做的事)。 夏活开始，心情不太好，开学才给我这么一个大活动，奖励没领多少，大家说的旋转木马转一天我是没什么感觉的，之后心情慢慢平和就那样又过了一个学期。 过年限定心态炸了，差点退坑，但当时恰抽到一个六星和一个五星，又想想八个月来的时间，没有退，之后危机合约我对游戏的兴趣重燃了(忘了黄铁是什么时候了)。一周年一堆东西，没有w，退了一段时间又回来了，心态已经佛了，毕竟也高三了。 复刻节奏没跟，本来上次就没拿多少奖励，没石头对我来说没什么，反而能重拿奖励是好消息，一直觉得是赚了。 抽限定带着随意的心情都抽到了(现在差w)，第八章，画中人都让我对方舟的信心日渐增长，甚至不停安利给别人，二周年我的信心达到顶峰。 但是二周年到博人传前的情况………看了评价和B站才知道大家的情绪有多不好，才了解最近方舟怎么样，长草我早就习惯，新活动没新曲子感到奇怪，轻松过的感觉不是我一个人有，看到设定集质量后我才真的相信鹰角的懈怠，无论如何方舟在我最失意时也支撑过我，我对方舟的的确确是有感情的，所以我不只是气愤而更多是担忧，我不希望这样一个本有很大前途的游戏这么快消失，剧情，人物刻画，立绘，玩法(一直觉得是比较丰富的了，作为一个塔防来说，我的要求一直不高)，这些都是我玩下去的理由，开新主线我认为难度会比较大，毕竟方舟主线长度我是知道的，鹰角又努力让文案有些深度的感觉，不过也确实久了。产能还是扣一星的理由，如果不是博人传体验还可以会更低，我期待着方舟更好的未来。 =========================================================== 我的天，夏活出来分数更低了，这次又破纪录了吧。 所以鹰角你认真的吗，真要在我高考完来一幅《江河日下》？立绘我个人没什么感觉，这个异格，emm……………我就先告诉自己是——一向严肃的陈警官终于懂得给自己一点放松，懂得坦然一些吧，我并不在意什么文字游戏，我也说过玩这么久了，限定有就有，没有就没有了，况且这种大限定都还会复刻，说起来签到皮肤什么时候复刻一下？ 礼包反正我不会买，钱包不允许，不过缩水。。这不让人干着急吗，纯属招黑行为，拜托鹰角为自己的处女作多花点心思吧。 没有降星原因:新模式。大家都跟着节奏冲了，直接忘了新系统，我最后的期待就在这个新系统上面了，希望不要再让我失望了 =========================================================== 新活动出火速赶来评价，货已经全出了(越不在乎越快出货) 开始的剧情快速切图给我感觉挺好的，但似乎没有肉鸽，失望，接下来看一看，四星保留。 今天是八月四号，我今天改成五星了，这次活动剧情还行，关卡和活动的新意怎么着也有吧，但是活动没给方舟提分，我没玩过那么多二次元，但是海猫一行人起码一直以来是有照顾玩家的，如果女兆先生占的部分比海猫还多的话，那方舟就还是五星！！它值这个分，评论区一片一星评论我真的看不下去了，如果官方有事无法说出来，我们就什么都不知道，而鹰角没理由内外受压。 —————————————————— 不好意思我破防了真的，闪断更新为什么这么突然，我打的那么惨打的傀影过关了然后你跟我说我输了我真的是佛了！三颗星不会再多了，什么时候把这个改掉什么时候五星，真的去年夏活都没能让我破防。 ——————————————— 为什么要大半夜闪断更新？？！！！直面灾厄很好打吗？！ ————————————————— 好久没评价了，一直五星挂着，2023年11月21日，yj用实际行动告诉我它不值五颗星了，大致发病情况大家都喷的差不多了，奖励从歼灭测试就一直是少的，周年庆看出来扣奖励了，拿了奖给1000合成玉yj太喜欢整数了我哭死，敢问模组能不能给个整的整天攻速+7。 话说这时候还发病不会真以为周年庆挽回了很大风评吧，长时间的折磨导致我根本没热情打关，要不是有水课我都不打了。评价是你终末地最好能快速完工，我都担心你大女儿活不久了，可惜了我那一众干员。。 --------------------------,修改于 2026/2/10,来自 Vivo IQOO Neo10
祁鹤,玩过 40.5 小时后评价（总时长 147 小时）,5,还是小登，目前来说我觉得好玩,2026/2/10,来自 Android 设备
与世无争大萌新,玩过,1,三次限定池只有一个限定吗,2026/2/10,来自 Vivo IQOO Neo9 Pro
万事皆如一场梦,玩过,5,感觉每一个角色都特别萌🌹🌹🌹🌹总能找到自己喜欢的那一个😋,2026/2/10,来自 Vivo Y37m
云墨时白,玩过 312 小时后评价（总时长 340 小时）,1,兄弟们没招了，没招了，今天更新完之后变成新号是怎么回事？，真没招了,2026/2/10,来自 红米K70E
52HZ,玩过 273 小时后评价（总时长 341 小时）,5,角色画风很棒，该有的机制也很好，福利也很良心,2026/2/10,来自 OPPO A系列
浅屿,玩过 413 小时后评价（总时长 446 小时）,5,25年周年庆入的坑，美工音乐很对胃口，抽卡福利相比其他二游丰富，零氪也能攒个几百抽。,2026/2/10,来自 小米24117RK2CC
我的声带处于量子状态,玩过 384 小时后评价（总时长 419 小时）,2,我要给明日方舟差评 杀熟300抽就四个六星隔壁朋友200抽九个 气死我了我要给明日方舟差评 给我发648源石撤回,2026/2/10,来自 Android 设备
杨杨,玩过,5,还行，就是自从有了维什戴尔，少了点脑子,2026/2/10,来自 Vivo V2049A
子逸,玩过 308 小时后评价（总时长 319 小时）,5,是不是改出货率了我看好多人都是十连双金,2026/2/10,来自 Android 设备
pittore,玩过 99.2 小时后评价（总时长 142 小时）,5,💎资源获取： 很方便，快捷，每天上线只单清理智的话，五六分钟就能搞定 🌃画面音乐： 好听,2026/2/10,来自 华为 MatePad
666,玩过,5,别说了大家都来沾欧气，我送的免费十抽出了两个全中，欧皇不言而喻,2026/2/10,来自 Android 设备
风之缔始,玩过,5,致所有打不过的卡关人们 经过数次试验，我终于找到了没有任何破绽的完美阵型，凭此阵型，过几千关都不算难事，而且成型简单。 因为不会上传截图，我用文字表达出来，如下。 括号代表泡泡，省略号代表如前。 1 阿斯卡纶 （M3）（M3）（圣聆初雪）阿斯卡纶，阿斯卡纶，阿斯卡纶。。。。。 2（M3）（萌萌香）（圣聆初雪）（M3）（萌萌香），阿斯卡纶，阿斯卡纶。。。。。 3 维什戴尔 维什戴尔 酒神 维什戴尔 （维什戴尔）（维什戴尔）（维什戴尔）（玛恩纳）（玛恩纳） 4 维什戴尔 维什戴尔 酒神 维什戴尔 （维什戴尔）（维什戴尔）（维什戴尔）（玛恩纳）（玛恩纳） 5（M3）（萌萌香）（圣聆初雪）（M3）（萌萌香），阿斯卡纶，阿斯卡纶。。。。。 6 阿斯卡纶 （M3）（M3）（圣聆初雪）阿斯卡纶，阿斯卡纶，阿斯卡纶。。。。。 这就是我的阵型，大家可以看到，这个阵型的灵魂所在就是以维什戴尔为主，因为维什戴尔是大范围攻击，一旦数量达到一定程度，可以全屏攻击，虽然单个伤害较低（dog），但是却可以靠数量取胜，而且无死角，又因为维什戴尔都种在水面上，不会降低火力。,2026/2/10,来自 Honor 90
🦊,玩过,1,抽卡太黑了,2026/2/10,来自 华为ADA-AL00U
Malttea,玩过 883 小时后评价（总时长 1003 小时）,3,我真搞不懂难得有一个想卫戍协议这么好玩的模式不春节复刻等到3月末复刻，扣扣搜搜的吊谁胃口呢,修改于 2026/2/10,来自 小米24122RKC7C
*,玩过 184 小时后评价（总时长 184 小时）,1,你就玩吧活爹游戏（补档4）刚玩vs现在，好难猜不杀熟，只抽限定池子这up也是无敌了83抽,修改于 2026/2/10,来自 Nubia NX789J
手机用户60301381,玩过,5,给我出货求求了,修改于 2026/2/10,来自 OPPO PGCM10
衣以候,玩过 1669 小时后评价（总时长 1671 小时）,5,看时长,修改于 2026/2/10,来自 小米13
手机用户101982657,玩过 1671 小时后评价（总时长 1702 小时）,5,抽卡资源给的还是很大方的，不氪金也能攒够井，就是皮肤动态做得有点差，剧情也比较谜语人，整体可玩性比较高，另外yj快把卫戍协议端上来啊😭,2026/2/10,来自 OPPO Find X3中国版
THINKIJG,玩过,1,这池子是真毒,2026/2/10,来自 HONOR ALP-AN00
土豆炒鸡排,玩过 2667 小时后评价（总时长 2670 小时）,1,哈哈210抽没年限，狠狠吸玩家血是吧,修改于 2026/2/10,来自 小米25053RT47C
手机用户66645352,玩过,1,可以，这很鹰舟,2026/2/10,来自 Android 设备
666,玩过 113 小时后评价（总时长 116 小时）,1,50抽出了一堆紫拉完了,2026/2/10,来自 红米 K70
手机用户82062873,玩过,3,我恨你鹰角我恨你我恨你我恨你,2026/2/10,来自 小米24117RK2CC
白兔子饲养员,玩过 4448 小时后评价（总时长 5119 小时）,1,鹰角，我超爱你,2026/2/10,来自 Huawei Mate 60 Pro
WWLACXX,玩过,1,抽卡黑的一笔,2026/2/10,来自 OPPO Find X8
肖逝,玩过 144 小时后评价,1,很好的副游，虽然抽卡难评但比米池好太多了 抽卡歪了，必须要来个差评 2.10两百抽出一个望,修改于 2026/2/10,来自 Vivo IQOO 13
逆子,玩过,1,又杀熟是吧你这东西，这两年吃两次大保底了，每次一攒起来玉就给我300抽保底，新年池又给我保底，一个年一个赫德雷一个澄闪四个陈一个初雪演都不带演了,修改于 2026/2/10,来自 Vivo X Fold3
狗龙神,玩过 730 小时后评价（总时长 1242 小时）,1,装死玩到极致的公司 训狗也是一流 不解决问题而是让玩家自适应,2026/2/10,来自 Huawei Mate 50 Pro
秋叶微凉,玩过 3095 小时后评价（总时长 3101 小时）,1,歪,2026/2/10,来自 Redmi K60
饭特稀,玩过 1334 小时后评价（总时长 1350 小时）,5,玩了两年了，剧情大部分还可以，游戏玩法比较有趣，无论是主关卡，还是肉鸽关卡，还有一些活动，都很有意思。干员养成简单，不像其他游戏要考虑各种装备搭配，可以氪金也可以肝，干员强度是溢出的，就算萌新也可以借好友的强力干员过关，推荐大家试试，坚持玩个一年半载的，你就会喜欢上这个游戏。,2026/2/10,来自 HONOR Magic6 Pro
行曜凌霄,玩过 575 小时后评价,1,特别杀熟，终末地也杀熟，老玩家爆率极低,2026/2/10,来自 华为MRO-W00
dop826,玩过 211 小时后评价（总时长 245 小时）,1,280没抽到望，这概率太低了。,2026/2/10,来自 一加手机Ace 3
羽,玩过 810 小时后评价,1,赶紧倒闭,修改于 2026/2/10,来自 Vivo IQOO Neo8
壮壮,玩过 670 小时后评价（总时长 672 小时）,5,是的是的，我们明日方舟是套皮的保卫萝卜,2026/2/10,来自 Android 设备
祁洛塬,玩过 85.7 小时后评价（总时长 117 小时）,5,我要杀了这个云玩😭 更新啊你更新啊😭,2026/2/10,来自 华为荣耀8X
心,玩过 1104 小时后评价（总时长 1157 小时）,2,放飞鹰角老冯，他妈的，300抽。每一个都是60左右，一个望没有,修改于 2026/2/10,来自 小米2510DRK44C
枭,玩过 2379 小时后评价（总时长 2418 小时）,1,不推荐,2026/2/10,来自 Android 设备
Vinty,玩过,5,云玩版本没更新,2026/2/10,来自 Vivo Y53t
扎比子,玩过 2220 小时后评价,1,依旧杀熟，25年初开始歪到现在,修改于 2026/2/10,来自 ZTE nubia Red Magic 6 Pro
曲项大鹅,玩过,2,没抽到过当期限定😅啥比鹰角,2026/2/10,来自 Redmi Note 11T Pro
可可萝天下第一（不看回复版）,玩过 2112 小时后评价（总时长 2130 小时）,4,新春不错 游戏是好游戏，不过鹰角下毒暗害我君我必须报复一下，过了这个版本再说,修改于 2026/2/10,来自 华为P40 Pro
User323128868,玩过 317 小时后评价（总时长 349 小时）,4,taptap云玩你要不还是切腹吧，怎么老是更新这么慢。从整十二点到现在还是没登进去，人家年限都快毕业了taptap玩家就这样失望的在界面刷新等着客户端更新，taptap你继续，云玩VIP一点也不苦一点也不累😭,2026/2/10,来自 红米 Note 9
猜猜98,玩过,2,目前120级，除了一些阴间活动之外认为整体还好，但卡池的保底太恶心了。翼德池200抽3六星，就是没翼德，新年池230抽一银灰，一麦哲伦，一陈，一赫拉格，限定呢？今年70抽黍。叔叔凯尔希池80抽一灵知。。。真的很劝退。,修改于 2026/2/10,来自 华为ADA-AL00
User418645002,玩过 165 小时后评价,1,保底全歪,2026/2/10,来自 一加手机Ace 3
听说。,玩过,5,第一个十连结束战斗，希望看到的都有好运,2026/2/10,来自 Android 设备
惨绿少年,玩过,5,非常独特的塔防游戏,2026/2/10,来自 华为Pura70pro
Lᵒᵛᵉᵧₒᵤ鳭٩(*´︶`*,玩过 718 小时后评价（总时长 729 小时）,1,歪了一年啊,2026/2/10,来自 Vivo IQOO Neo10
云游,玩过 2313 小时后评价（总时长 2398 小时）,4,怎么回事，TAP云玩打不开了，一直在跳更新，你是云玩，你不更新你让玩家怎么更新？,2026/2/10,来自 Honor Play 4 5G
特蕾西娅,玩过,4,tap要不你别干了，都充了会员，排队一个一个的进慢的要死浪费我时间，看着别人都出了望和陈，就我游戏界面还没进 🎮可玩性： 我没脑子 🌃画面音乐： 满分 💃🏻立绘建模： 😍,修改于 2026/2/10,来自 Vivo V2036A
穿靴子的猫,玩过 125 小时后评价（总时长 132 小时）,5,从19年玩到现在，绝对是市面上最好的副游,2026/2/10,来自 华为ADA-AL00U
睦子米,玩过 93.4 小时后评价（总时长 142 小时）,5,怎么说呢，24年入坑的小登，对德克萨斯和凯尔希一见钟情，目前双德已抽取但到现在都没有凯尔希，可玩性还是挺强的！或许前期的立绘cg不是很和你胃口，但毕竟已经是6年前了，画师也有在进步的！ 另外！请多多支持妮芙！,修改于 2026/2/10,来自 Android 设备
云澜与,玩过,5,快点更新啊啊啊啊啊，怎么那么慢😇😇😇,2026/2/10,来自 华为 Mate40 Pro
昂,玩过 3673 小时后评价（总时长 3776 小时）,5,我玩多久了啊,2026/2/10,来自 Android 设备
了毛毛,玩过,5,游戏是个好游戏 作为一个新手，我本来入坑获取玉的能力就差。 然后170抽2个六星。 我玩个屁呢 我忏悔我忏悔，明日方舟还是挺好玩的！,修改于 2026/2/10,来自 Vivo V1963A
Sorry 无意冒犯,玩过 335 小时后评价（总时长 380 小时）,5,明日方舟好玩👍🏻👍🏻👍🏻,2026/2/10,来自 小米Xiaomi Pad 7 Ultra
鬼鬼,玩过 899 小时后评价（总时长 907 小时）,5,什么！也没告诉我要更新啊！,2026/2/10,来自 Redmi K60
Flowers,玩过,5,游戏性很强，美术无敌，成功治好了我的电子阳痿,2026/2/10,来自 Vivo IQOO Z9
User452684810,玩过 959 小时后评价（总时长 993 小时）,4,💃🏻立绘建模： 好看超大杯 🌃画面音乐： 超大杯,2026/2/10,来自 Vivo IQOO Z9
旧,玩过 205 小时后评价（总时长 262 小时）,3,我已经被黄金大队玩傻了,2026/2/10,来自 Vivo V2507A
家有娇妻胡桃酱,玩过 1859 小时后评价（总时长 1876 小时）,5,维什戴尔还是太弱势了，需要加强😡,2026/2/10,来自 Android 设备
🍂落叶不定归根,玩过 734 小时后评价（总时长 737 小时）,4,方舟现在慢慢又有热度又越来越多人注意了，也会有很多人入坑，但是我每次看到有人拉新人入坑的时候都是净说优点不说缺点，说的有多好多好，你摸着自己的良心这游戏是不是真的有那么好，所以真的跟某些人去去魅了。我当初入坑的时候，我就觉得这游戏一堆毛病还死活不改，有一些该有的功能他偏偏不增加，还是近一两年才开始改善的，就像你吃苦药的时候，看到别人都有糖吃你其实也可以有，但他就是不给，一直憋着你，憋了你几年之后才悠哉悠哉的放到你面前，然后再拖你一个一段时间才给你吃，憋了那么久，你耐心早磨没了就为了那一口，其他啥都不管，吃到的时候啥怨言都没有，直呼好啊好啊。这游戏前期是非常难度过非常枯燥的，我第一次玩儿的时候就是因为太枯燥太无聊而且资源攒不起来退过一次，后面是遇到了一起玩的人才重新回坑的，这还是有人一起的情况下才回的坑，何况有的人即使是一起玩也不一定回坑呢?还有人说抽卡好抽，对，很多时候好抽，但是别忘了他的底子还是外游那一套，哪天抽风你就知道什么是噩梦，限定池300抽才只有一只当期限定的视频网上比比皆是，不要洗，我塑心池和银灰池都经历过类似的情况有足够话语权。有时候一些关卡设计也是纯恶心人，有时候关卡设计师就是用上帝的视角来看待，他自己当然知道怎么过最好过，但是玩家不一定知道。少人说是因为都习惯了这种情况，加上官方是真的不理，不然你以为小苹果是怎么来的。所以你要玩的话，你就不要跟风来玩，别人说好玩你就好玩，那是因为别人都已经熬过来了，你没沉淀个两三年哪来的好玩,2026/2/10,来自 Vivo IQOO Neo9 Pro
绫人的奶茶,玩过,5,很好的一款游戏，从21年开始玩玩到现在，中间有一段时间没玩了 因为新手太难玩了 ，要资源没资源 要角色没角色就特别难熬 后面慢慢又开始玩了，就慢慢摸索，一直玩到现在,2026/2/10,来自 Vivo IQOO Z9 Turbo
咻一口农夫山泉,玩过,5,不错，就是鹰角赶紧加强维什戴尔😃😃😃,2026/2/10,来自 小米Xiaomi 14
你好,玩过 240 小时后评价（总时长 313 小时）,4,哈哈哈，我看大家好像都挺有怨言的，有些人认为游戏好，有些人认为游戏差，额，其实作为我来说的话，可玩性还是很有的，呃，但是抽卡资源确实比较那个，我感觉这种游戏它就是，你要度过前期到中期就好玩了，我之前开了个小号，前期真的玩不下去，太缺了，什么都缺，到中后期就感觉有意思了，然后到现在的话，我感觉一般了，因为差不多有活动就打活动吧，没活动我就把理智一刷就没了，总体来说还是可以的,2026/2/10,来自 HONOR AMM-AN00
我的妈呀大姐,玩过,5,我寻思玩了这么久还没给舟打好评，等更新太无聊了来打一下…,2026/2/10,来自 Android 设备
浮华独畅,玩过,3,不是，什么情况？服务器还没有开？,2026/2/10,来自 Android 设备
一只鑫,玩过,4,这游戏我23年开始玩的，是唯一一款我玩不腻的塔防游戏,2026/2/10,来自 Vivo IQOO 12
711ViVi,玩过 549 小时后评价（总时长 613 小时）,5,要是没有肉鸽的话我撑不了这么久,2026/2/10,来自 HONOR AMP-AN10
假明,玩过,4,不是？这更新十分钟了才5％？这是限速吗？你每秒b速啊,2026/2/10,来自 Vivo Y78m
桑,玩过,5,刷b站刷到好多关于方舟的视频，于是就下来玩玩 ，其实还挺好玩的（我个人认为），一开始玩的时候都要两三次才三星，（本人现在才20 级）只能说本人对于塔防只能算个新手 ，不过角色的画风和剧情都很吸引我 （本人是剧情党 ），今天是新春版本 希望自己一发10连就出限定 ，也祝明日方舟可以运营更久！期待今年的周年庆版本 ，也祝各位博士们新年快乐！,2026/2/10,来自 Android 设备
铭雾（茶白乎）,玩过,5,好玩爱玩，角色好看，音乐赞，只是能不能多出点男性角色,2026/2/10,来自 OPPO Reno11
海上一小竹,玩过 492 小时后评价（总时长 541 小时）,5,这次更新只有我一个人卡飞了吗😈,2026/2/10,来自 小米25053RT47C
a-table,玩过,5,一款好游戏,2026/2/10,来自 HONOR JDY-AN00
林泪,玩过,5,明日方舟真好玩嘻嘻嘻嘻明日方舟真好玩,2026/2/10,来自 Vivo IQOO Z10 Turbo
卑微画稿人,玩过 1276 小时后评价（总时长 1407 小时）,4,好玩owo但还是有点美中不足,2026/2/10,来自 一加手机Ace 5
kingpurplesun,玩过 64.4 小时后评价（总时长 111 小时）,5,解绑立绘和局内特效呗,修改于 2026/2/10,来自 Nubia NX709J
User378870801,玩过,5,起初是太无聊了 同学推荐 玩的 在此之前是不喜欢塔防的 而且刚开始确实兴趣不高 有点无聊 但当时又有点非 35级之前所以一直在用低星打 唯一享受的是低星打过了boos关 中途退过坑 但是后面还是回坑了 也是因为无聊 再后来 慢慢六星多了 逐渐的好起来了 越来越喜欢打难得关卡 后面第一次打完ex关 第一次拿满腐蚀刻章 第一次打肉鸽 等等的成就感是拉满了的 现在明日方舟是我唯一的二游 很值得推荐 只是前期有点牢 而且现在入坑比我以前入坑好多了 福利基本拉满了 我以前打第三章boos时 连精二干员都没有 拿着精一幽灵鲨锁血和借了个精一叔叔打车轮战磨死的 现在开局一个六星一个五星精二 羡慕坏了,2026/2/10,来自 Vivo IQOO Z10 Turbo Pro
朝比奈真冬,玩过,5,就两个字好玩,修改于 2026/2/10,来自 iQOO Neo7 SE
着火的冰块,玩过 101 小时后评价（总时长 143 小时）,5,好玩,2026/2/10,来自 Vivo Y300 Pro
南黎归梦,玩过,5,求助啊，从没遇到过这种情况，版本更新安装包一直异常,2026/2/10,来自 一加手机Ace 5
荼蘼无声,玩过 393 小时后评价（总时长 547 小时）,5,兜兜转转又回来了，还得是明日,2026/2/10,来自 小米 15 Pro
来了来了刚刚有事,玩过 171 小时后评价（总时长 177 小时）,5,好游戏！是我有史以来玩过时间最长的二游。,2026/2/10,来自 Realme GT5
a冬,玩过 1112 小时后评价（总时长 1204 小时）,1,二编260210 给陈二次异格咋想的……策划运营shabiba —— 花屏第二天，mumu模拟器端花屏依旧没解决（图二） —— 这次更新纯纯负优化，大多数玩家都要求小窗回归，我在电脑模拟器上面玩小号会出现图一的状况…难崩哈,修改于 2026/2/10,来自 一加手机Ace 5 Pro
Shirokemu,玩过,4,有些皮肤稿能不能审一下，丑的真的不行了。但是游戏还是蛮好玩的。,修改于 2026/2/10,来自 Android 设备
空,玩过,2,爆率，设定，立绘，音乐都不错。 目前很缺理智，体验不好，即使每周有+100理智道具，打三四次本(10min内)又用完，恢复速度略慢。 希望好友能互送理智，重复得满潜干员奖励多点，增加玩家间互动，不要停下来啊！(指活动和维修(雾)) 补：材料爆率望提高，源石获取方式更多 . 本来打算不出年就退坑，没想到最后关头出货...但精二完就无事可做了_(:з)∠)_ 活动新关卡依旧没有，新年福利中等偏下 个人希望： ★战斗四倍速，现在刷合成玉太慢 ★基建一键订单，线索来源广(可兑换等等) ★玩家间互动性，例如组队，聊天，结盟....否则现在和单机游戏似的 ★干员互动性，例如好感度上限增加，达到要求赠送角色限定礼物或在主页可以动，干员生日时有特殊语音和礼物福利，生日关卡 ★玩家自身，改名，更改个性签名(为什么这功能到现在仍在测试中...)，有头像和头像框，主页背景可更改 ★关卡来不及做让玩家制作上传，通关奖励相对官方少很多，也可以以此评比 ★收集到的剧情可保留 我是外行人，但有些立绘看起来很怪，违和，或者与星级不符的简陋(明示夜魔)，是否考虑重置立绘呢 - 退游但回来加一分，新人物都挺不错的 - 回归体验过一段时间又退了，现在战斗依旧很慢，重复刷也得挂着界面，而且有各类玩法，奖励资源分散。攒抽数比较难，抽卡300井大保底，只有屯屯和氪金才能稳定出。感觉太累了～如果能保持在每天十分钟就能刷满下线的程度就好了,2026/2/10,来自 Android 设备
！,玩过 346 小时后评价（总时长 426 小时）,5,好玩，自从被朋友推荐入坑，就迷上这个游戏，不用充钱也可以跟大佬们一样体验到游戏的乐趣，每天清完体力基本就下线了，基建是我最喜欢的功能可以一键收菜有种菜园的感觉，游戏的画风和干员建模也是很好看的,2026/2/10,来自 Vivo IQOO Neo9
Amireux,玩过 33.5 小时后评价（总时长 89 小时）,5,好玩，爱玩，被同学带入坑的😋,2026/2/10,来自 荣耀 X30
壶觞蕴思慕,玩过 1505 小时后评价（总时长 1514 小时）,5,哎嘿嘿嘿，好玩好玩真好玩，几乎每个干员都没有重样的，虽然数值在膨胀，但是机制也在一直更新，数值也没有说膨胀得很厉害。非常好玩就对了,2026/2/10,来自 Android 设备
青柠,玩过,5,除了mc，pvz玩得最久的,2026/2/10,来自 Honor X50
deng deng,玩过 1239 小时后评价（总时长 1324 小时）,5,很好玩。整天就玩这个肉鸽，肉鸽好玩好玩爽爽爽，然后就是卫戍协议第二期咋还不来，急急急急急急，放我进门，我要抽卡,2026/2/10,来自 iQOO 9
a不是小学生,玩过 65.4 小时后评价（总时长 86.4 小时）,5,感觉不怎么好玩，有点太无聊了，主线难推，资源有点少，但是不得不说美术是真的nb确实好看就是不好玩,2026/2/10,来自 PC 客户端
雨中漫步,玩过,5,玩了五六个小时，感觉有点无聊,修改于 2026/2/10,来自 Android 设备
手机用户33724049,玩过 810 小时后评价（总时长 922 小时）,5,现在比以前好多了，以前到4点才更新完，现在从6点到12点更新。说实话还不错。如果以后能变成晚上更新，早上8点更新完就更好了。,2026/2/10,来自 小米24069RA21C
神秘友人A,玩过 353 小时后评价（总时长 401 小时）,5,好玩！,2026/2/10,来自 Android 设备
碎霜,玩过,5,很好玩，我司庭惊蛰出的时候入坑的，我小号星熊和大号瑶是免费十抽出的，祥子20抽2潜，周年庆的时候出了小号初雪和异拉大号银灰，前几天第一发就出了伊内丝，我运气比较好,2026/2/9,来自 Android 设备
祁红,玩过 41 小时后评价（总时长 42.3 小时）,1,不好玩,2026/2/12,来自 华为 MatePad 11
芥末果冻S,玩过 194 小时后评价（总时长 312 小时）,4,为啥特辑页不让用联动皮啊 买了好多联动皮结果都不能用，真的很崩溃,2026/2/12,来自 小米15
童重,玩过 16.9 小时后评价（总时长 18.6 小时）,1,这个红点看到没，测试怎么过的bug不改吗，不想填问卷就一点不考虑用户体验吗。,2026/2/12,来自 华为BRA-AL00
路灯杆子上缺人,玩过,1,所谓鹰角，就是知错，不认，不改错。 去年9月份更新鹰角把明日方舟，b服安卓移动端引擎改炸了，到今天绝大部分关卡画质都是爆炸的：细节模糊成一片，分辨率低，亮度降低。疑似抗锯齿功能在这些bug关卡里是关不掉的。 到今天我投了20多个工单，石沉大海没有半点回音，也没修一点，公告特么也没提一句，普通玩家说话鹰角直接当屁放哈哈。 （主线11至主线16） （红丝绒，雅赛努斯复仇记） （长夜临光，揭幕者们，崔琳特尔梅，绿野幻梦） （自深渊的一瞥：除猎人与骑兵，深海线全部） （那被祝福的：拉特兰线全部） （岁岁今朝：除去画中人，其余全部） （方舟：巴别塔，追迹日落以西） （夏活：多索雷斯，理想城，火山旅梦） （薪火重燃：全部） （水月肉鸽，萨卡兹肉鸽，炎国肉鸽） （生息演算矿洞内地图关卡正常，露天野外地图画质模糊） （利用bug地图代码做出的剿灭以及保全派驻） （未复刻开放的活动，联动活动的地图） （覆巢之下活动，sv1-7地图画质细节模糊，sv8-9洞窟内的地图就正常，svex同理）,2026/2/12,来自 Redmi Note 11T Pro
User418095276,玩过 885 小时后评价（总时长 905 小时）,5,玩了很长时间（在电脑上的没算），总之很好玩,2026/2/12,来自 Android 设备
piper0000,玩过,1,根本抽不出来，全是50+出然后歪歪歪🤮🤮🤮🤮,2026/2/12,来自 华为 Mate 30 5G
大王,玩过,1,这一分打给终末地。终末地不好玩！ 有了终末地的宣发之后，整个25年全是超大杯！如果是这种出新角色的趋势。我认为你已经不是以前的方舟了。你没有给玩家屯玉的机会。对玩家的感受没有那么在意了。只有不断的出新角色，出高强度，让玩家不间断充值充值充值。再见,2026/2/12,来自 Android 设备
曦帅·KNS,玩过,5,反正非常好玩，是那种连OPPO a5都能玩的类型，剧情很高质，可惜过剧情的时候没配音，但是由于我一抽爆了老陈，所以这点缺点其实也可以算没有,2026/2/12,来自 OPPO A1 Pro 5G
潜,玩过,1,好评,2026/2/12,来自 Realme GT5 Pro
13787349,玩过 53 小时后评价（总时长 198 小时）,4,很优秀的一款游戏，但是最近的版本数值膨胀太过严重，出的没有弱的，感觉每一个都要抽，抽卡资源会显得不够，希望出点机制好的，让更多博士有动脑子的机会,2026/2/12,来自 PC 客户端
HanaTsukiOvO.,玩过 1864 小时后评价（总时长 1882 小时）,2,如果现在谁还想入坑方舟，我的评价是，能跑就跑。,修改于 2026/2/12,来自 小米Xiaomi 14
Aspidiske,玩过 4546 小时后评价（总时长 4626 小时）,4,玩了很久了，个人评价基本稳定。按taptap的模板，以后没有惊喜/惊吓就不改了。 这次过年小改一下，删短一点，tap这个排版越来越难受，行间距好像改没了。 ———————— 可玩性： 在塔防基础上，不同玩法见仁见智。个人主线支线剧情要看，肉鸽和卫打得稍多，高难打得少，联机完全不打，领航者之类的只拿关键奖励。 画面音乐： 音乐不错。印象较深的深海、拉特兰、莱塔尼亚/卢森堡、大炎活动的音乐。 运营服务： 现在还算稳定。 策略性： 公式化机制鼎盛期似乎结束了，好起来了。 ———————————— pc端： 很流畅，推荐大伙试用，期待生息演算2期的表现。只是希望在对话中，加一个等效于鼠标点一下的键盘键位（比如空格或随便其他什么键）。 除岁剧情： 这次活动剧情没有给我太好的感觉，或者说整个炎剧情，像是叮咚鸡期间12集动画好不容易断断续续折腾完了，现在再来一个年导负责的剧场版收尾，然后就跟我说告一段落了。 看完剧情，没有谜语剧情结束，拨云见日的开阔；没有各流派巨兽辩经，大梦初醒的恍然；没有一家人齐心协力，年关已过的轻松；也没有欲知后事如何，再启新篇的兴奋。只剩下事已至此，小余菜都做了，先吃饭吧的无奈感受。 希望此后的炎故事，别再对着jrpg的过家家写老妖怪了，我实在觉得两者的正治戏都很少有算得上成功的部分。 题外话，与好友讨论时，他认为现在是新编剧在给前面的史擦辟谷。如果是真的，那我高看一眼。不管擦得怎么样，这次至少把牢陈牢魏牢岁牢望牢颉一众牢字辈擦完了，后面该有余地写新的了吧,修改于 2026/2/12,来自 Android 设备
普通的人,玩过,5,游戏玩着非常好,2026/2/12,来自 红米 Note 10 5G
哭泣嘤嘤嘤,玩过,5,哈哈哈哈爽了,2026/2/12,来自 OPPO Reno标准版
芽衣堡堡,玩过 572 小时后评价（总时长 589 小时）,5,好玩,2026/2/12,来自 PC 客户端
urjhdidhd,玩过,5,感觉非常好玩不会感到拉力的情况,2026/2/12,来自 Vivo S16e
Gosh!,玩过,2,byd连续吃了5次保底了，还连歪3次666去年夏活就不对劲了都是60+才出一只6⭐，半周年卡池也是，杀熟杀得挺高兴啊yj😁😁,2026/2/12,来自 华为CLS-AL00
内八大小姐,玩过,1,玩过资源最难攒的游戏，我也是服了，卡池全歪还不继承，打关打的火大，一下没注意又要重开，6000个币十连我也是没谁了，就这样被骗进来色鬼充军😒,2026/2/12,来自 Vivo IQOO Neo9
夏沫兮雨,玩过,4,我没法了,修改于 2026/2/12,来自 小米24122RKC7C
莓猫饼,玩过 59.5 小时后评价（总时长 103 小时）,5,好玩,2026/2/12,来自 OPPO Find X8
我是名字,玩过,5,絮雨的孤寒峭返场了，这下不得不五星了😋😋😋,修改于 2026/2/12,来自 荣耀 畅玩30 Plus
mrgao2021,玩过 16.3 小时后评价（总时长 476 小时）,1,这游戏有6星吗！,2026/2/12,来自 PC 客户端
菱,玩过 206 小时后评价（总时长 241 小时）,1,给我急哭了，别在50多出yy了😅,2026/2/12,来自 Android 设备
柠檬鱼,玩过,2,我1000多天登录的号这几个限定池非成什么样子了，我注册的小号给我一发来限定，被气到退坑的一集,2026/2/12,来自 Android 设备
良䣶,玩过 101 小时后评价（总时长 111 小时）,5,💃🏻立绘建模： NB 💎资源获取： 龙门币！！！！！ 🧝🏻‍♀️角色人设： 很好 ☄️成长体验： 还彳亍 🎮可玩性： 较高 有主线有支线还有肉鸽等 🌃画面音乐： 音角发力 🔖运营服务： 良好 ✍🏻建议： 卡池爆率能不能高点,2026/2/12,来自 OPPO Reno6 Pro+ 5G
好好好,玩过 320 小时后评价（总时长 405 小时）,5,这次活动做的是真不错蛮有意思的，其次春节威龙陈真的很好玩 臭棋篓子真的很强,2026/2/12,来自 Android 设备
雷蒙·丹尼尔,玩过,1,之前b服自抽玩的，剧情可以说云里雾里不知道讲啥，全靠杨圣万字解析去了😓，过了好几年多重挑战才有一个，池子毒，美术几乎是现在二游里最烂了，除此以外还有最恶心最多的社区玩家,2026/2/12,来自 Android 设备
，，，，,玩过,1,杀熟，老楽子游戏，160一个望都没有,2026/2/12,"来自 Apple IPad14,5"
乜栀,玩过 82.5 小时后评价（总时长 127 小时）,5,可以，慢慢玩吧,修改于 2026/2/12,来自 Android 设备
龙井,玩过,5,没玩过，然后就是终末地牛逼😋,2026/2/11,来自 Android 设备
幻想星球,玩过 457 小时后评价（总时长 505 小时）,5,这游戏我以前是玩过的，确实是个好游戏，单机党福音好吧～（话说，为什么我设置里显示这游戏是15多g文件管理显示却是不到3g？有人知道原因吗？我有点懵😣）,修改于 2026/2/11,来自 VIVO IQOO Z1
嘉德罗斯大人的渣渣,玩过 11.8 小时后评价（总时长 44 小时）,5,很喜欢，要玩一辈子明日方舟！！！,2026/2/11,来自 PC 客户端
小蓝蜗,玩过 15.9 小时后评价（总时长 19.8 小时）,1,啊啊啊！好久久没玩，想着下新版本，结果下不了，但在之前我玩的时候感觉特别好玩,2026/2/11,来自 OPPO A3i 5G
罐头,玩过 13.2 小时后评价（总时长 31.7 小时）,5,好玩,2026/2/11,来自 PC 客户端
山吹野吹,玩过 89 小时后评价（总时长 110 小时）,5,好评如潮 孩子们，终于有正常的异格陈了，泪目,修改于 2026/2/11,来自 PC 客户端
兰,玩过 2298 小时后评价,5,永远守护我最爱的女性友好游戏厂商英雌网络,修改于 2026/2/11,来自 Vivo IQOO Z9 Turbo+
风丶独醉,玩过 210 小时后评价（总时长 242 小时）,1,这TA10太好玩了，太有意思了，五星好评,2026/2/11,来自 小米15
ghh,玩过,5,阿米娅可爱😊😊😊😊😊😊😊😊,2026/2/11,来自 OPPO A系列
浮士德,玩过,5,好玩的，很良心,2026/2/11,来自 OPPO R15中国版
轰击大楼！,玩过 149 小时后评价（总时长 164 小时）,5,发评论没什么意思，就是给你们看看更新后第二个十连 我不行了，我在这里盲点跳过，出货了……都不知道（爬行阴暗的爬行） 所以孩子们我能玩明日方舟吗？,2026/2/11,来自 华为 荣耀30 Pro 5G
𝓛𝓎𝓃𝒶𝓮,玩过 362 小时后评价（总时长 435 小时）,5,收到，已严肃满潜火陈，火陈和望日常玩着不笑的是👍🏻,修改于 2026/2/11,来自 Vivo S30
君赫,玩过 453 小时后评价（总时长 477 小时）,5,伤心，终末地保底，方舟也保底，黑死我了要,2026/2/11,来自 三星Galaxy S23 Ultra
Ego,玩过,1,全勤，半年没出过新角色，基准池6连全歪，且每次都50 发出，看见变成10个黄票是真心脏骤停，杀熟你是真该死啊yj,2026/2/11,来自 Redmi Note 12T Pro
User123522759,玩过 754 小时后评价（总时长 754 小时）,3,这卡池里根本没有陈，我都四个望了。,2026/2/11,来自 OPPO A11x中国版
手机用户102518114,玩过,1,没关注还莫名其妙给我发广告？,2026/2/11,来自 小米MIX 4
电魔牛B。,玩过 702 小时后评价（总时长 727 小时）,5,2.10 继连沉两年的龙龙后，今年终于三十抽就毕业了🐉 😃嗯我看这剧情有点出乎我意料(褒义)😃到底什么时候包饺子？到底什么时候包饺子？到底什么时候包饺子？ 明年把78兄弟给我搬岛上来。。,修改于 2026/2/11,来自 OPPO A11中国版
MSmushroom,玩过 1589 小时后评价（总时长 1615 小时）,5,集成战略真的太好玩了，卫戍协议真的太好玩了，危机合约真的太好玩了，促融共竞真的太好玩了,2026/2/11,来自 Android 设备
龙井小咕咕,玩过 756 小时后评价（总时长 801 小时）,5,推了，粥伟大无需多言,2026/2/11,来自 小米23073RPBFC
梦烟,玩过 2515 小时后评价（总时长 2540 小时）,2,开服号全图鉴退坑 自25年几乎没有正常毕业的池子，看到十连双黄就知道绝对会歪，然而事实确实如此，每个池子平均90抽才能抽出up，或许是我个人运气差或许是yj纯在杀熟，皮肤有380+，活动也是全章（危机合约全镀层），今年年限池直接坠机，地锅鸡吃了我160抽才出，年限池砸了220抽才出4个六星，两个陈+两个歪，全图鉴断掉现在彻底没啥念想了。 游戏性说实话不强，肉鸽也是一时的热度，从最早的活动式小刻吃蘑菇肉鸽到后来的傀影，水月，萨米，萨卡兹到现在的界园，肉鸽全满级n15全章，肉鸽这东西很吃新鲜感，玩了这么多期肉鸽到后面只感觉是在上班式的为了刷章而刷，高难配队几乎固定，藏品只是见boss的门票，道中鬼图遇到基本等于重开毫无娱乐性 活动格式固定，创新出来的模式说实话纯在蹭热度，娱乐性依旧一坨配上一坨的奖励，放俩蚀刻章你为了章不想玩也要吃，本人也不爱看剧情，一直在玩纯粹是被全图鉴在吊着往前走，现在断掉了决定退坑， 说实话这游戏开服这么多年了不值得新人入坑，补齐强卡成本极高，下池还要瞻前顾后，不是全图鉴基本无法毫无顾虑的下新池，xp和强度终有一时会产生冲突。限定池特有的双六星300井，你yj说是福利好实际上攒300还是不太容易的吧。且市面上那么多游戏没必要现在跑来玩这个纸片对碰游戏了，社区环境其实不是变好了，而是你yj内卫早都跑路了，要么玩其他游戏要么忙于和生活对线，游戏社区内基本没有ldx还在活跃 好聚好散吧，yj的终末地我资格也拿不到，开服了看看评分也不想玩了，说实在话现在对于抽卡类二游我一向致谢不敏，顶多就看个乐子,修改于 2026/2/11,来自 Vivo IQOO Neo8 Pro
๑梭鱼儿,玩过 3291 小时后评价（总时长 3294 小时）,1,总体玩法和游戏体验非常不错，只是在干员获取及养成上差点意思 💃🏻立绘建模： good 💎资源获取： 一般,修改于 2026/2/11,来自 Honor X50
丿LCT丶苦中咸,玩过 62.9 小时后评价（总时长 65.7 小时）,1,不要入坑不要入坑，真的不推荐，卡池问题太大了，根本中不了一点,2026/2/11,来自 Xiaomi Redmi K60E
问泽,玩过 1264 小时后评价（总时长 1333 小时）,5,玩了三年，现在岁家剧情迎来一个阶段性结尾所以前来评价，剧情超大杯，文案超大杯，演出超大杯，爆率极高，资源丰富，数值膨胀慢，极其推荐游玩。 就是yj今年这顿饺子我吃的不得劲啊😭，相见欢相见欢，为什么二哥是寂寞梧桐深院锁清秋啊😭，此是千秋第一秋，结果是望哥成为岁兽承受无尽痛苦的第一秋吗😭。求求你了，剧情落幕时一定要让岁家迎来一个真正的圆满结局啊，你让我氪648也愿意的,2026/2/11,来自 红米 K70
与君折枝,玩过,2,两次限定都歪了 遗憾离场,2026/2/11,来自 Android 设备
手机用户60023939,玩过 1233 小时后评价（总时长 1236 小时）,4,游戏很好玩，但感觉给明日方舟花的钱成了终末地的宣发，哪儿哪儿都是牛皮藓广告🙃,2026/2/11,来自 华为VYG-AL00
￴￴ ￴ ￴￴,玩过 171 小时后评价（总时长 171 小时）,2,这是我最想吐槽的一个游戏厂商了，太low了,修改于 2026/2/11,来自 Realme真我GT7 Pro
晚风,玩过 46 小时后评价,1,限定和陈又没有，养多萝西到精二一级材料给我干没了，不玩了艹，yj你其实是披着塔防壳的养成游戏吧。 ＿＿＿＿＿＿＿＿＿＿＿＿＿＿＿＿＿＿＿＿＿＿＿ md 134抽看不见星熊，你就玩吧😅,修改于 2026/2/11,来自 Honor 70
Frisk,玩过,3,快坚持不下去了，又快到大保底了。,修改于 2026/2/11,来自 iQOO Neo 5
奈格里,玩过 956 小时后评价（总时长 990 小时）,5,绝望了，越来越非，一年都没出过高姿了，卡池歪到离谱，抽上头，感觉号玩不下去了,2026/2/11,来自 Vivo S16
sugaria,玩过,1,十连歪,2026/2/11,来自 Android 设备
半岛饭盒,玩过,1,天天吃大保底太美味了👍🏻,2026/2/11,来自 Vivo IQOO Neo9S Pro
彩彩第一可爱,玩过,1,单纯想聊聊为什么不想玩方舟了，本人棘刺厨，23年注册，先放出我官b服的棘刺练度，官服因为快二，三月没上线了了，所以引星棘刺复刻抽出来后没拉满。 1.感觉yj太傲慢了，优化是隔了几年才优化。而且现在快7周年了，还是没出一键扫荡，前几年出了可以多花体力1次刷多个材料，说明出一键扫荡也不是什么难事，但是yj就是不出，就为了那点日活。 2.就是感觉棘刺像是内部恨，出苍白海的剧情就不用我说了，网上一堆喷的。星棘的泳装皮你自己看了不想笑吗？肤色莫名其妙泛红，肚子上莫名其妙放了钢板，这个设计真的很诡异，你还不如把音韵连结的皮肤做出来，买了一次都没用过，太丑了。还有复刻星棘公告的星数还打错了，少打一个星，做广告的时候审查都不审查一下吗？这么敷衍。 3.本来今天更新新年下回来重玩，结果两个号出的第一个六星都歪了，没招了。 想说的就这么多吧（感觉太情绪化了，抱歉）也没啥动力玩了，后面寻找有缘人送出去了，当然还会继续喜欢棘刺🙂,2026/2/11,来自 Android 设备
User560117550,玩过,1,我不明白，为什么推荐20级结果50级没打过，那拉矢的伤害太高了吧,2026/2/11,来自 华为 nova7 SE
焰.,玩过,2,我就想问，隔壁终末地亏了多少钱，230抽不出限定，硬吃保底，杀熟老玩家这一块,2026/2/11,来自 Android 设备
North,玩过,3,如果是收集党或者xp党的话不推荐入游，可以就在dy欣赏pv，因为粥的抽奖机制很逆天，奖励获取也很单一，抽卡爆率极其极其极其垃圾，我充钱的一个号和不充钱的一个号爆率完全一个天上一个地下，鹰角我对你真的是太好了，既玩明日方舟又玩终末地，到了新年你就这么对玩家，真有你的。,2026/2/11,来自 小米Xiaomi 14
HtcOP,玩过 2883 小时后评价（总时长 2925 小时）,3,这是一个从开服记录至今的评论 算了，抽不到就抽不到吧，这个还是看缘分，没那个缘分就不强求了，在下告辞 -致年(W)小姐。 ps:哎呀，又没抽到，看来最近运气不好啊╭(╯ε╰) 这 瓜 我 都 吃 饱 了 好耶，这次迷迭香和泥岩都出了。 好耶，肉鸽，我的肉鸽 这次肉鸽难度整体比上次高，随机是真随机，随机到十次有九次都遇不到想要的，就算脸再黑也不可能遇不到合适阵容的，你法队来重装，你先锋来医疗，你近卫来射手，商9店出售的收藏品真的迷惑，我都开始怀疑是不是故意这样设计的( •̥́ ˍ •̀ू ) 欧天呐，这是50%出率嘛，百抽出3个六星还全歪了，我年池都没这么歪过() 我就该信邪的，又灌了30抽进去，两个紫一个黄，连火光都没。 有一说一，为了限制角色输出直接加闪避是把，80%物法双闪，你没个真伤还真就打不了H10-1到H10-3 我反复确认，附加条件明明写的是加攻速，我切回来一看，豁3下一重装，我是点了200%伤害危机合约词条嘛？这为了克制单位不是闪避就是直接堆伤害，今晚设计师想睡觉必miss 好消息，歪了，坏消息，歪了。 好耶好耶，这次镀层是氪佬玩家必备咯，咸鱼摸鱼崽没啥练度就去嫖个90专3令。 请问，你们是神经损伤过损了嘛，这难度跟坐牢有啥区别呢，说是收藏物多了能爽起来，您看看 这怎么爽的起来啊？ 黑的好啊，就跟煤球一样，要啥不来啥连着歪了七个池子了，让我来继续看看下一个池子会不会歪，这真的厉害 你做得好啊，正因为你做得好啊...... 我们的抗争在时代之下始终是如此渺茫与弱小 怎么说呢，这次剧情不错，角色不错(可惜我一个没出)，皮肤也不错(就等着白嫖卷嫖异客皮肤了)，玩法也比上次更有进步，但是以后的白嫖卷＋后续复刻此次活动过后的70黄票没了，血亏的很 这第四阶段是真滴难受啊难受，没异德也没鸿雪拿啥打蚀刻章啊，还得必须打到三星，这二星提的属性没上面两个角色能打的舒服嘛？() 乐，太乐了，乐此不疲啊 太强辣，真的太强辣，简直就是模范啊！😥 荒芜不再-2020.03.17 黄铁重铸-2020.06.02 利刃出鞘-2020.07.28 燃灰不息-2020.11.15 铅封将裂-2021.01.19 光谱逸散-2021.05.15 蛮鳞障目-2021.08.26 松烟留痕-2021.11.22 寻昼燃炬-2022.02.24 渊默潮涌-2022.05.19 尘环落定-2022.08.25 赝波荡平-2022.11.15 起源新生-2023.03.21 虽然之前有很多令人高血压的操作， 不过还是非常推荐入坑，缪缪哎嘿，我的缪缪。 这b刁民是真离谱啊。 这ex关b刁民更离谱啊 非常坏设计，爱来自邪魔 更正，这次肉鸽真是非常的难啊，好玩是好玩，就是不适合正常人玩，我静音小队呢，你根本就不在萨米冰原，这高难的关卡，怪物又硬，跑的又快，特别是那个突袭生人勿进，那个跑的那叫一个快啊。 我寻思把，生息演算之前还能重开后保留建筑的，怎么到了下代就直接拉跨了呢，设计师是不是守望制作组挖过来的啊，设计的真好啊，哦对还有怪的数值设计，是不是从英雄联盟设计师那边学的啊，你知不知道又臭又硬还无法阻挡的怪真的很难受啊，就算挡住了也是被二阶段一刀砍烂，真好玩啊，建议下次设计，把天气系统的debuff改成 所有干员攻击力下降50% 防御力归零 部署只有三个且再部署时间翻倍 资源获取也是，干脆直接头疼砍头把，你看现在资源获取那么高的，建议基地一级升二级也要石头，木头需求翻倍，造水泵也要石头。 哦对，你那个关卡石碑真硬啊，没得高频攻击根本打不动，甚至还让放高台打，真的厉害。科技点也是，既然都无法保存那不如直接删了吧，留着反正也没几个人点。 -------------------------------- 我现在就要基建保存，科技保存(σ-`д・´) 你池子出率真的没改？4个六星歪了四个 150抽就出四个，up概率占六星出率70%？这是让普通玩家舍弃皮肤或者爆金币才能好好的玩？ 事实证明了老号的爆率只会越来越低，什么大数据精准杀熟，老号180抽6个六星全歪，当期up的两个角色和异德是一个不来，全部都歪 小号都没怎么玩，20抽就拿到限定和当期up，球球您别换着法子变相逼老号爆金币了，这样真的很搞心态啊，尤其是被个别群里或者论坛栽种在你沉船帖子上晒卡之后，心态就更炸了啊。 连歪过后就是紫气东来 最后一天想着都发勋章了，然后就去抽几发十连，结果还是没出，真嘲讽啊，期待什么？ 破游什么时候关啊啊啊啊啊啊 新手听我说别入坑，入坑记得先把好评换成分期付款，目前新人不氪金是会被各大群的老东西恶心到直接退游的 鹰角什么时候把池子爆率改正常？ 每次抽每次歪，这次陪跑都不给了，非常好池子爱来自抽卡 这萨卡兹野史真够史的 不是这地图是谁设计的啊，有点野啊，是觉得各个玩家都是天胡能非常顺利的凑齐所有组件轻松打过啊，我打了四天了，难得有一把能摸到boss门口，结果一脚给我阻挡在门口了？？？ 全隐匿很好玩是吧？ 为什么粥铲铲不让前期干员自己换啊（ 这次小游戏是真的很不好玩，判定迷惑 操作阴间 懂不懂每年限定必沉的羁绊啊（骂骂咧咧） 好端端的怎么还删评论了啊（ 为什么到限定池子就会歪啊，200抽丢下去连陪跑都没，硬歪三个六星 ，限定陪跑一个都没看见（╬ಠ益ಠ)ｺﾞ 好好，之前没时间打肉鸽今天试了试五结局，然后开局晕了50秒，被阿米娅清屏愉悦送走。 好，打了半个星期了，好不容易来个胡一点的局，结果还是被阿米娅愉悦送走，这b晕眩是真难受啊，没的说的那种，还有结局五是伤害强制检测器嘛，不抓维什戴尔是不是稳定过不去的？ 非常好池子，60抽下去又歪一个，这池子up了什么啊，除了歪就是歪。( ‘-ωก̀ ) 这地形直接把全图攻击干员和手长干员直接被限制了是吧，总不能真的为了推销角色就限制比她好用的角色吧？ 这个足球守门员是不是过于健壮了，一下创飞一头牛的那种( 牢普补药肘我了，还有凯尔希你快回来呀˃̣̣̥᷄⌓˂̣̣̥᷅ 我嘞个普瑞赛斯，四线肘我恐怖如斯 设计师你为什么非得把boss丢到一圈不可部署地块来限制真伤强杀呢？ 这限定池子果然和往期的池子一样，歪的离谱，唉，粥池，唉 不得不说这次代理修改真得夸夸，以前老老实实看六遍录像，现在看一遍就够了，这下刷石头更方便了 这入梦砖设计的真好，下次别设计了，我可不希望在后面的肉鸽里面看见这玩意。 喉舌！震撼人心！ 这次肉鸽比上次设计的好了太多，基本上没啥不太好的设计，而且收藏品给的也很多 更正，不太好的关卡比上次萨卡兹的还多。 怎么又开始控评论了，连吃三个举报了 致敬传奇耐控王 这次肉鸽真穷啊，属于是集百家之短了 池子还是那么的歪，这我就非常放心了，是方舟池子的味 又回到了评价者很严格（ 还得是熟悉的味，不过我怎么感觉最近的粥池越来越黑了 不得不说，这期限定也没抽到，没那个钱买大保底了（太坏了yj） 碎了点石头，抽出来了，但是怎么就开心不起来（ 不得不说这次活动设计确实还挺不错的 otn，预设队伍怎么会那么难用（ 更正，不只是队伍难用，这次卫戎设计的还不如上次，吸取了隔壁鲍勃的糟粕是吧，经典四个人抢同一个队伍 二次更正，难度设计极其不合理，感觉像是老设计师丢个模板给新设计师练手用的，而且设计师似乎并未考虑数值平衡问题，我方成长就像是1+1+2+3，而敌方是1+2+4+8+16，到最后只有固定几个干员能用，关键是还卡等级，这就玩的非常的不舒服，很难想象能在2025年的11月还能看到如此复古且毫无平衡的设计，这种感觉就好像是设计师想教着你玩游戏，但是他只给你一个木剑去打恶龙一样（界园刚开放的时候也是一样的难受） 熟悉的味道，熟悉的歪（我吃两碗） 不得不说，最近几次的活动和关卡设计颇有一股子新人设计师的味，是不是老设计师全跑到终末地去搞数值平衡了啊，这次天空盒（未许之地）的活动数值搞一大堆又臭又硬的东西在那里挡道，而且地块升浮机制也是烂的离谱的设计，特别点名ur-ex-8，你就打把，一打一个不吱声。 小兔子生日快乐 隔壁终末地都节奏都烧到本体来了，而且马上就是新年池了，希望不要出现卡池爆率异常问题，毕竟之前方舟的池子就歪的离谱 我对此表示还是和往常一样，该歪的歪，240抽5六星歪四个的含金量还是在的，不过这次活动做的挺好，挺有乐趣的，也没啥阴间点，而且音乐也不差。,修改于 2026/2/11,来自 OPPO K12x 5G
嬉笑,玩过,5,喜欢....（反正不肝 现在回想起来wwf那次联动是给ngo提供了资金而不是把钱用于环保事业,修改于 2026/2/11,来自 iPhone 15 Pro Max
小天才,玩过 611 小时后评价（总时长 628 小时）,1,二B吧依旧拿老玩家开刀六彩五歪我C你m和疯了一样出超大，隔壁亏了多少运营不下可以停服,2026/2/11,来自 小米23124RN87C
卡咔,玩过 544 小时后评价（总时长 564 小时）,1,以前是小登的时候觉得老好玩了,2026/2/11,来自 OPPO PGGM10
额,玩过,1,多的不说，少的不唠，两百多抽全保底全歪,2026/2/10,来自 Xiaomi Redmi K60 Ultra
十五,玩过 338 小时后评价（总时长 341 小时）,5,最胡的一次41抽3金😎,2026/2/10,来自 HONOR PTP-AN10
Euarling,玩过 3863 小时后评价（总时长 3871 小时）,1,300抽就5六星，两个陈，黍，多萝西，死芒，这欧非差距太大了，欧的人送十连直接双黄，终末地后杀熟这块，老玩家该爆金币了,修改于 2026/2/10,来自 HUAWEI MatePad Pro 11
Violet,玩过,1,250抽都没出陈,2026/2/10,来自 Realme GT Explorer Master Edition
卿ф辞,玩过,1,垃圾游戏，隔壁亏了多少，md新年池子拿我们这些老玩家开坑，全歪逼你氪金,2026/2/10,来自 Android 设备
风之灵,玩过 601 小时后评价（总时长 662 小时）,1,210抽就仨六星，我恨一切,修改于 2026/2/10,来自 Redmi K70 Pro
咕咕,玩过,4,剧情超大杯！ 二哥和陈陈都没歪，舒服 这两天上头终末地，方舟都没时间肝了，趁这几天终末地长草把界园打一打，坐等卫戍协议了 ———————— 从星熊夏活开始我一直是保底才出六星，而且没出限定，星熊一百五十抽没出，银灰一百八十抽没出，如果不是要井耀骑士我攒的多，这次我会一个六星也没有，说实话挺失望的，新活动不错，新干员也都不错，但这样的抽卡实在不想玩了，我还有其他游戏需要氪金，就不在这里浪费钱了 ———————— 最近带节奏的倒是提醒我给你打分了，我最近玩得挺舒服，期待周年银灰 ———————— ***鹰角，五个五星全歪了，六星也歪了，等到池子结束我还没出诺威尔我就卸载尼玛的 —————— 攒夏活，最近运气不错，希望能保持 ———————— 等周年庆 ———————— 萨米肉鸽一如既往的眉笔发牌，狙医凯尔希开局，打了二十多局，次次走到第四层才给我一个狙，最好的一次进了boss关总共五个精二其中两个是医疗，唯独生命值和小术士管够……打boss全靠早露，守家全靠凯尔希，右路全部放掉……鹰角你自己琢磨琢磨这合理吗，我求求你善待我一点啊……,修改于 2026/2/10,来自 Android 设备
老塞工,玩过 462 小时后评价（总时长 545 小时）,5,我天天玩也没见有多好玩啊,2026/2/10,来自 Huawei P50
世界遭罪物语,玩过,2,劝退,修改于 2026/2/10,来自 Realme真我Neo7 Turbo
keshi,玩过 224 小时后评价（总时长 237 小时）,1,拉完了杀熟游戏19年老玩家次次保底出六星160抽两个六星一个望也没有,2026/2/10,来自 Android 设备
云,玩过,3,"真求了,20天前还登过的号,今天一登录，名字跟之前一样变纯一级新号了dT-Tb",2026/2/10,来自 Android 设备
芜湖,玩过,1,本身其实是很好的游戏，但是运营是SB，SB中的SB，以至于我玩了三年多，被这种SB的运营消磨完了兴趣，直接删号了，也就是瞎猫碰上死耗子了，鹰角你这头猪也就是站风口上了，后面几次没风口有众多竞品了，死了好几个项目方舟高强度连发一年小礼包断崖提升圈钱，最新的项目依旧还是那副运营德行，唯一可惜的就是方舟本身其实真还可以，只是说因为你这个垃圾公司我确实没有碰的兴趣了,修改于 2026/2/10,来自 Realme真我GT7
信凉啊,玩过 6.5 小时后评价,1,机哥爱玩的,2026/2/10,来自 小米24069RA21C
卡普里维克多,玩过 53.5 小时后评价（总时长 57.4 小时）,1,爆率很极端，要不欧死要不非死，对平民玩家不友好，剧情无聊。,2026/2/10,来自 Android 设备
yearDD,玩过 1000 小时后评价（总时长 1009 小时）,5,也是玩了好长时间了，总体下来非常满意，抛开抽卡的概率【我自己号比较非】其余不论美术还是音乐【鹰角真是音角】都在二游有很强的统治力。玩法麻，保卫萝卜的玩法逻辑还是很吃接受程度的，反正我挺喜欢。鹰角继续加油吧，要一直保持下去呀！,2026/2/10,来自 PC 客户端
迟暮,玩过,2,拥有的最强6星干员是能天使，最新获得的6星是银灰，猜我在哪一年？ 朋友看了我的干员列表都直哈气，说好久没有看到纯手法过关的了😆这还是去年11月刚创的新号。 拉了一个大的,修改于 2026/2/10,来自 Vivo X200 Pro Mini
K,玩过,1,为了不让人跳过剧情真是煞费苦心😅,2026/2/10,来自 Android 设备
Kevin Zhu（TOBY）,玩过 2947 小时后评价（总时长 3003 小时）,4,一般😓 ----年限望---- 新剧情不赖 ----5周年---- 至少整了点优化还行，还有迷宫饭联动，当一天周卫兵 ----4.5周年---- 啥笔yj你妈妈必给我飞咯，扫荡给个限定六次真是心疼死你了，不说一键扫荡直接给材料吧，就我妥协点，还是看录像，直接一次性用完体力连着看录像都不行，还限定六次，你是不是有点太离谱了；还有四爷的文件夹就不提了，今年又来文件夹是吧，你就扣吧，那赠送能不能直接给五星得了，反正也是一黄票，五星还没这么碍眼；还挺多护着说黄票比上年多了所以不给黄票是合理的，我寻思不都是打游戏的吗，多给点抽卡资源还不乐意了😓，感情屁股是不是在游戏公司那边呀，这边是不是也要来点“送多了资源，玩家不氪金，公司得倒闭”这种论调呀，yj都几开了，钱恰的饱着呢，这边是不是也要变成“多发黄票会导致通货膨胀”的烂环境了😅；还给两星是因为生息演算要常驻了和有二期彩六联动了,修改于 2026/2/10,来自 Android 设备
User353893656,玩过 446 小时后评价（总时长 551 小时）,5,最欧的一个池子。,修改于 2026/2/10,来自 Android 设备
洛洛洛,玩过,4,还是本体好,2026/2/10,来自 Vivo IQOO Z9 Turbo
秋香秋霞,玩过,2,伟大无需多言,修改于 2026/2/10,来自 小米24117RK2CC
迷迭香,玩过 64.8 小时后评价（总时长 66.5 小时）,5,2019年5月3日开始玩，这思路，企鹅一辈子也做不到,2026/2/10,来自 Vivo X100s
xy弑殿hy-一顺千秋,玩过,5,不管那么多了，反正玩了快5年多了，继续坚持一下。,2026/2/10,来自 Realme GT Neo5 SE
Gary,玩过 211 小时后评价（总时长 216 小时）,1,早晨鸣潮吃了第九个保底，上午打三角洲行动被不演了的挂踹10多把，中午想着望池子开了抽抽卡缓缓心情吧，我攒了半年11w多合成玉全投进去在240抽才抽到望，我只能给一星,2026/2/10,来自 Vivo IQOO 13
貔貅,玩过,1,鹰角好样的，已经不知道是不是杀熟了😇，六星好评,修改于 2026/2/10,来自 小米Xiaomi 14 Pro
霓,玩过 3.6 小时后评价（总时长 50.4 小时）,5,端游确实不错，流畅多了,2026/2/10,来自 PC 客户端
伊内丝最可爱,玩过,5,德克萨斯最可爱！！！！！！！！,2026/2/10,来自 华为TGR-W00
白日梦做一天,玩过,5,那还说啥了，给你了鹰角,2026/2/10,来自 Android 设备
墨谦尘,玩过 954 小时后评价（总时长 959 小时）,1,不是，五连歪，真有你的，最近不是四连歪就五连歪，次次抽卡150抽往上，50%概率提升在哪？你游哪来的脸说50%概率提升的？对不起，燃尽了，我不会再给你充一分钱 这是个好游戏，321抽一个限定抽不出来,修改于 2026/2/10,来自 小米24117RK2CC
阿巴巴巴,玩过,4,byd，我累了不想玩了 感觉现在就只是yj的韭菜 tm不氪金抽不到我 以前还欧一次非一次 现在一直非 我TM真不想玩了 tm236抽 我还氪了198，觉得真的没意思 释怀了，现在囤的有500抽(黄票每月换的，加起来有410抽)，还是之前抽何大雷玩近锋花了100多抽，每天日常也不耗时间，也有好玩的模式，主要后面的版本优化太多了，现在是每天清体力摆烂，剧情时好时坏，现在也懒得看了，就有想玩的模式，比如新肉鸽，卫就猛猛练干员，猛猛打，现在明日方舟的一大特色就是有这种常驻奖励，而且游戏性好的活动，我觉得好玩就玩，肉鸽什么的连续给我跑结局我就不玩了，很自由,修改于 2026/2/10,来自 HONOR 200 Pro
伞,玩过,2,很难想象一款游戏你打完一关你不能一键重刷，不能一键重刷你代理指挥还过不去,2026/2/10,来自 Android 设备
₩※£€,玩过 2191 小时后评价（总时长 2207 小时）,1,这次抽红温了，下次欧回来再改回五星 _ 小姨60抽，没歪还行 _ 中坚双up100抽一只都没，红了 _ 娜斯提50没歪还行 _ 缇缇100抽歪俩只，还有一只娜斯提，红了 _ 200抽没望，5只陈，更红了,修改于 2026/2/10,来自 一加手机Ace 3
盾勇士在此,玩过,5,这么多游戏中最喜欢舟的美术风格,2026/2/10,来自 Android 设备
遥异,玩过 1209 小时后评价（总时长 1232 小时）,1,打一星实际上并非完全为了抽卡快吃保底这件事，毕竟你游三百保底我都差不多习惯了。 让人无法忍受的是，你新出的令24源石皮肤，连方言语音都没有，怎么，你一年圈这么多钱，连请配音演员多配两句的钱都出不起？网上搜了才发现原来还不是首例，与中国电影资料馆联动的大哥皮肤也没有方言配音，这个皮肤还是我25年复刻时候补的，平时大哥也不上场，直到今天才发现，一并起来更让人恼火了。怎么一年到头圈的钱不够你配两句语音的？ 像什么不能开多倍速，用技术问题搪塞过去，我这几年也就忍了。但配音的残缺显然是态度问题，你游除了伪动态立绘和静态剧情，不就只剩配音了吗，配音作为直接了解干员个性特点的窗口，我也不奢求什么形神兼备，毕竟当前的配音演员都想着直播吸粉，配音功底只可意会不敢言传，但你起码得有配音吧？ 什么时候皮肤配上方言语音了什么时候删评论。,2026/2/10,来自 一加 Ace 2 pro
芒果果的茶茶丸,玩过 234 小时后评价,5,其实很早就了解到明日方舟这个IP了，但一直对此不感兴趣，直到我去旅游，在地铁上看到了明日方舟的海报，我就下定决心入坑了，后来发现还真的蛮有意思的，不论是角色美工还是剧情还是音乐都很戳我，而且同人也很多给我饭吃的饱饱的，所以界园应该怎么打啊啊啊啊啊啊啊,2026/2/10,来自 Vivo V2031EA
奥古斯都、大花,玩过 1483 小时后评价（总时长 1547 小时）,5,很喜欢玩塔防游戏，但是一开始不知道这是塔防游戏所以白白错过了很多，许愿罗小黑二联！,2026/2/10,来自 Redmi K50
寻信人,玩过,5,————————————————— 看完巴别塔了，没什么好说的，剧情党大满足。 ————————————————— 银心湖列车和新年活动都很满意，剧情看的很开心，刚刚回了一点热情，然后 yj出来挨骂你这生息演算做的什么玩意，科技基地食谱等级全不继承的情况下地图还固定，我是来套公式的吗，我在游戏长时间套公式我为什么不去做地理题？？ 6个以内上几个干员都固定两瓶饮料还有每个干员一天只能上一次我本来是不想吐槽的，但是你这升级前一堆人力拿资源的需求我是真想说你配合得好啊，这三个但凡少一个我都能说你正优化了。或者说你但凡能让我重开慢慢摸我都不会骂你，是怎么做到把这些全部组合起来恶心人的，玩家问卷照常收，越改越垃圾，我是真的期待这重做的模式结果一片热情喂了狗，打了五小时体验不错然后群友跟我说了这么多离谱玩意。 不知道第几次评价了，不过看样子也都没上过热评，就直接重新写了。 作为19年五月十号老咸鱼，之前给的都是五星，但现在意识到不能再惯着鹰角了，放假一个月来，方舟真正让我觉得有趣的只有这几天和联锁第一天，联锁第一天觉得有趣因为我不像各位大佬连续打而是慢慢来，第二天打完觉得有点莫名其妙，然后接下来就没上线的欲望了，还好有我同学(我刚拉入坑的)，我靠帮他安排资源过的，总体来说挺无语的。 刚开服那会还没那么喜欢方舟，只是觉得有点意思，所以骑兵与猎人前的时间都没什么感觉，骑猎出来后真有感觉了，骑猎后入坑玩家大概不知道，骑猎的内容不止是我们现在看到的关卡和剧情而已，还有很多书信，书信不是企鹅物流寄的，是临光寄的，这形式就让我眼前一亮，所以我对骑猎的印象是很好的，那学期结束的暑假是我经历过最长的长草期，两个月几乎什么都没有，但那时毕竟还是新手(住宿学校很少肝)，缺的东西多，一个暑假下来我从没有精一肝到几个精二(那时还有其他要做的事)。 夏活开始，心情不太好，开学才给我这么一个大活动，奖励没领多少，大家说的旋转木马转一天我是没什么感觉的，之后心情慢慢平和就那样又过了一个学期。 过年限定心态炸了，差点退坑，但当时恰抽到一个六星和一个五星，又想想八个月来的时间，没有退，之后危机合约我对游戏的兴趣重燃了(忘了黄铁是什么时候了)。一周年一堆东西，没有w，退了一段时间又回来了，心态已经佛了，毕竟也高三了。 复刻节奏没跟，本来上次就没拿多少奖励，没石头对我来说没什么，反而能重拿奖励是好消息，一直觉得是赚了。 抽限定带着随意的心情都抽到了(现在差w)，第八章，画中人都让我对方舟的信心日渐增长，甚至不停安利给别人，二周年我的信心达到顶峰。 但是二周年到博人传前的情况………看了评价和B站才知道大家的情绪有多不好，才了解最近方舟怎么样，长草我早就习惯，新活动没新曲子感到奇怪，轻松过的感觉不是我一个人有，看到设定集质量后我才真的相信鹰角的懈怠，无论如何方舟在我最失意时也支撑过我，我对方舟的的确确是有感情的，所以我不只是气愤而更多是担忧，我不希望这样一个本有很大前途的游戏这么快消失，剧情，人物刻画，立绘，玩法(一直觉得是比较丰富的了，作为一个塔防来说，我的要求一直不高)，这些都是我玩下去的理由，开新主线我认为难度会比较大，毕竟方舟主线长度我是知道的，鹰角又努力让文案有些深度的感觉，不过也确实久了。产能还是扣一星的理由，如果不是博人传体验还可以会更低，我期待着方舟更好的未来。 =========================================================== 我的天，夏活出来分数更低了，这次又破纪录了吧。 所以鹰角你认真的吗，真要在我高考完来一幅《江河日下》？立绘我个人没什么感觉，这个异格，emm……………我就先告诉自己是——一向严肃的陈警官终于懂得给自己一点放松，懂得坦然一些吧，我并不在意什么文字游戏，我也说过玩这么久了，限定有就有，没有就没有了，况且这种大限定都还会复刻，说起来签到皮肤什么时候复刻一下？ 礼包反正我不会买，钱包不允许，不过缩水。。这不让人干着急吗，纯属招黑行为，拜托鹰角为自己的处女作多花点心思吧。 没有降星原因:新模式。大家都跟着节奏冲了，直接忘了新系统，我最后的期待就在这个新系统上面了，希望不要再让我失望了 =========================================================== 新活动出火速赶来评价，货已经全出了(越不在乎越快出货) 开始的剧情快速切图给我感觉挺好的，但似乎没有肉鸽，失望，接下来看一看，四星保留。 今天是八月四号，我今天改成五星了，这次活动剧情还行，关卡和活动的新意怎么着也有吧，但是活动没给方舟提分，我没玩过那么多二次元，但是海猫一行人起码一直以来是有照顾玩家的，如果女兆先生占的部分比海猫还多的话，那方舟就还是五星！！它值这个分，评论区一片一星评论我真的看不下去了，如果官方有事无法说出来，我们就什么都不知道，而鹰角没理由内外受压。 —————————————————— 不好意思我破防了真的，闪断更新为什么这么突然，我打的那么惨打的傀影过关了然后你跟我说我输了我真的是佛了！三颗星不会再多了，什么时候把这个改掉什么时候五星，真的去年夏活都没能让我破防。 ——————————————— 为什么要大半夜闪断更新？？！！！直面灾厄很好打吗？！ ————————————————— 好久没评价了，一直五星挂着，2023年11月21日，yj用实际行动告诉我它不值五颗星了，大致发病情况大家都喷的差不多了，奖励从歼灭测试就一直是少的，周年庆看出来扣奖励了，拿了奖给1000合成玉yj太喜欢整数了我哭死，敢问模组能不能给个整的整天攻速+7。 话说这时候还发病不会真以为周年庆挽回了很大风评吧，长时间的折磨导致我根本没热情打关，要不是有水课我都不打了。评价是你终末地最好能快速完工，我都担心你大女儿活不久了，可惜了我那一众干员。。 --------------------------,修改于 2026/2/10,来自 Vivo IQOO Neo10
祁鹤,玩过 40.5 小时后评价（总时长 147 小时）,5,还是小登，目前来说我觉得好玩,2026/2/10,来自 Android 设备
与世无争大萌新,玩过,1,三次限定池只有一个限定吗,2026/2/10,来自 Vivo IQOO Neo9 Pro
万事皆如一场梦,玩过,5,感觉每一个角色都特别萌🌹🌹🌹🌹总能找到自己喜欢的那一个😋,2026/2/10,来自 Vivo Y37m
云墨时白,玩过 312 小时后评价（总时长 340 小时）,1,兄弟们没招了，没招了，今天更新完之后变成新号是怎么回事？，真没招了,2026/2/10,来自 红米K70E
52HZ,玩过 273 小时后评价（总时长 341 小时）,5,角色画风很棒，该有的机制也很好，福利也很良心,2026/2/10,来自 OPPO A系列
浅屿,玩过 413 小时后评价（总时长 446 小时）,5,25年周年庆入的坑，美工音乐很对胃口，抽卡福利相比其他二游丰富，零氪也能攒个几百抽。,2026/2/10,来自 小米24117RK2CC
我的声带处于量子状态,玩过 384 小时后评价（总时长 419 小时）,2,我要给明日方舟差评 杀熟300抽就四个六星隔壁朋友200抽九个 气死我了我要给明日方舟差评 给我发648源石撤回,2026/2/10,来自 Android 设备
杨杨,玩过,5,还行，就是自从有了维什戴尔，少了点脑子,2026/2/10,来自 Vivo V2049A
子逸,玩过 308 小时后评价（总时长 319 小时）,5,是不是改出货率了我看好多人都是十连双金,2026/2/10,来自 Android 设备
pittore,玩过 99.2 小时后评价（总时长 142 小时）,5,💎资源获取： 很方便，快捷，每天上线只单清理智的话，五六分钟就能搞定 🌃画面音乐： 好听,2026/2/10,来自 华为 MatePad
666,玩过,5,别说了大家都来沾欧气，我送的免费十抽出了两个全中，欧皇不言而喻,2026/2/10,来自 Android 设备
风之缔始,玩过,5,致所有打不过的卡关人们 经过数次试验，我终于找到了没有任何破绽的完美阵型，凭此阵型，过几千关都不算难事，而且成型简单。 因为不会上传截图，我用文字表达出来，如下。 括号代表泡泡，省略号代表如前。 1 阿斯卡纶 （M3）（M3）（圣聆初雪）阿斯卡纶，阿斯卡纶，阿斯卡纶。。。。。 2（M3）（萌萌香）（圣聆初雪）（M3）（萌萌香），阿斯卡纶，阿斯卡纶。。。。。 3 维什戴尔 维什戴尔 酒神 维什戴尔 （维什戴尔）（维什戴尔）（维什戴尔）（玛恩纳）（玛恩纳） 4 维什戴尔 维什戴尔 酒神 维什戴尔 （维什戴尔）（维什戴尔）（维什戴尔）（玛恩纳）（玛恩纳） 5（M3）（萌萌香）（圣聆初雪）（M3）（萌萌香），阿斯卡纶，阿斯卡纶。。。。。 6 阿斯卡纶 （M3）（M3）（圣聆初雪）阿斯卡纶，阿斯卡纶，阿斯卡纶。。。。。 这就是我的阵型，大家可以看到，这个阵型的灵魂所在就是以维什戴尔为主，因为维什戴尔是大范围攻击，一旦数量达到一定程度，可以全屏攻击，虽然单个伤害较低（dog），但是却可以靠数量取胜，而且无死角，又因为维什戴尔都种在水面上，不会降低火力。,2026/2/10,来自 Honor 90
🦊,玩过,1,抽卡太黑了,2026/2/10,来自 华为ADA-AL00U
Malttea,玩过 883 小时后评价（总时长 1003 小时）,3,我真搞不懂难得有一个想卫戍协议这么好玩的模式不春节复刻等到3月末复刻，扣扣搜搜的吊谁胃口呢,修改于 2026/2/10,来自 小米24122RKC7C
*,玩过 184 小时后评价（总时长 184 小时）,1,你就玩吧活爹游戏（补档4）刚玩vs现在，好难猜不杀熟，只抽限定池子这up也是无敌了83抽,修改于 2026/2/10,来自 Nubia NX789J
手机用户60301381,玩过,5,给我出货求求了,修改于 2026/2/10,来自 OPPO PGCM10
衣以候,玩过 1669 小时后评价（总时长 1671 小时）,5,看时长,修改于 2026/2/10,来自 小米13
手机用户101982657,玩过 1671 小时后评价（总时长 1702 小时）,5,抽卡资源给的还是很大方的，不氪金也能攒够井，就是皮肤动态做得有点差，剧情也比较谜语人，整体可玩性比较高，另外yj快把卫戍协议端上来啊😭,2026/2/10,来自 OPPO Find X3中国版
THINKIJG,玩过,1,这池子是真毒,2026/2/10,来自 HONOR ALP-AN00
土豆炒鸡排,玩过 2667 小时后评价（总时长 2670 小时）,1,哈哈210抽没年限，狠狠吸玩家血是吧,修改于 2026/2/10,来自 小米25053RT47C
手机用户66645352,玩过,1,可以，这很鹰舟,2026/2/10,来自 Android 设备
666,玩过 113 小时后评价（总时长 116 小时）,1,50抽出了一堆紫拉完了,2026/2/10,来自 红米 K70
手机用户82062873,玩过,3,我恨你鹰角我恨你我恨你我恨你,2026/2/10,来自 小米24117RK2CC
白兔子饲养员,玩过 4448 小时后评价（总时长 5119 小时）,1,鹰角，我超爱你,2026/2/10,来自 Huawei Mate 60 Pro
WWLACXX,玩过,1,抽卡黑的一笔,2026/2/10,来自 OPPO Find X8
肖逝,玩过 144 小时后评价,1,很好的副游，虽然抽卡难评但比米池好太多了 抽卡歪了，必须要来个差评 2.10两百抽出一个望,修改于 2026/2/10,来自 Vivo IQOO 13
逆子,玩过,1,又杀熟是吧你这东西，这两年吃两次大保底了，每次一攒起来玉就给我300抽保底，新年池又给我保底，一个年一个赫德雷一个澄闪四个陈一个初雪演都不带演了,修改于 2026/2/10,来自 Vivo X Fold3
狗龙神,玩过 730 小时后评价（总时长 1242 小时）,1,装死玩到极致的公司 训狗也是一流 不解决问题而是让玩家自适应,2026/2/10,来自 Huawei Mate 50 Pro
秋叶微凉,玩过 3095 小时后评价（总时长 3101 小时）,1,歪,2026/2/10,来自 Redmi K60
饭特稀,玩过 1334 小时后评价（总时长 1350 小时）,5,玩了两年了，剧情大部分还可以，游戏玩法比较有趣，无论是主关卡，还是肉鸽关卡，还有一些活动，都很有意思。干员养成简单，不像其他游戏要考虑各种装备搭配，可以氪金也可以肝，干员强度是溢出的，就算萌新也可以借好友的强力干员过关，推荐大家试试，坚持玩个一年半载的，你就会喜欢上这个游戏。,2026/2/10,来自 HONOR Magic6 Pro
行曜凌霄,玩过 575 小时后评价,1,特别杀熟，终末地也杀熟，老玩家爆率极低,2026/2/10,来自 华为MRO-W00
dop826,玩过 211 小时后评价（总时长 245 小时）,1,280没抽到望，这概率太低了。,2026/2/10,来自 一加手机Ace 3
羽,玩过 810 小时后评价,1,赶紧倒闭,修改于 2026/2/10,来自 Vivo IQOO Neo8
壮壮,玩过 670 小时后评价（总时长 672 小时）,5,是的是的，我们明日方舟是套皮的保卫萝卜,2026/2/10,来自 Android 设备
祁洛塬,玩过 85.7 小时后评价（总时长 117 小时）,5,我要杀了这个云玩😭 更新啊你更新啊😭,2026/2/10,来自 华为荣耀8X
心,玩过 1104 小时后评价（总时长 1157 小时）,2,放飞鹰角老冯，他妈的，300抽。每一个都是60左右，一个望没有,修改于 2026/2/10,来自 小米2510DRK44C
枭,玩过 2379 小时后评价（总时长 2418 小时）,1,不推荐,2026/2/10,来自 Android 设备
Vinty,玩过,5,云玩版本没更新,2026/2/10,来自 Vivo Y53t
扎比子,玩过 2220 小时后评价,1,依旧杀熟，25年初开始歪到现在,修改于 2026/2/10,来自 ZTE nubia Red Magic 6 Pro
曲项大鹅,玩过,2,没抽到过当期限定😅啥比鹰角,2026/2/10,来自 Redmi Note 11T Pro
可可萝天下第一（不看回复版）,玩过 2112 小时后评价（总时长 2130 小时）,4,新春不错 游戏是好游戏，不过鹰角下毒暗害我君我必须报复一下，过了这个版本再说,修改于 2026/2/10,来自 华为P40 Pro
User323128868,玩过 317 小时后评价（总时长 349 小时）,4,taptap云玩你要不还是切腹吧，怎么老是更新这么慢。从整十二点到现在还是没登进去，人家年限都快毕业了taptap玩家就这样失望的在界面刷新等着客户端更新，taptap你继续，云玩VIP一点也不苦一点也不累😭,2026/2/10,来自 红米 Note 9
猜猜98,玩过,2,目前120级，除了一些阴间活动之外认为整体还好，但卡池的保底太恶心了。翼德池200抽3六星，就是没翼德，新年池230抽一银灰，一麦哲伦，一陈，一赫拉格，限定呢？今年70抽黍。叔叔凯尔希池80抽一灵知。。。真的很劝退。,修改于 2026/2/10,来自 华为ADA-AL00
User418645002,玩过 165 小时后评价,1,保底全歪,2026/2/10,来自 一加手机Ace 3
听说。,玩过,5,第一个十连结束战斗，希望看到的都有好运,2026/2/10,来自 Android 设备
惨绿少年,玩过,5,非常独特的塔防游戏,2026/2/10,来自 华为Pura70pro
Lᵒᵛᵉᵧₒᵤ鳭٩(*´︶`*,玩过 718 小时后评价（总时长 729 小时）,1,歪了一年啊,2026/2/10,来自 Vivo IQOO Neo10
云游,玩过 2313 小时后评价（总时长 2398 小时）,4,怎么回事，TAP云玩打不开了，一直在跳更新，你是云玩，你不更新你让玩家怎么更新？,2026/2/10,来自 Honor Play 4 5G
特蕾西娅,玩过,4,tap要不你别干了，都充了会员，排队一个一个的进慢的要死浪费我时间，看着别人都出了望和陈，就我游戏界面还没进 🎮可玩性： 我没脑子 🌃画面音乐： 满分 💃🏻立绘建模： 😍,修改于 2026/2/10,来自 Vivo V2036A
穿靴子的猫,玩过 125 小时后评价（总时长 132 小时）,5,从19年玩到现在，绝对是市面上最好的副游,2026/2/10,来自 华为ADA-AL00U
睦子米,玩过 93.4 小时后评价（总时长 142 小时）,5,怎么说呢，24年入坑的小登，对德克萨斯和凯尔希一见钟情，目前双德已抽取但到现在都没有凯尔希，可玩性还是挺强的！或许前期的立绘cg不是很和你胃口，但毕竟已经是6年前了，画师也有在进步的！ 另外！请多多支持妮芙！,修改于 2026/2/10,来自 Android 设备
云澜与,玩过,5,快点更新啊啊啊啊啊，怎么那么慢😇😇😇,2026/2/10,来自 华为 Mate40 Pro
昂,玩过 3673 小时后评价（总时长 3776 小时）,5,我玩多久了啊,2026/2/10,来自 Android 设备
了毛毛,玩过,5,游戏是个好游戏 作为一个新手，我本来入坑获取玉的能力就差。 然后170抽2个六星。 我玩个屁呢 我忏悔我忏悔，明日方舟还是挺好玩的！,修改于 2026/2/10,来自 Vivo V1963A
Sorry 无意冒犯,玩过 335 小时后评价（总时长 380 小时）,5,明日方舟好玩👍🏻👍🏻👍🏻,2026/2/10,来自 小米Xiaomi Pad 7 Ultra
鬼鬼,玩过 899 小时后评价（总时长 907 小时）,5,什么！也没告诉我要更新啊！,2026/2/10,来自 Redmi K60
Flowers,玩过,5,游戏性很强，美术无敌，成功治好了我的电子阳痿,2026/2/10,来自 Vivo IQOO Z9
User452684810,玩过 959 小时后评价（总时长 993 小时）,4,💃🏻立绘建模： 好看超大杯 🌃画面音乐： 超大杯,2026/2/10,来自 Vivo IQOO Z9
旧,玩过 205 小时后评价（总时长 262 小时）,3,我已经被黄金大队玩傻了,2026/2/10,来自 Vivo V2507A
家有娇妻胡桃酱,玩过 1859 小时后评价（总时长 1876 小时）,5,维什戴尔还是太弱势了，需要加强😡,2026/2/10,来自 Android 设备
🍂落叶不定归根,玩过 734 小时后评价（总时长 737 小时）,4,方舟现在慢慢又有热度又越来越多人注意了，也会有很多人入坑，但是我每次看到有人拉新人入坑的时候都是净说优点不说缺点，说的有多好多好，你摸着自己的良心这游戏是不是真的有那么好，所以真的跟某些人去去魅了。我当初入坑的时候，我就觉得这游戏一堆毛病还死活不改，有一些该有的功能他偏偏不增加，还是近一两年才开始改善的，就像你吃苦药的时候，看到别人都有糖吃你其实也可以有，但他就是不给，一直憋着你，憋了你几年之后才悠哉悠哉的放到你面前，然后再拖你一个一段时间才给你吃，憋了那么久，你耐心早磨没了就为了那一口，其他啥都不管，吃到的时候啥怨言都没有，直呼好啊好啊。这游戏前期是非常难度过非常枯燥的，我第一次玩儿的时候就是因为太枯燥太无聊而且资源攒不起来退过一次，后面是遇到了一起玩的人才重新回坑的，这还是有人一起的情况下才回的坑，何况有的人即使是一起玩也不一定回坑呢?还有人说抽卡好抽，对，很多时候好抽，但是别忘了他的底子还是外游那一套，哪天抽风你就知道什么是噩梦，限定池300抽才只有一只当期限定的视频网上比比皆是，不要洗，我塑心池和银灰池都经历过类似的情况有足够话语权。有时候一些关卡设计也是纯恶心人，有时候关卡设计师就是用上帝的视角来看待，他自己当然知道怎么过最好过，但是玩家不一定知道。少人说是因为都习惯了这种情况，加上官方是真的不理，不然你以为小苹果是怎么来的。所以你要玩的话，你就不要跟风来玩，别人说好玩你就好玩，那是因为别人都已经熬过来了，你没沉淀个两三年哪来的好玩,2026/2/10,来自 Vivo IQOO Neo9 Pro
绫人的奶茶,玩过,5,很好的一款游戏，从21年开始玩玩到现在，中间有一段时间没玩了 因为新手太难玩了 ，要资源没资源 要角色没角色就特别难熬 后面慢慢又开始玩了，就慢慢摸索，一直玩到现在,2026/2/10,来自 Vivo IQOO Z9 Turbo
咻一口农夫山泉,玩过,5,不错，就是鹰角赶紧加强维什戴尔😃😃😃,2026/2/10,来自 小米Xiaomi 14
你好,玩过 240 小时后评价（总时长 313 小时）,4,哈哈哈，我看大家好像都挺有怨言的，有些人认为游戏好，有些人认为游戏差，额，其实作为我来说的话，可玩性还是很有的，呃，但是抽卡资源确实比较那个，我感觉这种游戏它就是，你要度过前期到中期就好玩了，我之前开了个小号，前期真的玩不下去，太缺了，什么都缺，到中后期就感觉有意思了，然后到现在的话，我感觉一般了，因为差不多有活动就打活动吧，没活动我就把理智一刷就没了，总体来说还是可以的,2026/2/10,来自 HONOR AMM-AN00
我的妈呀大姐,玩过,5,我寻思玩了这么久还没给舟打好评，等更新太无聊了来打一下…,2026/2/10,来自 Android 设备
浮华独畅,玩过,3,不是，什么情况？服务器还没有开？,2026/2/10,来自 Android 设备
一只鑫,玩过,4,这游戏我23年开始玩的，是唯一一款我玩不腻的塔防游戏,2026/2/10,来自 Vivo IQOO 12
711ViVi,玩过 549 小时后评价（总时长 613 小时）,5,要是没有肉鸽的话我撑不了这么久,2026/2/10,来自 HONOR AMP-AN10
假明,玩过,4,不是？这更新十分钟了才5％？这是限速吗？你每秒b速啊,2026/2/10,来自 Vivo Y78m
桑,玩过,5,刷b站刷到好多关于方舟的视频，于是就下来玩玩 ，其实还挺好玩的（我个人认为），一开始玩的时候都要两三次才三星，（本人现在才20 级）只能说本人对于塔防只能算个新手 ，不过角色的画风和剧情都很吸引我 （本人是剧情党 ），今天是新春版本 希望自己一发10连就出限定 ，也祝明日方舟可以运营更久！期待今年的周年庆版本 ，也祝各位博士们新年快乐！,2026/2/10,来自 Android 设备
铭雾（茶白乎）,玩过,5,好玩爱玩，角色好看，音乐赞，只是能不能多出点男性角色,2026/2/10,来自 OPPO Reno11
海上一小竹,玩过 492 小时后评价（总时长 541 小时）,5,这次更新只有我一个人卡飞了吗😈,2026/2/10,来自 小米25053RT47C
a-table,玩过,5,一款好游戏,2026/2/10,来自 HONOR JDY-AN00
林泪,玩过,5,明日方舟真好玩嘻嘻嘻嘻明日方舟真好玩,2026/2/10,来自 Vivo IQOO Z10 Turbo
卑微画稿人,玩过 1276 小时后评价（总时长 1407 小时）,4,好玩owo但还是有点美中不足,2026/2/10,来自 一加手机Ace 5
kingpurplesun,玩过 64.4 小时后评价（总时长 111 小时）,5,解绑立绘和局内特效呗,修改于 2026/2/10,来自 Nubia NX709J
User378870801,玩过,5,起初是太无聊了 同学推荐 玩的 在此之前是不喜欢塔防的 而且刚开始确实兴趣不高 有点无聊 但当时又有点非 35级之前所以一直在用低星打 唯一享受的是低星打过了boos关 中途退过坑 但是后面还是回坑了 也是因为无聊 再后来 慢慢六星多了 逐渐的好起来了 越来越喜欢打难得关卡 后面第一次打完ex关 第一次拿满腐蚀刻章 第一次打肉鸽 等等的成就感是拉满了的 现在明日方舟是我唯一的二游 很值得推荐 只是前期有点牢 而且现在入坑比我以前入坑好多了 福利基本拉满了 我以前打第三章boos时 连精二干员都没有 拿着精一幽灵鲨锁血和借了个精一叔叔打车轮战磨死的 现在开局一个六星一个五星精二 羡慕坏了,2026/2/10,来自 Vivo IQOO Z10 Turbo Pro
朝比奈真冬,玩过,5,就两个字好玩,修改于 2026/2/10,来自 iQOO Neo7 SE
着火的冰块,玩过 101 小时后评价（总时长 143 小时）,5,好玩,2026/2/10,来自 Vivo Y300 Pro
南黎归梦,玩过,5,求助啊，从没遇到过这种情况，版本更新安装包一直异常,2026/2/10,来自 一加手机Ace 5
荼蘼无声,玩过 393 小时后评价（总时长 547 小时）,5,兜兜转转又回来了，还得是明日,2026/2/10,来自 小米 15 Pro
来了来了刚刚有事,玩过 171 小时后评价（总时长 177 小时）,5,好游戏！是我有史以来玩过时间最长的二游。,2026/2/10,来自 Realme GT5
a冬,玩过 1112 小时后评价（总时长 1204 小时）,1,二编260210 给陈二次异格咋想的……策划运营shabiba —— 花屏第二天，mumu模拟器端花屏依旧没解决（图二） —— 这次更新纯纯负优化，大多数玩家都要求小窗回归，我在电脑模拟器上面玩小号会出现图一的状况…难崩哈,修改于 2026/2/10,来自 一加手机Ace 5 Pro
Shirokemu,玩过,4,有些皮肤稿能不能审一下，丑的真的不行了。但是游戏还是蛮好玩的。,修改于 2026/2/10,来自 Android 设备
空,玩过,2,爆率，设定，立绘，音乐都不错。 目前很缺理智，体验不好，即使每周有+100理智道具，打三四次本(10min内)又用完，恢复速度略慢。 希望好友能互送理智，重复得满潜干员奖励多点，增加玩家间互动，不要停下来啊！(指活动和维修(雾)) 补：材料爆率望提高，源石获取方式更多 . 本来打算不出年就退坑，没想到最后关头出货...但精二完就无事可做了_(:з)∠)_ 活动新关卡依旧没有，新年福利中等偏下 个人希望： ★战斗四倍速，现在刷合成玉太慢 ★基建一键订单，线索来源广(可兑换等等) ★玩家间互动性，例如组队，聊天，结盟....否则现在和单机游戏似的 ★干员互动性，例如好感度上限增加，达到要求赠送角色限定礼物或在主页可以动，干员生日时有特殊语音和礼物福利，生日关卡 ★玩家自身，改名，更改个性签名(为什么这功能到现在仍在测试中...)，有头像和头像框，主页背景可更改 ★关卡来不及做让玩家制作上传，通关奖励相对官方少很多，也可以以此评比 ★收集到的剧情可保留 我是外行人，但有些立绘看起来很怪，违和，或者与星级不符的简陋(明示夜魔)，是否考虑重置立绘呢 - 退游但回来加一分，新人物都挺不错的 - 回归体验过一段时间又退了，现在战斗依旧很慢，重复刷也得挂着界面，而且有各类玩法，奖励资源分散。攒抽数比较难，抽卡300井大保底，只有屯屯和氪金才能稳定出。感觉太累了～如果能保持在每天十分钟就能刷满下线的程度就好了,2026/2/10,来自 Android 设备
！,玩过 346 小时后评价（总时长 426 小时）,5,好玩，自从被朋友推荐入坑，就迷上这个游戏，不用充钱也可以跟大佬们一样体验到游戏的乐趣，每天清完体力基本就下线了，基建是我最喜欢的功能可以一键收菜有种菜园的感觉，游戏的画风和干员建模也是很好看的,2026/2/10,来自 Vivo IQOO Neo9
Amireux,玩过 33.5 小时后评价（总时长 89 小时）,5,好玩，爱玩，被同学带入坑的😋,2026/2/10,来自 荣耀 X30
壶觞蕴思慕,玩过 1505 小时后评价（总时长 1514 小时）,5,哎嘿嘿嘿，好玩好玩真好玩，几乎每个干员都没有重样的，虽然数值在膨胀，但是机制也在一直更新，数值也没有说膨胀得很厉害。非常好玩就对了,2026/2/10,来自 Android 设备
青柠,玩过,5,除了mc，pvz玩得最久的,2026/2/10,来自 Honor X50
deng deng,玩过 1239 小时后评价（总时长 1324 小时）,5,很好玩。整天就玩这个肉鸽，肉鸽好玩好玩爽爽爽，然后就是卫戍协议第二期咋还不来，急急急急急急，放我进门，我要抽卡,2026/2/10,来自 iQOO 9
a不是小学生,玩过 65.4 小时后评价（总时长 86.4 小时）,5,感觉不怎么好玩，有点太无聊了，主线难推，资源有点少，但是不得不说美术是真的nb确实好看就是不好玩,2026/2/10,来自 PC 客户端
雨中漫步,玩过,5,玩了五六个小时，感觉有点无聊,修改于 2026/2/10,来自 Android 设备
手机用户33724049,玩过 810 小时后评价（总时长 922 小时）,5,现在比以前好多了，以前到4点才更新完，现在从6点到12点更新。说实话还不错。如果以后能变成晚上更新，早上8点更新完就更好了。,2026/2/10,来自 小米24069RA21C
神秘友人A,玩过 353 小时后评价（总时长 401 小时）,5,好玩！,2026/2/10,来自 Android 设备
碎霜,玩过,5,很好玩，我司庭惊蛰出的时候入坑的，我小号星熊和大号瑶是免费十抽出的，祥子20抽2潜，周年庆的时候出了小号初雪和异拉大号银灰，前几天第一发就出了伊内丝，我运气比较好,2026/2/9,来自 Android 设备
当纳尼亚恩,玩过,5,打肉鸽时长最快的一次了,2026/1/9,来自 Huawei Mate 40E
Mikufans,玩过,5,算是游戏性比较高的二游了，25.7.17入坑巅峰期玩得真是不亦乐乎，肉鸽模式实在太好玩,2026/1/9,来自 Redmi K70 Ultra
Mini Pikka,玩过 2364 小时后评价（总时长 2411 小时）,5,玩了两个多月了，抛开更新慢长草什么的，大体上还挺不错的(可能是抽到了年的缘故) 更新:已经陆陆续续玩了五年了,修改于 2026/1/9,来自 Vivo X200 Pro Mini
拉吉,玩过,5,好玩,2026/1/9,来自 HONOR AMM-AN00
mamimai,玩过,5,多少分钟，我玩了五年了跟我说零分钟,2026/1/9,来自 Honor X50
Creation state,玩过 200 小时后评价（总时长 228 小时）,5,特别好玩 绝情也好 强度也不错 想对EW说的话 倘若我从未在意过你的强度呢？ 想对52 9s 42 新能源说的话 倘若我从未在意过你的强度呢？,2026/1/9,来自 小米24122RKC7C
暴走小狗狗,玩过 662 小时后评价（总时长 1049 小时）,4,入坑多半年 二游里面能长期玩不容易腻的那一档 抽卡这个事，充的越多歪率越高 不是重氪小月卡以外的东西全都没必要买 抽数日常不少给、活动不多给 另外也别给鹰角当孝子 你是玩家你是游戏公司的爹，别跪着，不许跪 像刁民关卡设计、新活动引导明显有问题 高难肉鸽做得也是想把结局打全了非常难打，强制延长游戏时长来提高用户黏度 总体来说、客观的讲：在这个比烂的时代、搁二游里粥算比较不错的了,2026/1/9,来自 小米24117RK2CC
！？？，,玩过 1684 小时后评价,5,总结塔防游戏 💃🏻立绘建模： 玩了很久，这游戏建模一直都很喜欢,修改于 2026/1/9,来自 一加手机Ace 6
fx,玩过,5,我玩过很多很多二游，基本上都是无聊了就退了，只有方舟是目前陪伴我最久的游戏了，我虽然入坑的晚，说不上有多少情怀，但是这个明日方舟我真的要夸他了！！！ 首选是他的剧情和世界观，非常新颖的题材，剧情也很精彩不老套不煽情，世界观的构造非常完善，我是一个重度智斗战斗主题爱好者，可以说方舟简直是我的人生游戏。 接下来是最吸引人的人物，美工这块可以说在我玩过的二游里，没有哪个可以匹敌了，（有些图大家都厕所见过，众所周知，咱们就别钻牛角尖了）风格也非常明显，俗称“舟味儿”，人设这块也是没得喷，角色人设做的非常立体，不管是一星，三星，五星，都有完整的角色故事，信息，而且不管多冷，方舟都会给皮肤！不会亏待每一个角色！ 而且，他皮肤几乎都不用充钱！！如此良心的游戏哪里找😇😇😇😇😇 这下来就是玩法这块，首先因为是塔防游戏，本事游戏难度是有的，需要一些攻略，我是前年，快年底入坑的，中间因为上学住校所以一周才玩几次，现在是77级，队伍已经成型了，可以说打有挑战性的关非常有体验感，因为我喜欢这种能动脑的游戏，现在方舟在这基础上还推出了各种各样的新玩法，之前玩家说单机无聊，后面就推出联机玩法，可以说很听劝了。 成长体验的话，并没有那么简单，前面就说了这个游戏是有挑战性的，但是萌新期的材料和资源还是比较丰富的，新手池里都是很适合开荒的角色，而且可以借助战角色，所以不用担心，前期的时候，角色晋级材料会比较难打，但是基本上啥游戏都是这样，所以也没有必要作为槽点，个人认为一个瓶颈期过了，养出一个自己顺手的队伍，就不会那么难受了，可玩性还是很强的。 关于大家比较在意的福利这块，方舟可以说是很会投喂了，每期新活动都会给，大型的年限，周年限期间更是福利满满，具体我就不说了，希望大家自己玩的时候比较有惊喜感。 音乐这块方舟是专业的，自己去音乐app找他的官号就知道了，可以说非常非常优秀，很多都是电影级别的。 现在比较热门的话题是关于内部的数值膨胀，确实存在这样的现象，但是这也是正常的，希望舟自己控制一下。 （图片是想给各位准备入坑的看看游戏界面，我这个是三丽鸥联动的主页面，我的退伍配置比较随性，有自己的一套打法，《其实我是轮椅队》，我喜欢谁就谁入队，我也不是强度党，大家不要骂我😥😥😥😥） 以上仅代表我的个人意见，大家不喜误喷，有问题欢迎来问❤️❤️❤️❤️祝各位舟批玩得开心❤️❤️,2026/1/9,来自 Redmi Note 11T Pro
佳期未若梦,玩过 265 小时后评价（总时长 316 小时）,5,回来吧卫戍协议呜呜呜😭😭😭😭😭😭😭😭😭😭😭😭,修改于 2026/1/9,来自 Vivo IQOO Neo9
👻👻👻,玩过,5,已严肃推荐,2026/1/9,来自 Android 设备
水中月,玩过,5,维什戴尔大人！我是最近入坑的，超级爽，爆率超级高,2026/1/9,来自 Vivo Y37
你瞅啥,玩过,5,赶紧把卫戍协议给我重新抬上来，指指点点,2026/1/9,来自 Android 设备
祊桦,玩过,4,很纯正的小登，游戏时长tap不继承但肯定不止这么点 号是之前就建了但是没怎么玩就退了，后面也陆陆续续听了一些粥的事什么的，然后25年母鸡卡联动给我整下回来了，把五个人皮肤和本体拿下后就一直玩下去了，兔兔的新皮真的好好看😭😭😭本来没源石了一直肝每天上线把两个皮和主题都拿下了太萌了😭😭😭 想问问各位有什么推荐练的，目前是打算先看看新年爆料看看机制，不心动的话想着攒周年庆池子来着，新年池出了乌尔比安这个我一直听好像很强貌似之后会练，号主是闪灵开局之前一直打不过TT感谢回游很快就出了saki，但之后陆陆续续丢了一百多抽什么都没有现在已经意识到开始攒了🥲🥲,2026/1/9,来自 YOU WIN P11
智能防腐,玩过,1,硬核不媚宅,修改于 2026/1/9,来自 Android 设备
无处不在的黄小纯,玩过,4,虽然我评分高点，但还是想问问，烛煌那特效，泰拉转神圣泰拉了？然后慈父打过来了？那绿油油的纳垢特效几个意思，不对，三技能放的时候动都不带动，还不如纳垢呢,2026/1/9,来自 Vivo IQOO Neo9
能登麻美子,玩过 126 小时后评价（总时长 324 小时）,2,隔了几年回坑怎么代入党的那一点生存空间都被挤没了，还有对博士用“他”是什么意思？我不认为贵司的剧本负责人有那个觉悟，准备用人字旁的“他”指代所有性别。异格银灰因为“我”提出加入俩妹妹一起玩而生气是怎么回事？为什么他的态度听起来好像“我”被他认为是一个男的？那么女玩家怎么办？如果游戏根本不能支持代入的话，为什么又要让所有角色都在对玩家用第二人称？我不反对博士有人设，也不反对部分女角色从一开始就把博士当成男的，但银灰并不是一开始就这样吧？明显是贵司最近感觉银博的楠桐热度上来了，所以给银老板安装了新插件吧？有必要吗？哪怕不是在这种有代磕之争、不同性别玩家之争的游戏里，官方突然麦麸也是会激怒腐女的。 随便吧，我回去厨小莫和拉狗了😊顺便随意磕点她俩和其他女角色的cp。 p.s.别来跟我扯粥最近加了很多男角色所以女玩家应该适可而止别叫了→首先我是95％钕铜浓度的泛性恋，现在退掉银灰以后已经变成100％纯血钕铜了，对男角色一点都不感兴趣甚至排斥，但尊重其他对男角色感兴趣的任意性别玩家。,2026/1/9,来自 OPPO PEXM00
Da Cap,玩过 283 小时后评价（总时长 320 小时）,3,怎么说呢，这段时间方舟越来越差了，草台班子越来越多，尤其是在难道说三测之后，问题包括但不限于：活动泄露，联动活动ex关缺少音乐，生日会错发蛋糕，“5星”异格，商店紫票兑换错误 我个人是古战场入坑的，见证了方舟起起落落，但是吧……游戏越来越变味儿了，希望以后能变好吧,2026/1/9,来自 Vivo Y78+
潇䊍,玩过,5,好玩爱玩,2026/1/9,来自 Vivo IQOO Z9
岁,玩过 685 小时后评价（总时长 722 小时）,5,除了舟，还玩过其他很多抽卡游戏，舟游戏性没的说，肉鸽，卫戍协议都很上头。 现在很多二游抽卡游戏都是挂机游戏（大世界除外），没游戏性可言。抽完卡往那一放就是自动战斗，自动过副本。像棕色尘埃，闻鸡起舞什么的也都玩过。灰色尘埃也算优秀的二游了，但玩法依旧是挂机，配队的话讲究一点属性针对吧。 强度膨胀的话，也没那么严重，开服四大基石棘刺，煌，塞雷娅，玩了两年了现在也有在用。半月卡党吧，有时候会不充月卡。三百井井过两次，祥子，man，黍也都有，但除非压力大我还是会带老基石，玩着有感觉。尤其是煌的钢笔皮很是喜欢。祥子，酒神，熊大抽到后还没用过几次。老角色放现在完全能打。能天使某些时候也会带，虽刮痧但刮得猛。 有人说出益达破坏了游戏性。益达的统治力的确很强，但是出了一年有余了吧，现在依旧是t0，很保值了吧，一年多了还是无敌战神。说破坏游戏性的，觉得超标可以不带呀，游戏玩成什么样是你可以选择的。我玩肉鸽第一顺位就不是益达，也没益达开局过，因为我觉得益达太超标了，会让游戏失去乐趣，所以我会ban了益达，只有在肉鸽后期实在是需要了，不然就完蛋了，才会抓一手。 舟肯定是有缺点的，但是在现在环境中还是很能打的。,2026/1/9,来自 Android 设备
小蛇,玩过 204 小时后评价（总时长 270 小时）,5,中等入坑五个月，自从拿下雪山兄妹，box成型后就再也没有借过维神啦，也是刚刚升变好阿米娅用上了新皮肤嘻嘻(*∩_∩*),2026/1/9,来自 Redmi Note 11T Pro
！,玩过,5,我是三角洲时期入的坑，原先好像是想着看看好不好玩，熟悉了一下就退了坑，往后最近又突然想起来，我好像没有剧情，好像还没看，而且我还没品一口所以我又回坑了，发现剧情好看，因为最近才入的坑，原先就过了一个新手教程就删了，立绘建模超好的，不愧是鹰角，看到的那一刻，我就感觉我没白费，虽然我是个新手博士，才六级，但是我想，我只要狂肝剧情，应该就能升的多了吧？然后，不敢磕CP，因为怕被骂，只能偷偷的啃一点，因为年底了，福利给的也多，也是爽到了，我才打到二，主线的是，一的已经打完了，二的还在打，三的没有呢，打到那个异卵同生，然后还在往后打，现在就想问一下，因为我新玩不久，往后再狂肝，就是这个异卵同生有多少关才能打到第三个？我想看那个剧情，我听说预言家的剧情和普瑞赛斯，在网上一查，也是爽到了，但是我听说有那个情人节的问卷，因为我想我一定要去搞一个，因为玩方舟玩爽了，然后就想着我填一个，结果发现是蓝色，不知道会不会根据剧情变，然后呢，我有的干员，也不知道该怎么培养，就是觉得稀有度高的好，所以我把稀有度高的全升了，然后自我感觉我对阿米娅的印象，也是十分的好，所以第一次精英化，他是唯一一个精英的，因为我只有那一个券，而且因为不知道怎么进烟花，就那一个，所以我看的比较珍惜，然后就给阿米娅用，不喜勿喷，真的，因为玩的很少，才玩了不几天吧，才玩了一个星期，我的名字叫，苏阳，当时也不知道我什么时候脑子抽的起的这名字，就是明日方舟的名字就叫苏阳，后来又开了一个号，是我姐也想玩，极力推荐他入坑，然后他玩起的叫博士，天才般的想法，然后她也没怎么玩，就过了个新手教程，而且竟然还有彩蛋，断网大退有彩蛋也是用心啊，反正因为是新手，所以也是不知道这么多，只会看例，会看彩蛋，看剧情啥的，而且剧情看的也不怎么多，而且也没有事项的碎片，就是解不了，所以我也比较片面呀，要是骂的话，能给我提出点好的建议吗？谢谢你，好心人，因为实在太垃圾了，完全不会养，最后一张图片是，我在网上找的罗德岛标志，不喜勿喷，真的（｀Δ´）！,2026/1/9,来自 华为荣耀9X
皇极,玩过,2,游戏挺不错的，就是感觉宁愿充其它游戏都不愿意充这游戏。福利低，经常出一些没什么用的角色，刚回归第一天先小充了个三十跟月卡，充完就后悔了。该充其它游戏的。,2026/1/8,来自 小米24117RK2CC
Fish,玩过,5,抽卡资源容易搞，不像米池那么恶心,2026/1/8,来自 小米25079RPDCC
彩色蜥蜴尾巴,玩过 67.9 小时后评价（总时长 130 小时）,5,很好玩的塔防游戏。美术很精美，是我玩过的二游里最精美的，剧情也很有意思，也有很多耐玩的内容,2026/1/8,来自 Honor X40 GT
已黑化,玩过,2,数值膨胀太快,修改于 2026/1/8,来自 小米Xiaomi 17
玩什么游戏去学习吧你2,玩过 60.3 小时后评价（总时长 356 小时）,5,这个游戏的出金率真的特别高,2026/1/8,来自 Android 设备
松饼,玩过,3,真的太有游戏性了，可你后面超大杯角色一个接一个，大部分关卡上维神根本不需要动脑子,修改于 2026/1/7,来自 Android 设备
梦.光,玩过 870 小时后评价,5,欢迎大家入群来玩，里面人说话超好听都很温柔和蔼，大家都很喜欢明日方舟的美美角色（尤其是夕）,2026/1/7,来自 一加手机13
落叶随风起.,玩过 517 小时后评价（总时长 528 小时）,5,好玩,2026/1/7,来自 小米Xiaomi 17 Pro Max
狱嵐,玩过 1236 小时后评价（总时长 1267 小时）,3,能玩，其余别深究，特别是剧情,2026/1/6,来自 Vivo IQOO Z10 Turbo
灆色の魔力ぁ,玩过,1,卡池一坨,2026/1/6,来自 Android 设备
夜斗,玩过 24 小时后评价（总时长 27.6 小时）,1,角色全是歪掉的，没有培养过程,2026/1/6,来自 HONOR PPG-AN00
断簧,玩过,2,26.01.06年前就在说不想设计模组可以不出，这么喜欢敷衍人，那不如把这模组设计师发配去zmd，给本家再招个人类吧 26.01.03苇草几个皮肤了？忍冬的皮和二模呢？ 25/12/23草包运营是一点不变，zmd那边的抽象运营感情不是新来的，干脆就是本家这边的是吧 25/12/05经典7攻速0提升 23/09/02不会出模组可以不出，丫丁fm 21/11/01/虽然这次活动剧情很棒，设计也很有意思，但是我吃井了，给个差评也算合情合理吧 21/10/24藏那么多东西干嘛呢，过年吗？ 21/4/15开服老咸鱼玩下来，除了抽卡经常两三百抽抽不到以外，别的都还好,修改于 2026/1/6,来自 Vivo X300
shadow ash,玩过 542 小时后评价,1,服了能不能别把时装奖励塞高难任务里面了。。或者就像之前能硬刷出来也行。看上石英皮了你上来就是两百多分，商店还不能换。当初为了夜半和锡兰花时间反复重开引航者试炼还能感动一下自己，那个时候还有激情。现在的高难玩着只有血压了，第一次接触合约是光谱，纯自摸套路也能拿个12到16这样，想要什么时装拿300代币直接就拿了。到现在不知道你是觉得玩家水平普遍提升了还是说做了ew这玩意出来就得想办法把所有物理卡都清算一遍。。 整个四年下来最有好感的一段时间是银淞止境更新期间（内容拓展之前）。那时候前两个肉鸽都没玩明白过，就莫名其妙的，可能只是因为觉得寒檀和凛视很好看就玩下去了。后面dlc往前两层塞的事不过四等等狗史关卡直接让体验大打折扣。但是银淞止境我好歹还是全章镀层155了，就是愣刷也算是拿到自己想要的了。 然后你就扔出来几坨大的，包括但不限于纷争演绎、尖灭测试、第二次生息演算。 你既然懂得设计好高难，难道就不清楚不同的人想要的是什么吗？一直打高难凹少人的那些人追求的难道是你定的奖励吗？很显然他们追求的是挑战本身，你定的任务只是参数。既然如此为什么时装奖励这种牵扯到普通玩家喜好的东西要一再被你抬到一个费很大劲才能够到的地方？ 是，我可能爱好某个角色，你作为设计者有权让我为她付出时间和精力。但是要知道你放在高难里的好些时装角色是没有二皮的。我花了四个小时反复刷的引航者试炼锡兰时装还不是亲妈画的。锡兰推看到缠丸的18石时装要掉小珍珠了。 补一下吧，有些东西实在是不吐不快。整个界园玩法上真挑不出什么优点。粪怪是无脑塞的，发育是卡死人的。小刻肉鸽没参与过不评价，傀影的打的少我也不好说。水月、萨米、萨卡兹都是满奖励全章镀层，界园是头一个我连着五层找架打到最后连阵容都凑不出、藏品还一坨的神必肉鸽。不进洞？希望都不带给你的。进洞？三条杂疑卡死你，赶紧滚去小绩绩那里自残吧。要么就是战斗。你点火了吗你就战斗？架都没有给你打的。点火？招募券拿来吧，别想着抓别的了。喔，好不容易有架打了，结果刚在小绩绩那噶了腰子，阵容稍微差点就被锅碗瓢盆强健吧。你最好不是在学早些时候的某轨道膨胀神游造个流萤宇宙出来，整个电弧的界园志异，电弧麻麻可爱捏，是因为你界园设计师小时候母爱缺失所以要在这个模式里塑造一个自己幻想的麻麻对吗？ 弧光行动，再补。黑桥等见货设计能不能扔到锅里面拿🔥烧似啊。地板减攻速是nm智力正常的人能放进来的东西吗？小怪出的也是纯贱呢，一刀打上来快给你伊神踹开线了，真清起来又爆不了几个费。然后就直接把你那弱智火箭车放上来了，下阻挡位、把十字路口控住，还得看着你tm左上角那条粪路线明摆着拿来偷鸡的盾卫。一轮清完费回不上几滴技能全给恶心掉了，这是tm时装奖励的220，那你就做你的💩山艺术吧，不会做机制就滚出设计部门行吗？拿皮雁填数值的活计谁上都能干的。别拿策略性说事，你自己看看这游戏现在这一坨里面有一点耐玩的趣味性吗？想拿个纪念外观性质的奖励还得做你的神必算术题，吃💩去吧，搞清楚你的身份。我是消费者还得惯着你吗？我嫌你恶心，就是你的问题。夏活玩法也是一坨，是，东西做简单了，结果玩下来机制跟关卡完全是脱节的。现在的关卡设计是真的对创意这个词有很深的误解，如果不是，那就是纯粹不带脑子做设计。自己想得天花乱坠，实际投入使用却完全没有普遍的影响力，就跟tm高中生的论文一样，谁来都能学着套格式，只有带脑子的人才能做得有意思。那你凭什么在这个岗位？你比其他人的优势在哪里？要么你就把时装奖励给放到一个它该在的地方，这样省得花了时间养成队伍的还要动脑子去吃你在tm会员制餐厅搓出来的雪。要么就动动脑子把机制引导和地图做明白，别跟个孤儿似的端上来一坨不过脑子的东西让玩家帮你动脑子解决。 还是早日似了吧真的，25一整年的ss没有一个像人类做的设计。能看出来是相当会搞创意的，但要么就是像tm雪山那样按头交互，逼着人调编队，完事真打起来体感自己花时间练的角色都不怎么能发挥。要么就是夏活那招笑弹珠，你把它和那意义不明的贩卖机一起从关卡里直接删了都不会有什么割裂的。能不能最起码搞清楚你tm是个养成游戏，不给个最基本的养成反馈，整体捣鼓那堆抽象缝合尸块机制，像什么锁地板一块一块点亮格子隔着八百里给你放个数值远程怪，吞角色的那玩意儿给加个近地悬浮（纯粹主线那个怪的机制直接拿来硬套）拉特兰的那个锁攻击射手稍微改改再一缝，诶，符纸这一系列怪就做出来了。 纯粹为了繁琐而繁琐的设计，要是驾驭不了机制和数值平衡那就老老实实做常规角色和关卡呗，一整年下来隔三差五就是这个强度又爆炸了那个又改变什么环境了，你tm自己清楚你在做什么东西吗？我为了你界园那点蚊子腿把树刷点满了然后一进个紧急那符纸跟tm牛皮藓似的就糊我脸上了，阵容差一点都碰不得呢。那我tm花时间和精力做的局外养成是喂🐶吃了是吗？胡局是千篇一律的都无感了，烂局那可是各有各的不幸呀。胡是胡的加成，跟我的策略甚至于操作那真是半毛钱关系都没有，就nm前三层上个酒神混着混富了后面就过了，碰见全战鬼洞那只能说完全不发育呢，三层一过后面就等着穷死吧。这就是声名远扬的集成战略呀，真是太有运营乐趣了吸吸。,修改于 2026/1/6,来自 Huawei Nova 9 SE
AoTe,玩过,5,这游戏我想入坑，有什么要注意的吗？,2026/1/5,来自 Vivo IQOO 13
乔悸渝,玩过,4,想知道联动有可能复刻不。刚入坑没啥资源没抽到丰川祥子。,2026/1/5,来自 小米 Redmi 10X
天击将军,玩过,5,好玩,2026/1/5,来自 Vivo IQOO 12
玛丽莲梦月,玩过,1,没意思,2026/1/5,来自 Redmi K50 Ultra
樂,玩过 322 小时后评价（总时长 359 小时）,5,老舟再活五百年😋好玩爱玩,2026/1/5,来自 一加手机Ace 6
User418727420,玩过,4,其实作为一个开服老登来说，在粥初期花废了很长的时间养成，也充值了个小5k。对于真氪金玩家来说不算什么，对白嫖党来说也算是充了不少的。 对于粥来说，最大的遗憾就是没办法再坚持下去。 不断更新的强度和机制和各种联动新角色（想抽），让一个上班结婚的老登肝不太动（✓），主要是没时间看故事了 其次就是，成也文本败也文本，忘记具体是哪个版本了，不过文本夹带私货，差不多在重返彩6联动的时候逐渐退坑的。 相当于其他游戏，对粥还是很有感情的，粥火起来的原因，我认为是超大的文本量，世界观为基础的二创 希望粥越来越好 （个人建议，可以加入一些跳过剧情的简笔画或者q版画，基本上从塔塔过后也没怎么好好看过剧情了，但是又有点舍不得，又没时间看的窘迫）,2026/1/5,来自 Android 设备
so， here,玩过 372 小时后评价（总时长 393 小时）,1,用手机打个肉鸽能两天给我卡死两次，还在这说要上pc端要出终末地，就这么指望着老玩家给你爆金币是吧？ 没抽到一年新出的干员，打个界园肉鸽都是要赤石，一吐槽你游豢养的孝子就说谁让你不抽了，一提起自己从隐德来希池子到惊蛰池子连歪六次，周年庆半周年庆限定都能歪出ew来，你游孝子就说自己没抽出来怪谁。由此可见，鹰角的萃取结晶技术是整个世界上最好的技术，它萃取出的孝子纯度100%，我们称之为鹰晶。 这么能歪咋不见你不给我60级40级的小号歪呢？之前抽2226，我跟我朋友的号，一个106级，一个120级，保底都出了异德;另一个一个70级的朋友，5发出了2 2226;抽黍，自己号上150发一个山一个早露一个vvan，朋友120级抽了200抽才抽出黍来，自己小号20发两个全抽出来;抽妮芙，我歪了白铁，我朋友也歪了白铁，然后一问群友，出了没?出了。歪了没?歪了。歪了谁啊？歪了也都是白铁，哈哈。 鹰角最擅长的就是给玩家画个饼，新手的时候框框出以为自己运气很好，等到8090多级了用户粘性有了，之前出的退环境了，要抽新的了，给你次次保底5个歪4个还觉得只是是现在有点非;异格个啥角色，孝子们拿着放大镜在剧情里找到点蛛丝马迹，社区里一起高潮，对上了，轴!现在觉得新玩家不入坑了，继续给老玩家画饼，陈要出二次异格了!那斯卡蒂呢？那送葬人呢？那能天使呢？厨子们一激动，它可是陈啊!斯卡蒂啊……不抽是同!是不是现在有了界，sp ，是不是还要有界sp，谋，乐，武，友，威，势，神，星?为啥不出新角色呢？因为没人买账了只能继续消耗老玩家情怀。二次营销，资源利用，鹰角不仅是个畜牧业发达的畜牧公司，萃取结晶处于行业顶尖的化学新秀，还是个善借概念的营销公司，懂得运用资源的环境友好型公司。 只能祝贵公司还是别忘了自己是游戏公司吧。,修改于 2026/1/5,来自 Android 设备
李十一,玩过,3,可能是个人原因吧，对这种类型没有很多热情，而且卡关有点儿严重，活动没有感觉，就是很无聊的。文案也那么长不知道为了什么,2026/1/4,来自 Vivo IQOO Neo10
温水煮赖克宝,玩过,1,六星推荐😋yj快给我号爆率调高点快被抽成m了一下歪俩个臭中杯让我这个小登很难办啊,2026/1/4,来自 Redmi K60
小羊我吃吃吃吃吃,玩过,5,这个沙洲遗闻，我不知道是怎样一个活动，想点进去看看，然后马上就被教程硬控半个小时什么也做不了，甚至不能选择退出活动。能不能不要搞这种傻瓜式教学硬控玩家。至少留一个退出按键，让我可以选择退出吧？硬控就算了，控我半小时跟着教程做半天这个完全不喜欢的活动出来发现什么奖励也没有，半夜给我气笑了 还有就是战胜/战败语音，可不可以留一个开关的设置，或者能让我选择听/不听某个角色的语音，杰西卡的战败语音听得我牙痒痒,修改于 2026/1/4,来自 Vivo IQOO Neo9
wyp,玩过,1,优点缺点交叉，最大的问题应该是运营，本来我觉得分可给个七到八分，但是跟三角洲的联动让我只想打一分😅,2026/1/3,来自 Android 设备
User686003520,玩过 30.4 小时后评价（总时长 131 小时）,5,咕咕嘎嘎 终末地什么时候出啊,2026/1/3,来自 OPPO K12x 5G
UI,玩过 340 小时后评价（总时长 430 小时）,5,个人非常推荐，对于零氪党友好，皮肤易获取，各式各样的角色，也具有很强的策略性，打过的时候，你会获得一种快感，每位角色都很好，入坑了好几个月，抽卡资源也易获取，角色强度迭代不快，老角色依旧抗,2026/1/3,来自 Android 设备
风权,玩过 406 小时后评价（总时长 439 小时）,5,好玩,2026/1/3,来自 Honor Play 40 Plus
zero8123,玩过 86.7 小时后评价（总时长 119 小时）,5,对于我们这些时间及其碎片化的游戏玩家来说 这无疑是一款佳作,2026/1/3,来自 PC 客户端
奈何,玩过 6 分钟后评价,5,我想问为什么这么难，我想要一个澄闪为什么就这么难，她每次复刻我都去抽，虽然每次都抽不到但我也没放弃，我特别想要就充了两个168的礼包，结果没想到给了我两个灵知唉三分之一的概率就让我碰到了唉，导致我想放弃这款游戏。 说实在的我都想给一星差评，毕竟这个游戏陪伴我时间最长，我也很喜欢去玩这款游戏唉，这个168属实给我恶心到了，建议这个礼包你把有的就不会再抽取到。,2026/1/3,来自 Vivo IQOO 12
归来,玩过 113 分钟后评价（总时长 4.3 小时）,5,好玩！,2026/1/2,来自 vivo Y200i
桂花雨,玩过 175 小时后评价（总时长 187 小时）,5,作为玩了五年的牢博士，倒是强烈推荐了 💃🏻立绘建模： 好看，就是有些画师实力不稳定，容易出现鬼图 💎资源获取： 比较简单，两个星期一个十连，就是攒不住各种养成资源 🧝🏻‍♀️角色人设： 颇为圆满，就是有些人现在都没剧情 🎮可玩性： 作为副游玩已经不错了，作为主游确实不行 🔖运营服务： 鹰角有时候会搞冷处理，但是该有的优化肯定能等到,2026/1/2,来自 华为 nova 6 5G
狱岸,玩过 7.8 小时后评价（总时长 7.8 小时）,3,整体下来还好吧，但没有让人长久玩下去的欲望，只能说美工一会好看一会不好看，剧情同上。,2026/1/2,来自 Android 设备
祈願花霧散,玩过 15.5 小时后评价（总时长 33.5 小时）,1,神人游戏，完全没在乎过萌新的死活,修改于 2026/1/2,来自 Android 设备
天天吞吞吐吐,玩过 422 小时后评价（总时长 436 小时）,5,四周年入坑，中国二游半壁江山实至名归🙌,2026/1/2,来自 Vivo V2080A
02,玩过 202 小时后评价（总时长 219 小时）,5,好玩，快入坑,2026/1/2,来自 Android 设备
拉普缺德,玩过 1161 小时后评价（总时长 1173 小时）,4,纯草台班子，八个方向随机泄露😅,2026/1/2,来自 小米15
还发不发货,玩过,1,数值有点膨胀,2026/1/2,来自 Redmi K60
萌新,玩过 116 小时后评价（总时长 136 小时）,5,💃🏻立绘建模： 好！！！！！！！！！！！！！！！！！！！！！！！！！！！！！！！！！！！！！！！！！！！！！！！！！！！！！！！！！！！！！！！！！！！！！！！！！！！！！！！！！！！！！！！！！,2026/1/2,来自 华为 nova 6
Aimiya,玩过 9 分钟后评价,5,呵呵，这游戏就是买个皮肤,2026/1/2,来自 Vivo X200s
碳基生物,玩过 226 小时后评价（总时长 235 小时）,4,还行，放二游算好作品了,2026/1/2,来自 Android 设备
豆腐泥,玩过 249 小时后评价（总时长 262 小时）,5,人物都好漂亮,2026/1/2,来自 Realme真我GT7 Pro
克洛丝老公,玩过 162 小时后评价（总时长 164 小时）,5,夯中夯，不同于其他的卖肉为主二游和部分逐渐商业化二游，存活时间长且趋势稳定，社区氛围非常好，节日福利和期中角色给的评语价值很足，文本阅读因人而异，剧情音乐没的说绝对大制作,2026/1/2,来自 Vivo IQOO Z9
Mukeler,玩过,5,剧情不错，就算全跳过也可以看动漫补，小人物也有很多刻画，刻画的很好,2026/1/1,来自 一加手机PHP110
读书,玩过 139 小时后评价（总时长 172 小时）,5,本来是不喜欢这种类型游戏的，但玩了之后就停不下来了,2026/1/1,来自 OPPO Find X7
风起＆离殇,玩过,1,没话说，不如把兜帽人删了算了，反正也是路边一条,2026/1/1,来自 Android 设备
白行空,玩过 74 小时后评价（总时长 865 小时）,3,可玩性 推关卡，积攒养成资源，再推关卡，再积攒养成资源，这就是我玩这款游戏的流程。现在演习免费了六分钟一点理智回复已经影响不到我了，每日就是打卡上班，游戏签到社区签到，做日常做周常拿点蚊子腿奖励，时不时打打肉鸽，新活动出了就打几关，基建玩法确实是独特的不得不品鉴的一点，每日稳定收菜还是很不错的，合成玉也可以自己搓非常nice了。 画面音乐（我体验较少） 没怎么注意，我平时都是静音玩的游戏，剧情画面最近也不怎么看了（感觉剧情充满了童话感和理想化特色），这几次过肉鸽时，有些场景里的音乐专场不是很好，画面与音乐不同步有点意犹未尽。 运营服务（怎么反馈？） 官方还是听劝的，做出的更新行动时有的，但是感觉意见反馈和玩家感受到的体验之间缺少直接渠道，问题出现但是及时的措施少。 策略性 看平台视频就知道了，解关的思路不是一成不变的要结合自己拥有的干员去实际分析下具体解法策略性强，看B站的生态可以看出，低配，挂机，资源规划，自限，高配，二创这些内容非常丰富，优秀up主很多，而且新人up主也是有的，创作环境蒸蒸日上。 结束语 话说我玩了快一年了，topAPP怎么不显示游玩时间啊？怎么回事？有大佬懂这个的吗？,修改于 2026/1/1,来自 OPPO A3 5G/A3i Plus 5G
Hzq,玩过 141 小时后评价（总时长 320 小时）,1,记得一定要在使用期内用掉干员兑换券，yj不会发邮件提醒，过期不会有任何补偿，直接168rmd打水漂，一定要记得,2026/1/1,来自 Redmi K70 Ultra
宁次我老公,玩过,2,纯纯杀熟啊，不充钱就绝对不给你出，六年老登心寒,2026/1/1,来自 Honor 90
沐日羊,玩过,1,一星给立绘，因为我非，所以就一星,2026/1/1,来自 红米 K70
TaPTaP,玩过,5,很喜欢可惜玩到阿斯卡纶的池子时退坑了一会儿没有ew,2026/1/1,来自 Android 设备
User434052696,玩过 362 小时后评价（总时长 362 小时）,5,阿米娅好看捏,2026/1/1,来自 Vivo Y36s
星火,玩过,5,终末地我是真不清楚是哪个脑干萎缩的人想出来的，广撒网，测试资格还要靠运气，搞没搞清楚受众群体是哪些人？游戏游玩上你给整那么肝，那我干脆去玩原神星穹铁道去不是就完了吗？烧那么多钱我也不知道是闲的钱多还是怎么着？希望后面明日方舟这边别崩，别瞎搞，就2025年数值爆表的那是一个接着一个出，这是一个休闲类塔防游戏，别给整成氪金爆数值的游戏,2025/12/31,来自 华为SLG-W10
哈姆说道理,玩过,4,一句话：好游戏，坏运营。 不过玩法还是挑人，有一些便利功能更新太迟 新人要入坑的话（社区少看为妙，每个游戏底下都会有串子，神人，带节奏拉踩的，要看社区就看那些轻松二创，友好的） （这些游戏各有千秋长短，偏好休闲养老的，可以考虑这个） （运营能做好了，那这游戏就挑不出毛病了，鹰角总部，氛围疑似过分悠闲轻松。）,修改于 2025/12/31,来自 Android 设备
玲,玩过,4,如果萌新推的太快了后面是很难打的亲身经历福利很好基本上都是挺好的就是后期你不能只依赖借的角色后面是真难打我真打不过了而且攻略都是没用的客观评价我真没收到过有用的攻略原本是想给兔兔穿新衣服但是就是卡关所以我先退游了我已经被打红温了还有爆率还挺高的基本我在20抽以内我都能获得六星😋,修改于 2025/12/31,来自 Android 设备
.,玩过,3,太非了,2025/12/31,来自 Android 设备
极限舰长曦曦,玩过,1,我當時真是周p發電 画面音乐🌃： The new age is upon us. 🎶 Ten Nine Eight Seven Six Five Three Two One We have a lifted off（总辖入场） 🎶 12.31，🦅哥幹了什麼可以讓一個周p美好的打下1分呢？ 看到一大堆別人說的跟我差不多，我就不概述了 不過牢🦅就這麼恨棘刺嗎？因為第一次夏活⭕米失敗當不成收米🦅哥？ 不過也是強的 🦶哥。硬著頭皮把復刻活動沒原石推下去了，周p真是雷聲大雨聲小，後面就復刻改成了會復刻當時的up角色，沒有的復刻原石怎麼辦，給個你點紫票算了，忽然想起來，這入但是出個公文包還想把4爺，5爺的復刻信物給弄沒 之前真的是年年夏活有好活，一直想在夏天收米的🦅哥在丟三落四的假日首先實現了抱負，一堆亂起哄的周p不沖yj搞限定池，反而炒什麼水月被偷技能這些，你🦅哥早應該半死不活了，結果出來個臨光活動肘回去了，貓哥又搞什麼滬上第一夢想家人設，出了小毛病還有什麼笨笨yj護著這掃碼公司，跟別人解釋，別人表一個“那咋了”的態度真是鬧麻，二遊經典畜牧業頂中頂。 不管了，先去把我的清流皮膚改成泡泡先，什麼？已經改了嗎？怎麼是熱更新，我的散裝月卡呢？別逗你🦅哥笑了，還是看看你🦅哥有來自星塵之後的時尚小垃圾頻發吧,修改于 2025/12/31,来自 Android 设备
放开那个仙女,玩过,1,界圆真是一坨😅,2025/12/31,来自 Redmi K60
氻楠,玩过,2,一颗给立绘，角色都很好看 一颗给玩家，玩家挺热情的，社区群里问是真会回你 后面全是恶评，别看 我还是头一次玩这么抠搜的游戏，一个主卖卡牌的游戏，那剧情是没声的PPT你敢信？别说给看动画了，撑死给你几张盯帧，这游戏是有战败图的吗？我刷到一个视频说拉普兰德战败那模样有变化？那变化真的可以说是聊胜于无了，那主页面看板娘，甚至都不舍的给做个独立动态建模，就一张立绘贴上去，一点交互动作都没有，你按一下她会和你说一段长篇大话，扣成啥了，对于我一个几乎不玩塔防，只玩过植物大战僵尸的人来说，这游戏真的很折磨人，也不了解怪物特性，也搞不明白你那乱七八糟一堆属性，在凹了好几遍后 实在受不了，想试着问问好友，摸索了半天，都跑别人家里去了，都没找到聊天框……你游是纯封闭性游戏吗？完全没办法沟通的吗？虽然我不怎么爱社交，但像你这种完全没有社交的游戏我还是活久见了，说到好友，就不得不提你那助战了，这都得抠搜着来吗？本来就很难加到大佬了，20来级以后，还没办法刷到百级玩家的高级干员，撑死只能刷到30来级玩家的干员，这是何意为呢？嫌萌新卡关卡的不够严是吧？后来实在打不过去，就去网上找攻略吧，第一次搜是去找萌新要养哪些角色，看的人是真的一头雾水，老长的视频看着那些干员属性，下的又一分支，完没有看下去的欲望……然后又去嗖了低配过关，好吧，至少借一些强势干员一些关能平推了，推不了也能抄作业慢慢凹了，关卡凹过了，体力没有了，怎么办呢？接着去坐牢打你那不用体力的活动咯，这个也打的一头雾水怎么办呢？找攻略，又是老长老长的攻略，看一眼就不想肝了，一个沙漠的靠连点器刷完了，另一个没办法只能凹了，功夫不负有心人也算是凹过了入门关了，以及为什么你游可以抠搜成那样，甚至给的体力包都得限时啊？第一眼看到还挺纳闷的？防回归玩家吗？还有你那新手任务，他原来是不限时的吗？我看了社区才知道，那限时的是材料本！你那要求要三个分支的人，卡了我好久，真是亖全家的设计，生怕别人误解不了，你游的xz，精神股东也是能和米游平分秋色了，我还是趁早跑吧，如果我是先玩你游再去玩米游，估计会觉得米游是国宴了，但很可惜，打了你游的关卡，我甚至觉得阴阳师秘闻都眉清目秀了，那活动关卡更是亖全家了，真是又抠又难，粗略算一下把所有限时活动打完好像连个十连都拿不到？ 阿米娅的皮肤好可爱，两个都好喜欢，但是……都是新型态，得肝主线，打了以后……啧……其实也不是那么喜欢皮肤了，哎，服了,2025/12/30,来自 Android 设备
黄豆460,玩过 8.9 小时后评价（总时长 83.3 小时）,5,阿米娅可爱捏,2025/12/30,来自 OPPO Reno12
偶尔,玩过,4,有种写法叫开门见山，我就直说了，这个帖子想夸一夸舟的优点，顺便缺点提些建议（建议可不可行不敢保证） 下面附了练度防云。这游戏玩的时间算久了，确实也有感情了，有些话想说一说，本帖不是为了引战或者抱怨，优点缺点都写了，缺点后面也附了我自己想的一些解决方法。同时，希望大家能在帖子下面多多讨论，说不定官方看见了就愿意改一改。 （一）先谈一谈我认为的优点： 1.美术不错，一步步看过来的，从限定的动态立绘到开场动画，从主线动漫再到鲤氏侦探事务所，最近又出了新动漫（新刀）； 2.联机模式、危机合约（近期有些争议，后面会提到）、保全派驻、肉鸽模式一直在探索新玩法，个人觉得肉鸽真的挺好玩，奖励不卡难度，哪怕你难度一甚至通不了关，慢慢肝也可以拿全； 3.常驻干员可以用180黄票兑换； 4.角色机制上：没有武器、没有随机词条、潜能对干员没有质变甚至部分干员可以忽略潜能； 5.干员皮肤：不追全图鉴可以白嫖很多 6.周年庆的时候，打关卡会免费送一个六星角色，有的对策强，有的立绘强，二队流明对策很强，四爷跟止颂立绘很好，强度上就……很委婉； 7.有搓玉系统，相当于可以在日常以外获得一些抽卡资源。萌新需要先完善基建才能搓玉，不过或许正是这个系统影响了最近扫荡的更新； 8.故事活动集干员的卡池，如果150抽依旧抽到没有当期干员，下一次必出，期望保底180（或184）抽； 9.新手池子里有山，开荒日常很强； 10.限定干员部分强度很高，但不刚需，游戏难度有做区分，不追高难可以随缘抽； （二）下面写一写我认为的一些问题： A.上半部分是一些老问题： 1.扫荡问题。大家催了很久的扫荡在前阵子做出来了，但是效果非常微妙。我认知中的扫荡是给人节约时间的，但是新更出来的扫荡是连续播放作战记录，主打一个“如扫”。（扫荡做这个样子的原因我不清楚，假如是因为1-7，我建议将日常与活动本进行区分，给活动本设置一键扫荡，日常仅给连续扫荡） 2.保底的问题。舟的卡池分限定与常驻，限定错过基本就得吃保底兑换，而限定卡池70％会出当期限定或者陪跑，30％会歪，歪起来真的很难受。抽满300能兑换一个当期或往期的限定，但卡池不继承抽数，错过基本只能一口气攒300抽进行兑换。无氪玩家需要屯小半年，中间但凡抽些别的池子，就得半年往上去屯。最近看“白夜极光”更了一个备受好评的设计，在此斗胆献上一计，不如借鉴一下他们的心愿单机制，（例如，歪卡可以自行选择歪某几个特定常驻角色，至少在不动保底数的前提下可以提高一些玩家的体验）； 3.模组方面的问题。起初的模组设计亮点很多，救了卡密一众抑郁蓝调。但是后来越来越多的模组成了设计任务，为了设计而设计，归溟幽灵鲨更是因为模组强度高被打断了腿。（我认为，模组设计还是应当找回初心，强干员不设计，非必要不设计，弱干员强设计，普通干员慎重设计，失败模组坦率承认回炉重新设计）； B.下半部分是一些近期问题： 1.危机合约改版。近期的操作让危机合约改版的原因越来越模糊，如果改版是削减奖励的委婉说法，还请官方谨慎进行，因为口碑这东西跟信任一样，积累慢崩塌快难恢复。危机合约难度高没关系，愿意挑战的玩家是存在的，哪怕自己挑战不了，也有许多人愿意看一看攻略组登顶。商店奖励减少已经有不少朋友进行过计算了，在此只想给些建议（如果危机合约改版不是很成功，就大大方方恢复以前的模式吧）； 2.干员强度问题。个人觉得舟是在努力控制干员强度的，但是奈何这膨胀它日积月累，5w决战技的时代逐渐落幕，迎面而来众多10w大C。最近开了一个精神损伤干员的新赛道，请务必把握住这个机会，尝试下新伤害机制，控制住强度。（周年赠送干员不要再压强度了，做成对策真的挺好的，如果连大部分5星水平都没有，真的要反思一下）； （三）一些其他的经济增长点或者建议： 1.以前有一些6元的限定头像，我觉得还不错，会支持一下 2.对游戏衍生品再认真些，别再出现设定集那种烂活儿 3.适当开发些别的玩法，比如类似植物大战僵尸的逆向玩法，用阳光买僵尸攻略植物，率领整合运动攻入博士的蓝门，假如能在关卡里挑战玛恩纳，我杰斯顿必然第一个出刀（绝对不是为了复活霜星才出的这个鬼点子）； 4.头部的原神有大月卡，四星皮肤复刻会改为收费，命座、武器各种路数区分氪度肝度（当然了，内容也挺硬核的），这个不太好去借鉴，如果贸然开一整套武器系统口碑会蚌埠住吧；白夜极光，还是这个游戏，跟舟太像了，基建系统、ui界面、干员培养系统精一精二，总是忍不住想用这个举例子，皮肤收费，还有一些微妙的小额度付费，1块6块12块，主打一个细水长流，我觉得舟可以借鉴借鉴，不过这游戏一潜先制上经常做手脚（我很反感这个） 5.我觉得多做点儿去体力化的活动比较好，种类多适配的人群就会更广，体力限制有时候挺烦的，尤其跟奖励挂钩的时候，我因为体力得不到要比你直接不给难受很多 6.随着竞品的增加，二游的及格线可能在上调，希望角能多出些问卷调查，实事求是地去运营，评分我先观望一下，看情况上调为4星/5星，或者下调为1星甚至2星 （四）总结： （其实不太想写，上面已经说完了，没时间的朋友就不要看这段了。但是不写的话总觉得文章结构不完整，属于是写作文学到的陋习了，哪怕写废话我也得给你整个结尾出来） 舟已经是一款运营近五年的游戏了，我觉得运营方比我应该更清楚玩家的想法（不然问卷都白填了），游戏开发作为一种商业模式，公司运营需要资金，开发项目需要资金，赚钱的事应该认真对待，我以为不能饿着肚子追求良心；但也不能竭泽而渔，不应该把先前积攒的口碑随便败光，不应该让终末地取代舟，而应该是让舟为终末地的口碑开路。 忘记说了，这是第一次写长评。 （作者企图用“第一次”做xx事情来遮掩自己可能存在的不足，因为是第一次，所以做得不好也不会被骂得太惨，好像……是这样，吧？） —————————————— （分界线） 危机合约改了，资源惨遭削减数值膨胀，越改越烂； 生息演算改了，不能保留资源精英怪冲家逆天，越改越烂。 我现在有点儿怀疑以rua牛为首的老一代关卡设计师可能被调走搞终末地去了，各位慎玩这两个模式吧，开心最重要。,修改于 2025/12/30,来自 华为nova 7 5G
法尼瓦伦泰,玩过 2137 小时后评价（总时长 2194 小时）,5,好玩，爱玩😋,2025/12/30,来自 小米Xiaomi 14 Pro
δ,玩过 1251 小时后评价,1,2025.12.30 逆天粉丝群体，各种阴湿私货 2022.8.31 什么时候弃坑的也忘了，但还是改下评分，游戏还是好游戏，但玩久了还是倦了。 2021.8.3 整件事情下来，yj唯一一次正面回复就只有修改立绘，深得隔壁某公司装死精髓，本来不想评价的，但看到微博超话把别人退的设定集原封不动（还夹着上一个买家手写的退货单）换给下一个买家的操作属实把我恶心到了。 2020.1.20 学谁不好去学隔壁fgo（指卡池）？宁得先有fgo那样的底吧。那我只能说yls和yj都fm。148抽，2阿，1羊，1蒂蒂，1杰哥，旱的旱死，涝的涝死，这限定池纯粹恶心人。而且有第一次就会有第二次……唉（20号yj送了张十连终于出了年，一共160抽，但依旧改变不了yjfm的事实，但给宁加两颗星）,修改于 2025/12/30,来自 小米Mi 10S
叁柒,玩过 2075 小时后评价（总时长 2159 小时）,5,好玩，爱玩😋😋😋,2025/12/30,来自 荣耀 50
韹离,玩过 65.5 小时后评价（总时长 80.4 小时）,5,强度不如玫兰莎,2025/12/30,来自 Vivo IQOO Neo10
饮茶先啦,玩过 2283 小时后评价（总时长 2349 小时）,5,快把pc端上来吧，等不及了😭,2025/12/29,来自 小米24069RA21C
功德佛化,玩过 105 小时后评价（总时长 135 小时）,5,香香有新衣服穿了 开心 😆,2025/12/29,来自 OPPO R17
wow,玩过 234 小时后评价（总时长 731 小时）,3,玩了一段时间，还是不错的。 你家ceo的蛋糕都能发错，全去终末地了？,修改于 2025/12/29,来自 Android 设备
gchv,玩过,1,英雌网络的女拳神游，龙门谐音屠夫钩子9.9和12.26小巧思阴湿鉴证神游，某皮肤狠狠骂裹尸布神游。 优点是没有石块，可以随便开。没了。,2025/12/29,来自 Vivo V2507A
TXiN,玩过 14.5 小时后评价（总时长 20 小时）,1,精二太难了，原石都拿不满,修改于 2025/12/29,来自 Vivo Y33t
和和美美,玩过,2,明日方舟第一定律：当你看到一个玩家辱骂玩家角色，认为主角不受欢迎不出场理所应当，那他一定玩明日方舟。 这个游戏喜欢写npc间骨科栾轮，仇恨嫉妒玩家角色。还有一大群受众。看到角色喜欢主角就辱骂，看到角色喜欢男NPC就喷水 策划骗氪的时候，只要卖女角色和其他男的搞暧昧谈恋爱，就可以让受众狂热地支持鹰角，给骗氪打掩护。 “角色有自己的生活，你不总是主角。” 玩家剧情量不到1%，绝大部分活动都没有主角出场。 就算是一开始喜欢主角，后边也都会拆开。 这两年逼氪严重 顶尖强度干员90%都是限定，必须等活动池300抽保底才能拿到往期限定。 其他干员装模作样输出半天，不如限定干员一次技能。 而且强度膨胀极快，不抽你就难受，抽了过一年就被新干员爆杀。,修改于 2025/12/29,来自 Android 设备
1++,玩过,2,都说方舟福利好，入坑玩了一星期完全没感觉出来，卡池倒是歪到天上去了。抽数还不继承只能憋，体验极差。 新人福利在二游里可以算差得要死，各种资源这缺那缺的，打个活动本都头疼。想氪金了一看看养成和抽卡的大坑一眼望不到头，得了，还是留给欢迎新玩家的游戏。,修改于 2025/12/29,来自 Android 设备
衍一,玩过 2303 小时后评价（总时长 2315 小时）,3,不知道舟运营在干什么，全弄你那个终末地去了， 六星爆改五星，兔兔纪念蛋糕也发错 今年那种花钱小玩意一套接一套， 角色是一直在膨胀的，运营是一直出错的 就是为了给终末地搜刮钱是吧 真的很寒心 ———— 我满意了。拿走我的198吧。 就是池子太毒了200抽四个初雪只有一个银灰。 12w玉没了。 ———— 银灰数值落地没问题再改回来。 六年半了，别让我失望鹰角。,修改于 2025/12/28,来自 Android 设备
Hortense,玩过 816 小时后评价（总时长 884 小时）,5,2025.12.28 上次舟铲铲活动还算有点意思，不过这个引航者试炼活动怎么这么坐牢啊，以后能不能别开这个活动了，爽点到底在哪啊，还要凹半天…… 2025.12.07 鹰角的音乐真是无敌了，特别是各个活动主界面的音乐都很好听啊（尤爱雪山降临、崔林梅尔特之金、火山旅梦主界面这几首），有没有考虑过做个音游出来，就用方舟的这些音乐就很不错。 2025.10.22 这才是我想看的剧情，这次的新主线真是太赞了！就是太刀了😭 2025.09.11 鹰角最慷慨的一集，送的抽数就出了限六，真心感谢😭 2025.09.10 界园肉鸽老是给我排刘关张也是服了，生平第一次这么讨厌他们！ 2025.09.02 一人血书求出剧情存档功能。大部分剧情都太长了，一次性看不完，每次都要从头开始快进就很烦，对剧情党很不友好。求求快出个存档读档的功能吧！ 2025.08.31 这剧情写得……一旦涉及到前文明就开始玩谜语人文学，你是不会正常说话了吗？非要这么故作高深，也真是受够了 2025.08.11 希望干员立绘能画得更好点吧，最近在追官方漫画，常常有一种“美女你谁”的感觉（指罗德岛源石记事），与游戏内立绘差距还是挺大的。没有对比就没有伤害啊。 不过如果官漫是彩漫就更好了😂 另外还要吐槽一下这次东国夏活的相谈室小游戏，又不好玩、重复度和肝度又高，要不是为了拿点奖励我才不玩呢😤 2025.04.08 主线一路推了14章，每一段剧情我都是认真看的，第15章还没来得及推。别的剧情不评价，光谈主线剧情，能体会到热血、感人之处，但不得不说，我也时常能感受到一种水字数的痛苦。同一件事情，明明几句话就可以交代清楚，但常常用大篇幅、大段落去描写，这有必要吗？这些词句，只是形式不同，描绘的内容是相同的、重复的，很容易造成审美疲劳，而且也会使得剧情节奏拖沓。 主线剧情还有另一个问题，那就是谜语人（当然后面几章的观感好很多）。我另一个小伙伴退坑舟游的原因就是受不了谜语人文学。我忍下来了，所以我还在这里，我还对部分我没推过的插曲和别传抱有期待。希望被这么多人吹捧的方舟剧情能够满足我的期待吧。水字数和谜语人问题是真的要改改啊！ 2024.11.29 这都快2025了，鹰角你出个扫荡吧！ 2024.11.22 为了剧情坚持下来了，目前进度主线第九章已推完，也陆陆续续推了很多支线剧情。终于不像开荒时候那么捉襟见肘了，慢慢的肉鸽也能刷刷不同结局了，总算是好起来了。 整合运动篇完结以后，剧情质量真的是蹭蹭蹭上涨啊👍🏻上调一颗星（整合运动篇中前期剧情还是不喜欢，太拖沓了，又乏味又长） 但是还是要吐槽这个关卡难度，对于没有EW的新人来讲太不友好了！①萨卡兹肉鸽这出的都是什么恶心人的关卡啊（说的就是你，“神出鬼没”！），不借EW就胡不了几局，关底boss机制还那么让人高血压；②揭幕者们这个活动搞出来的机制让人难绷，PV-S-3是给人打的吗？策划你真的想让我过？😂不折磨自己，不浪费时间，直接放弃；③新出的这个卫戍协议，自动战斗体验太差了，而且老是刷不到关键干员给我刷三体怪导致团灭，我求求你加个投降按钮好吗？ 就当个副游玩了，只能告诉自己除了剧情以外其他都不重要，随缘了。 2024.07.12 怎么大家都是好评，就没有一个人像我这样玩得心累的吗？听说明日方舟剧情不错，就冲着剧情入坑的，刚玩了一周，剧情没怎么体验到，时间全花在反复推关上了。从一开始稀里糊涂过关，到现在几乎每一关都得看攻略才能打过，练度够的情况下打不过是常态。现在开始卡关了，卡在3-7，看了攻略也打不过😅想着再去拉一拉练度吧，结果资源关也卡关了，SK-4死活过不去。攻略大佬练度明明比我还低也能打过；我的40级阿消带着他4级的技能，放在攻略指定位置，却没几秒就会蒸发。抄了好几次作业都还打不过，这真的让我很无语呀！主线关难就算了，你资源关能不能别设计得这么搞心态啊！我资源都拿不到，练度还咋提升？练度上不去主线推不了，我还体验啥剧情？总之就是一个感想：心累，心太累了！,修改于 2025/12/28,来自 小米15
财神爷,玩过 116 小时后评价（总时长 179 小时）,5,二游的神，美工剧情乃至伤害平衡和策略机制越来越好还有兔兔最可爱,2025/12/28,来自 小米24117RK2CC
不觉冷暖,玩过 4213 小时后评价（总时长 4532 小时）,5,置顶： 突然想起来的事，不管是萌新还是老玩家，都强烈推荐看一下“感谢庆典怒号光明的1.5周年庆录播”，我愿称之为明日方舟梦的开始，可以说是从产能小，长草期过长转变的一次成功尝试。各种梗以及饼学玩家的启蒙也是起源于这里哦！我也是在看完这个录播后光速回坑。 ———分割线——— 三测时给的是三星，这次给四星是确实难度下降了些。主要是剧情世界观画风的评分，游戏难度过高。公测也出来了四天了，我6元首充，目前2-6，主要是没体力了，刷精英材料，钱币，升级材料用光了，目前六、五、三星各一个精英1，难度降低的直接优势就是可以慢慢养老了，材料的单双刷法导致每天刷的东西可以不同，每天做做日常就好，长期下去必能不断过关，想要氪金的可以根据自己的经济情况看，毕竟一个游戏你总不能一天通关是吧，有点耐心，什么氪金贵，爆率低那只是你自己的选择，别对游戏策划无理吐槽，三测来的我已经觉得公测的这个模式已经相当合理化了，个人评价，不喜勿喷，欢迎交流！ ————分割线———— 作为一个三测接触到方舟，到如今已经是一名成熟的刀客塔哦！虽然中间因为生活琐事，零零碎碎退坑过几次，但每次都会下回来回顾下以前的乐趣，自从上次怒号光明感谢庆典看了录播开始，我意识到我对这游戏是有多么喜欢，对直播的整活多么期待，终于等到了这次二周年纪念直播，各种令人期待的新饼，圆了大多数刀客塔的心愿，从最初的一个几人工作室，从一个简单的塔防类二次元手游，业务逐渐扩展到“音角”、“一拾山”、“官方小漫画”、“粘土和手办”、“角色设定画集”，一步步走来，见证了一个小游戏逐渐成长到如今这个庞大的产业链，跨圈跨文化现象级二次元手游能这么成功，作为一名老粉，满心欢喜。但是希望明日方舟能够不忘初心，方得始终！明日方舟，二周年生日快乐🎂！ 最后的最后，给予每名刀客塔的话，引用一句话：“我希望这艘船，罗德岛，能成为你的家。” ———分割线——— 7月6日，鉴于玩家最近的骂声简单的讲述下这次的感受吧。 算是第三次评论了，开服游戏磕磕绊绊到了如今这个热度风头不小的程度，一步错便会被口诛笔伐。 我只是个简单的佛系玩家，体力不够用的时候简单氪个月卡；不忙的时候天天盯着新活动的关卡力求独立通关，顺便看看泰拉世界的剧情走向；忙的时候，抄个低配攻略图个首通；甚至更忙的时候，都顾不上玩方舟。 也许算个方舟利刃？初入坑的时候，是因为独特新奇的塔防机制和超棒的立绘（是我喜欢的风格），手游我一般一年就差不多失去热情了，我没想到已经不知不觉已经玩过了方舟两个年头，可能我不太关注：新角色强不强，活动到底得多久更新一个才算不长草，关卡得多耐玩才能被玩家吹为神回，我也不知道现在声音很大的玩家在二周年纪念直播时猛吹的时候又占多少，我只关心海猫，Rua牛能否继续保持初心为玩家们带来更多新奇的尝试？或许是有一次的点睛之笔，或许是一次食之无味的鸡肋？我希望在未来看到更多的可能性？不喜勿喷，仅个人感受。 ———分割线——— 7月25日夏活直播 这次新内容有点多，虽然新限定立绘有点丑但还是想抽到，地刺王感觉一般，可能我是狮蝎党吧（目前只有70抽，刀客塔努力搓玉ing，抽到限定就溜） ———分割线——— 8月7日 水陈十张单抽卷抽到就收手了，活动第一天刷完了，刷徽章差点把人送走，就等10号EX图更新了。 虽然这次方舟节奏有点大，但群友看得很清楚，也就两种：期望舟游越来越好的和期望舟游马上死的。节奏越来越大的同时，是否有人意识到抗议的初衷是什么，可不要被魔怔人带偏了，我就刷刷活动，长长草，做一个吃瓜群众。😆 ———分割线——— 11月3日 耀骑士临光太帅了，家训是：不畏苦暗！长夜临光文案精彩！Radiant播放量被叔叔限流，可汗，可汗我们再冲一回！😭 ———分割线——— 2022年1月8日 肉鸽上次没玩，这次玩上瘾了，看了一天ZC直播，自己玩了两天正式调查难度适应后开始玩直面灾厄。可能运气比较好吧，我的平板没卡掉或黑屏过，就是唯一一次太沉迷忘记充电给关机了😅。 ———分割线——— 1月10日 正式调查两次大锁结局，两次傀影结局，剧团长刷不到，直面灾厄是真的打不过啊，太菜了😇，练低星战神去了。 ———分割线——— 7月7日 学业以及生活各方面焦头烂额，长时间没有细品剧情了，新玩法保全派驻掌握玩法挺简单的，有点枯燥。别的问题没想到，想到了下次再说，平时抽空登录清清体力就下，攒票等夏活。哦对了，漫画强烈推荐，免费的，顺带动态更新一下近期box养成情况。 ———分割线——— 7月11日 555，玫剑圣何时迎来异格啊，三测和开服战神的玫我不想看到压仓底落满尘灰啊，玫，我的玫！😭 －——分割线——— 7月23日 创了个小号尝试体验下现在的开荒。上午11点创号，晚上24点睡觉前，没碎石换体力，主线进度3-2，无精一切城剿灭355杀。感觉W又削弱了？本来有剿灭400杀的思路，就是连三星角色都凑不齐，无从下手有些可惜。 ———分割线——— 7月25日 切城400杀 ———分割线——— 7月29日 龙门外环400杀 （目前碎了不到10块源石，主要是为了拉练度过活动拿商店素材才碎的） 直播预告已出，请愿异格玫兰莎！ ———分割线——— 7月30日 小号第一个精二，等体力过多索雷斯突袭。 首先表明立场，内鬼解包爆料不是个好事，只是在降低我在一年仅有四次的直播看到新饼新资讯的期待感。其次我认为这个图是假的。最后，别找我辩论，直播见分晓。 ———分割线——— 8月2日 小号创号10天就完成多索雷斯全关卡首通，感觉令真的是萌新之友，现在入坑开荒远没以前难度高。 ———分割线——— 8月6日 看到卡池热情少一半，内鬼赢了。 ———分割线——— 10月3日 花了三天将水月肉鸽刷到65级，难度到6，简单说说我的感受：新肉鸽难度相比就肉鸽难度高了不少，更体现在debuff会更频繁的出现，各种可能性的出现让作战出现了更多意外，由于没有舒肤佳体系，我更多的是令棘刺水陈打法。相比旧肉鸽游戏性毫无疑问是有进步的。Rua牛真有你的，等我打通15还填“非常简单”。 －——分割线——— 10月26日 年年都有节奏，简单说一点，服装卷这个本来就是意外之喜，买服装也是挑自己喜欢的买，如果投资成功那也算是喜上加喜，能在取消服装卷上带节奏的多少带点，着实看乐我。打低星的乐子人最好能带上游戏时长，这样你说的多少有理有据，游戏没玩过、张嘴Tap没开还专门下个Tap来打低星冲游戏的人我建议去医院挂个神经内科。 －——分割线——— 10月30日 看了今晚的音律联觉，觉得某些争论蛮可笑的。 －——分割线——— 23年4月30日 啊啊啊啊啊啊啊啊啊啊啊啊，嘉年华和音律联觉去不了好可惜，看群友秀返图，嫉妒使我丑陋！ 卧薪尝胆三十年，三十年河东，三十年河西，攒了380抽，这次我要生吃缪缪池😤！ －——分割线——— 12月2日 许久未更新了，今日萨米肉鸽更新125等级，光速打满挂了一把12难度天胡园丁等下个月更新了。简单评价一下萨米肉鸽，0难开荒反而是最难的，我从1难打到12寄的次数可能还没0难寄的次数多，慢慢的文化点满后，老博士游戏体验还挺沉浸的，相比前两个肉鸽更好玩，板子的设计，天才！ 什么？你怎么知道我卧薪尝胆已经攒了500抽了？ 近期的节奏问题，指鹿为马的尖灭作战该有的资源是得争取；半周年赠送干员，强度不太行还没黄票，倒还能接受，只是意味着以后周年，半周年节点黄票是没有咯。只是希望以后能学聪明点送点能用的，实在不行来个异格玫剑圣我帮你洗地😻。 －——分割线——— 2024年5月3日 半井两个UP都到手。本期三个六星强度太顶了，总算符合了囤资源海抽的期望，往年吐槽限定弱的节奏我倒能理解，现在又在唱衰数值爆炸的人是否有点，明日方舟一直是个策略游戏，就算未来的干员个个数值爆炸削减了游戏难度，又不是非抽不可，不抽游戏没法玩了，请搞清楚这个区别。 皮肤方面，斗争血脉系列值得信赖！这次W精二live2D感觉也远超以往限定的细节。 关于巴别塔以及十四章慈悲灯塔剧情的观后感： 巴别塔与特蕾西娅故事的彻底落幕，萨卡兹过去枷锁的解脱以及未知的前路，接力使命的特雷西斯，阴谋受阻的赦罪师，塔拉再度建国，维多利亚新的局势，“典范军”的道路通往何方，围绕博士的谜团。 最喜欢的情节便是耀骑士临光的救场，莫过于“一支穿云箭，千军万马来相见”的既视感，她为什么每次登场都这么帅😍 总结来说：五周年作为明日方舟承上启下的一年，我个人还是比较满意的，不管是前瞻直播，福利发放，剧情质量各方面都做的相当不错。期待普瑞赛斯执棋，源石进程加快乃至爆发，各国共同体联手推进救世计划的3.0剧情，还有卡兹戴尔主题的肉鸽和基建优化。 －——分割线——— 2025年12月28日 又玩了一年，今年玩的比较佛系，界园还没碰，但是品了其他几个模式，戍卫协议，我将大声宣布，这是除开肉鸽以来，明日方舟里最好玩的模式了！强烈要求常驻，以及新一期合约改动，可以慢工出细活，但一定要快！,修改于 2025/12/28,来自 Android 设备
Curtain,玩过 865 小时后评价（总时长 891 小时）,5,夯玩了，玩一辈子😋,2025/12/28,来自 Android 设备
记忆是梦的开场白,玩过,4,当一个休闲游戏不错,2025/12/28,来自 Android 设备
悥,玩过,5,大家看一下我这号是不是废了？,2025/12/28,来自 华为 nova7 SE
自鱼自乐,玩过,5,好玩,2025/12/28,来自 Redmi K70 Ultra
赫兹,玩过 1371 小时后评价（总时长 1757 小时）,1,今年跨年签到不仅没皮肤，而且资源材料一年比一年抠，你是这个😅 而且领航者试炼泡泡皮肤的英文名错误到现在都没改；今年的阿米娅生日出的皮肤迷迭香能理解，但是为什么左乐能同框？而且一次性出三个皮肤（一个24，一个21，一个18），一点都不为玩家考虑，真以为钱是大风刮来的？ 做了各种bug，各种错误，依旧知错不改 你游不想活了，直说 别这么挑战玩家的底线,修改于 2025/12/28,来自 Android 设备
宁静的大海会带走一切,玩过,3,这个游戏我第一把玩过来，感觉挺好的，后面的话，感觉变得一般了，相比起我以前玩的策略游戏，格子变少了，放的单位变少了，而且我是不明白为什么一个塔防游戏内存相当于1.5个暗区突围,2025/12/28,来自 OPPO A3中国版
大芸哥与超级十六,玩过,1,信仰搅拌机，上线2025年5月1日，9月9日，12月26日，战斗经验54年。海猫，把你龙门独立和屠夫钩子味收一收，牧田味满溢而出了。,2025/12/28,来自 Android 设备
啊哈,玩过,2,两期限定卡池体验别太离谱，都是将近200抽没限定😓，新年送玉我到现在就出过一次400以上的😇,修改于 2025/12/28,来自 Android 设备
ラップランド,玩过 1111 小时后评价（总时长 1140 小时）,5,"让我有点意外 概率:自帕拉斯池一发十连一个牛牛，单两抽又出阿，银灰池第一发水月，新年池单一发又十连一个羊，又一发单出一个羊为止，欧气没了，羊棘池一发十连无六，令池四十八发无六，看见同学精二令，瞬间绝望，在此之前，198+168+30=一个远牙【帕拉斯池】这个概率，出货的概率，一言难尽，再来一发十连，六十五发令池无六退...游... 是不可能的， 呜呜呜￥@#￥@￥....法老！呜呜呜@#￥@#￥@#￥……海猫！法老！ 法老你在吗，法老。法老。法老。法老你在吗？ 然后，法老你真的#@￥#你得（捶桌）带我们出这口恶气啊你知不知道，啊？！ 你真的￥#@海猫你得（狰狞）给劲儿啊你知不知道！嗯？！rua牛得好好给你劝劝，嗯♂？嗯~~~~你说是不是，啊？ 金光，给爷出！ 夕，红蒂，灰烬都没这么难出货，耀光也是六十无六... 我服了，欧气守恒？ 令出了再给五星，以及长评 （有人加好友么(✪▽✪)初晦,挂的银灰，红蒂，阿米娅，练度不高，不过能用，不会有人练度比我低吧，我2019-5-18就玩了，现在是68级老咸鱼，hhh，合约只打了松烟，上学嘛，懂得都懂，就这样了，我会长期玩呀） 总算。。。 明日方舟，陪了我很久的游戏，玩崩坏3的那一段时间，有一个同学推荐我一个二次元塔防，我一听，二次元+塔防？好家伙，直接下载了。 认真过剧情是从打主线时无意中看到Ace没了，我梗了一下，?又发刀?今年一月速通主线6~8章，打完霜星后，感觉有点悲伤，后来发现mp3里有一首歌，叫《冬逝》明日方舟同人曲To霜星，睌上听了后在被子里掉眼泪，久久不能释怀，第八章有两关有装置，一个是霜星的能发寒流的那玩意，一个是爱国者的源石祭坛，瞬间感觉好温暖。（话说崩3也在发刀诶） 2025.5.6 现在是101级咸鱼，能凑三队满编90专三带三模，氪了7.800，只有四个六星，虽然有一个是前九发出的，三个蕾缪安，一个w，有点失望，yj是不是在杀熟)其实氪了一千 银灰池子连出四个初雪，无敌了",修改于 2025/12/28,来自 红魔9S Pro+
霖,玩过 229 小时后评价（总时长 233 小时）,5,爆率真的高，资源轻松攒，抽卡爽，大部分剧情都很好看,2025/12/28,来自 Vivo V2131A
暄肖,玩过 5.2 小时后评价（总时长 47.2 小时）,4,银灰，很帅，异格强度也很棒,2025/12/27,来自 OPPO PEXM00
浅葱,玩过 490 小时后评价（总时长 615 小时）,4,其实对我来说只要不出隔壁要2000累充送一个皮肤，或者说超大杯上连发，其他的问题都是小问题，但是出了很多小问题，就扣一颗星吧，主要是市面上比较良心的游戏没玩到，感觉方舟还可以😅,2025/12/27,来自 小米24117RK2CC
乘风,玩过 258 小时后评价（总时长 379 小时）,1,年末一堆问题，草台班子一个，建议停服明日方舟，将殖民地赶紧端上来得了,2025/12/27,来自 小米15
八重凛,玩过,5,可以可以，永爱阿米娅,2025/12/27,来自 Oppo K9s
星云旅行者,玩过,3,bro是给阿米娅过生日还是搞促销来的，去年你空降一个生日皮大伙也不说啥了，今年生日蛋糕送个过期一年的，然后空降仨皮肤还带一个不相干的干员😂,修改于 2025/12/27,来自 小米 15 Pro
无敌的字符二号机,玩过 3002 小时后评价,1,感觉时间没我长的还夸鹰角好的纯水军，招笑的时间，浅薄的见识，贫瘠的精神，空洞的规划铸就了你觉得明日方舟是一款好游戏，糟糕的运营配合上藏有私心的企划铸成未来大厦崩塌的前兆，饭圈男女多到游戏社群无法交流，趁早关门得了，贪婪的心是无法用空虚的手填满的,2025/12/27,来自 Android 设备
羽黛香薰,玩过 1357 小时后评价（总时长 1374 小时）,1,已严肃退游😅你游运营真是一坨，装死就完事了呗,2025/12/27,来自 Realme真我GT6
屯屯鼠,玩过 1566 小时后评价,4,明明不是那么喜欢这个游戏，但是可能久了些放不下了，剧情是只看了一点，没有xp我的xp可能是谁强抽谁，都快被我玩成抽卡模拟器了，新手时期会肝一点，差不多半年就可以平推了每天看录像倒是有点麻烦 2024.10.24 录像带啊录像带真石啊看了快两年了也不知道我怎么过来的 2025.3.1免费十连给个余好评，不过抽卡随缘了，box已经不需要特别补充某个干员 2025.3.16 看了以前最爱玩的yys整出来的活，原本想回去玩的，明日方舟大部分时间策划还是做人的 2025.4.28 代理多倍好评六周年好评 单抽出货好，十连出货好，不用＃好耶 2025.7.9 现在攒了567抽1110黄票、23w合成玉、和一些单抽券，长草了，不是特别强的限定干员都不会去抽 2025.12.11 300满潜异格银灰，基建小更新，重复线索已经送出好评，总结皮肤免费好评、不肝好评哦对了现在是117级了，马上120了快三年了吧2023年2.17号入坑，期间基本全勤，没充月卡的原因吧，好兄弟早就120了他一直续月卡，我是续不了了当服务器蛀虫了 2025.12.27 终末地将上线，不是很感兴趣关抽卡机制就让我退避三舍，蛋糕国服出错，外服正常是何意，难道又想多索雷斯了吗,修改于 2025/12/27,来自 荣耀 X30i
没有阿米娅我怎么活啊,玩过 636 小时后评价（总时长 637 小时）,5,阿米娅可爱喵，给阿米娅买皮肤喵，谢谢喵😋😋😋,2025/12/27,来自 荣耀30
喧嚣,玩过,1,纯主观恶评，游戏本身可能有三星的程度，但越来越逆天的运营让我一颗星都不想给,2025/12/27,来自 一加手机Ace 5至尊版
卡卡加斯,玩过 15.6 小时后评价（总时长 34 小时）,5,五星,2025/12/27,来自 WIKO JLG-AN00
空格,玩过,4,小学的时候用我妈的手机在玩 大概19年八月的时候开始玩的 后面慢慢的就没玩了 今年异格银灰又回坑 新建另一个号 感觉最近yj频频出错 像是要全身心搞终末地了一样 yj你能看到终末地前面的那四个字吗 不好好搞舟 你想干啥？,2025/12/27,来自 Android 设备
赤霄.,玩过,2,10年出个扫荡会怎么样,2025/12/27,来自 小米24122RKC7C
茉澪留汐香,玩过 204 小时后评价（总时长 240 小时）,4,舟的肉鸽挫败感是我玩过所有游戏里最恶心人的，你前面运营了那么久好不容易拿到几个强一点的干员后面一局直接几十分钟的努力白费，我承认我玩策略游戏不如别人你就不能搞个简单版肉鸽吗？玩了几局真就sb不配玩是吧,2025/12/27,来自 Vivo IQOO Neo9 Pro
(๑• . •๑),玩过,2,最近错误有点太多了，而且虽说舟的游戏性在二游里算不错，但是已经到能靠游戏性扛起大旗所以在阿米娅生日会上卖剧情上与阿米娅没有任何关系的左乐的皮肤了吗,修改于 2025/12/27,来自 小米2510DRK44C
手机用户18715520,玩过,3,19年玩到现在，最近节奏大的头疼，希望对你的角色好点吧，冷门也有人权,2025/12/26,来自 Android 设备
啾啾星,玩过,5,转b服玩了很久 后悔之 上来补个评价吧 好玩的 立绘太美了😭😭,2025/12/26,来自 Android 设备
沐妍,玩过 13.1 小时后评价（总时长 32.1 小时）,5,作为小登不知道怎么玩，看了攻略后……,2025/12/26,来自 Vivo S19
想太多伤脑,玩过,5,看抖音同人小短片感觉还挺有趣的，现在入坑推荐抽什么角色啊😋😉,2025/12/26,来自 Android 设备
烧麦,玩过,3,从ew池子出之后，就能看见走下坡路，节奏和孝子是越来越多，抽卡福利是越来越少，新游戏是没看见打磨的好玩的在哪，老游戏是错误越老越多,2025/12/26,来自 iPhone 16 Pro
-e^（iπ）,玩过,2,最近搞的还不错 2025.12.26 我3000+小时算我能赤,修改于 2025/12/26,来自 小米2510DRK44C
村雨,玩过 286 小时后评价（总时长 332 小时）,4,首先我是今年夏活入坑的小登 （评价一下，也没有什么很好说的，就是记录一下现在自己玩的感受） 可能说话没那么那些老登权威吧 也没有什么参与过很多之前的事件，单从可玩性来讲，我是真心喜欢明日方舟这个游戏的 ，从我入坑到现在，我已经78级了，属于还比较快的那种类型吧。。（现在满签到） 我是月卡党，从入坑到现在一直开着月卡，然后也买过几个主题组合包，是那种微氪中氪党。这个氪金体验给我的感觉很好，你不用氪金也可以玩的下去，你氪一点可以稍微给你减轻一点负担。 我是属于小头，我会考虑自己喜欢的角色优先，所以我是角色厨子，鹰角的这个美工一直是很到位的我很喜欢他们的角色。 （285小时还不算全部，这是我手机上面的时间我大部分都在PC上面） 说到PC我就说一下官用模拟器吧，官用模拟器它有一个很好的点是它可以录制刷资源，这是他模拟器自带的，所以我就不多说。。他平时是好用的，甚至还可以划火柴 但是唯一不好的就是联机 我之前打那个促融共进PC简直卡到爆 其实手机也没有好到哪里去啊 希望鹰角可以优化一点吧 但是卫倒是改进了很多，也没有那种联机卡顿了（常驻卫戍！！） 再说社区环境 其实舟之前的社区环境我一直略有耳闻，在我没有入坑前，我一直觉得周这个社区环境很美好 但是最近想必也是有一些风波吧 就是兔兔生日还有左乐争议的。。（为了不避免争吵我就没在这聊了）（我兔兔两个皮肤都买了还有左右的皮肤买了，我很喜欢左乐这个角色。（上次120抽也没有把左乐抽出来现在攒黄票准备三月换）还有今年莫名其妙的银灰异格有些人哭弱说要缺强度的。。 还有最近棘刺这个活动复刻一而再再而三的出差错... 我是棘刺带大的，我对他可能比较有好感，所以我这次专门去抽了异格的棘刺。结果就是吃了大保底180抽。当时确实很难受，但是我还是玩下去了。 我还专门看了剧情 （我本来不是剧情党的只有我喜欢的才会看）棘刺剧情我怎么感觉有点不符合他。。。 他异格这的数值和机制却是有缺陷剧剧情被骂的一塌糊涂，我突然感觉好心疼。 无脑洗白强盗 塑造强盗一个只是为了生计的“人”忘记他们的杀生抢劫一系列罪行。 因为强盗的“无畏。”帮助他们出海 棘刺选择帮助那些烧生抢劫十恶不赦的强盗 原本的村民塑造成了反派 剧情少的可怜还被吃书 但是依然会有人爱着。 （我发出来只是感慨，我无意参与任何争议，如果你喜欢不认同你可以划走不看，我只是单纯记录） 我在这许下一个愿望，明年棘刺会不会出一个超大杯皮肤呢？ 我真的感觉给这个游戏四颗星已经很可以了，我有的版本欧有的版本非有时候一个金二三十抽就出了有时候是大保底，整体给我的感觉体验感不错但是最近的错误和一些争议事情让我给他扣一颗星。 2025.12.26,2025/12/26,来自 华为BRA-AL00
康康,玩过 2.3 小时后评价,4,💃🏻立绘建模： 非常符合我的审美 💎资源获取： 比较耗时对新手有点难度 有点肝,2025/12/25,来自 荣耀 50 SE
囍运,玩过,5,太好玩，我直接就洲虫上脑,2025/12/25,来自 Vivo IQOO 13
fhhh,玩过,5,好玩,2025/12/25,来自 Vivo V2505A
Leo.,玩过,2,💃🏻立绘建模： 改一改细节是什么很难的事吗？ 以及，你游几大最让人无语的毛病： 有节奏然后不管不顾捂耳朵，甚至控评，甚至听到也不改 造节奏，引战,2025/12/25,来自 Android 设备
Kakyoin,玩过 99 分钟后评价,5,画面好看，略有策略，不过剧情略显冗长,2025/12/25,来自 Honor 90
心海,玩过 2853 小时后评价,1,不好玩 打界园打红温了 沟槽的干员用沟槽的方式长练度，打个Der，,修改于 2025/12/25,来自 Huawei P40 Pro+ 5G
离青菲,玩过 2172 小时后评价（总时长 2229 小时）,1,被逗笑了，你游现在全是临时工吧，核心员工都去隔壁了是吧。 邮箱发封致歉，还一系列问题，怎么还要网友帮你总结，还是说其实自己网上冲浪刷到过NGA上帮你写的年度报告。 邮件写的好，多妙啊，蚊子腿奖励，模糊自己的错误，经典内部排查，毕竟还有很多玩家都不关心除了强度之外的事，还能触发利刃的拥护技能——鹰角没有问题，有问题的是提出问题的人。,修改于 2025/12/25,来自 Android 设备
User504844095,玩过 195 小时后评价（总时长 219 小时）,2,圈子越大，神人越多，圈子越小，神人越神，致敬传奇宗教神游，鹰角的畜牧业产业越来越成熟了，驯化提纯孝子捂嘴这一块已经无人能出其右了，希望你早日如三国杀一样有口皆碑😆，另外迷迭香新皮肤不错，给你加一颗星，附张截图，免的有二游痴小子给我扣云玩家的帽子,2025/12/25,来自 Android 设备
F0rTy,玩过 2901 小时后评价（总时长 2963 小时）,4,近期的游戏性内容可以说满分，但是别的方方面面的东西让我对粥的未来有点担忧。 1.玩法发力，但配套设施有待改善 首先是非人类的游戏体验（偶尔），做了联机但是封禁制度仍未完善。其次是联机卡顿以及卡顿时的包体处理机制存在一定缺陷（卫戍协议大伙应该都有卡顿以后点几次刷新的经历吧，结果无需多言）。 最后但其实是最致命的就是开发流程上的缺陷/内部方向的不统一，联机的进退机制（换图）、鬼图的更新（你能二次优化出一张夯级的鬼图我不知道内部是不是对于这张图或是卫戍协议的核心内容有了什么误解）给我的感觉就是现在的粥的产出内容缺少完整的验证流程。现在仍然会倾向于去等反馈再改。此外你细想今年的重要新内容:界园和卫戍协议，实际上刚出那会都没有应有的好评率（因为这俩都不是第一次做了） 2.社区是把双刃剑 2019年正是大伙都在家的年份，粥养出了一个所有二游都会垂涎三尺的玩家社区，这完全可以归功于早期的二创们:一个鹰小姐，一个海猫damedane；直接将制作公司和制作人拉近到了玩家的脸上，外加粥的起步（小作坊处女座）和游戏内官方的低耦合（邮件大部分由企鹅物流和可露希尔/游戏内角色发送），使得大部分意外操作在被发现时不会立刻激起玩家的负面情绪，更多的是一种打趣:如“小杯程序员又发力了”（我认为这点归功于早期的“免费月卡”)，“可露希尔要扣工资了”，这提供了一个良好的游戏氛围。 可是在一个运营了3000天，几乎没有暴雷的运营中，我认为粥需要脱离这种小作坊式的制作方式（你看更新的版本号也可以知道很多流程较发布那会没啥变动），玩家可以不在乎细节，但是如果你未来想做大做强的话细节必不可少（我感觉已经晚了），只能希望你们在做启动器的时候把根基全部重做了一遍吧。 题外话，我这个点这评价大伙想必都知道是什么原因，这个左乐的节奏和国服/外服差异说小了是“角是自由的”，“小作坊罢了”，往大了说就是内部搞小团体，xxx人的皮套人，崇洋媚外等等，一切都由社区决定，这次节奏没怎么起来不代表下一次不会，虽然畜牧相当稳定，可是zmd出了之后呢？玩家动摇不说，树大招风你我都懂。你说下次会不会被人带一波大节奏？3000天的游戏了，别把2025年看成是2020年，好吗？ 3.异常的数值/机制增长，逐渐显露的本性 其实恰米嘛，是人之常情，没米怎么做zmd呢？但是粥的角色抽取，还有角出的泡姆泡姆和来自星尘，就给人一种不是很在乎💰的感觉，但是内，最近一年的时尚小垃圾，皮肤源石价格（皮肤优化不假，源石不够用也不假）提升，模组块等材料还有终末地的逆天吃相又好像有点不符合“人”设。 数值这块我就不提了，5年的稳步增长全没了，这一年要机制有机制，要数值有数值。 整体给人一种把粥当作给组里人练手的感觉来了，当日本人造呢，就现在终末地这样子，我觉得还是得求稳把基本盘保一下，看看远方的莉莉丝和叠纸吧兄弟🤫🤫🤫 4.最后来夸夸这款陪我走过7年的游戏（因为3测我就玩了） 优秀的平面设计，有深度和广度的剧情，较好的社区氛围（正常人偏多且高活力)，几百号干员不愁厨力不能放出，成熟的配套活动（当然，你得能抢到票）。稳定的玩法产出，难易度完全可控的游戏体验（不会你就抄作业咯），长久存在的角色优势区间（最近有点不稳），轻松的日常任务。这种种都是粥可以作为一款副游甚至主游的证明，不过入坑的话我建议这一年的干员多少有个几只。 总结而言:本体完全没问题，对胃口就放心玩。但是对于后续发展而言，🦶官方还有很多可以做的。,修改于 2025/12/25,来自 Xiaomi Redmi K60 Ultra
钰,玩过 2963 小时后评价（总时长 3388 小时）,1,"没有什么，只是越来越无聊了,感觉你游没活了",修改于 2025/12/25,来自 Android 设备
夕品,玩过 1368 小时后评价（总时长 1415 小时）,3,yj会毁了它，本来就没有什么突出点，却老是干一些弱智操作，就这质量、福利的游戏真会有新玩家？还是让它们尝到甜头了，半死不活的yj才符合他们公司的样子,修改于 2025/12/24,来自 Android 设备
小炎,玩过 9 小时后评价,4,还可以 画风都很好看,2025/12/24,来自 Vivo IQOO 11S
实验体k101,玩过,1,不推荐玩,2025/12/24,来自 Redmi K70 Ultra
枯燥的橘子,玩过,3,mujica联动回游，从来没觉得维什戴尔好玩过,修改于 2025/12/24,来自 Android 设备
旷野之息天下第一,玩过,1,阿米娅生日镜头全是左乐，不是哥们你哪位?你和阿米娅熟吗？ 出三个皮肤?谁过生日啊?yj脸都不要了,2025/12/24,来自 魅族20
木叶南飞,玩过 628 小时后评价（总时长 936 小时）,5,求求你复刻卫戍协议吧，瓦塔西什么都会做的😭,2025/12/24,来自 Huawei Nova 11
零丶晨风,玩过,3,真的糊了，玩肉鸽，它游戏自己卡死了，我重进游戏算我输了，就算别人失误（或者初见鬼图）让别人重新打一把又怎么样呢？就一定要让别人浪费一个小时你就开心了～,2025/12/24,来自 Android 设备
答辩猎手,玩过 2396 小时后评价（总时长 2421 小时）,2,好玩，爱玩 就是立绘偶有问题 2025.2.2 黑桥密码紧急神出鬼没然后被隐身大蟑螂炸飞了 7.31，打界园打红温了，什么玩意儿这是？！ 11.20 傻福丫丁，卫戍协议是什么玩意这是😅 12.24 对鹰角太失望了，再您#的见,修改于 2025/12/24,来自 RealmeGT Neo5 240W
云梦水芷,玩过,4,一星给迷迭香一星给阿米娅一星给煌一星给能天使 开服牢玩家 你游本体疑似没有活人运营了，一大堆小问题不知道在干什么，终末地压力这么大今年全是高人气角色超大杯连发，准备终末地开服压力很大吗，异格里面最弱的煌也是个超大杯下，棘刺一堆问题官方不回应，还是因为阿米娅蛋糕出错才有的道歉，棘刺真的是内部恨对吗，棘刺也算是我功臣一位，我不是棘刺厨也真看不下去了，是不是到时候终末地活不下去还得姐姐卖身养妹妹,2025/12/24,来自 小米15
参宿,玩过,3,疑似精力放到隔壁，问题不断 2025/12,2025/12/24,来自 Android 设备
手机用户108001940,玩过 69.5 小时后评价（总时长 197 小时）,1,买完阿米娅皮肤，为啥非得升变才能穿......,2025/12/24,来自 Redmi K70 Ultra
簗藥,玩过 145 小时后评价（总时长 146 小时）,2,现在的舟真的难评，有维什戴尔你玩的就是明日方舟，没有就是五年前的某日之后，又肝又难打，我不理解出这个角色的意义在哪？（我21年开始玩的，之前还有两个更早的号，但是找不到了。） 运气好点，抽到了就是另一种游戏体验，坐轮椅爽到飞起，运气不好没抽到只能当路边一条看着别人一路坐轮椅爽推关；一部分人玩爽了，一部分人郁闷死了，搞得跟崩铁抽50万星穹一样，成全一些人难受其他大部分人，意义何在？公平性何在？这样搞玩家玩下去的意义又何在？是为了逆天的和挂一样的机制？还是说单纯逼氪？要么你全服做活动，让玩家人手一个，已拥有的玩家送潜二，这样所有人都能玩的开心。 记得第一次接触明日方舟是在初中，认识了我的一个胡姓朋友，他向我推荐了这款游戏，上手玩了几把，感觉这游戏确实好玩，难度也不高，角色立绘也好，成了一个XP党，那时候很羡慕他有很多六星角色，如今已经工作了，看着好友栏里那一个个暗淡的头像，曾经陪你欢声笑语的哥们儿也去与生活作斗争了，每天下班后，唯一的娱乐方式就是开两把游戏，每次都是先打开舟清日常，然后再去打打别的游戏，当初那个无忧无虑的少年早已远去，只剩满眼淡漠的青年在眺望未知的前途,修改于 2025/12/23,来自 Vivo IQOO 12
侑,玩过,5,吸引我的是他特有的美工设计和音乐啊对对对就是那个塞壬唱片，真的好听，美工设计也非常给力，剧情方面全面，有条理性，以现实世界为原型揭露某些现象。作为二游，他展现了世界文化的多元性，地域的差异性。真正做到耐人寻味，让人忍不住被深深吸引😝,2025/12/23,来自 Android 设备
某人,玩过 144 小时后评价（总时长 197 小时）,5,非常推荐！,2025/12/23,来自 小米24069RA21C
挡泥板之王,玩过 1007 小时后评价（总时长 1032 小时）,1,本来五星，扣一星， 新模式太草率了，最多六分及格，太看发什么牌了，而且六阶基地不能稳定刷五阶干员有点逆天了，我12块刷五阶的维神，刷了11次没出，第十二次出了（直接红温），想给手机摔了😅而且寻路者这玩意多起来加个移动速度，没法处理的，露头就秒，而且职业队看似有用实则不然，正常打最多15个回合左右了，凑六个相同职业干员黄花菜都凉了，纯陷阱，而且装备替代不返还有点逆天了，我一共打了三把核心协议，就第二次过了，刚刚那把被寻路者在13回合干爆了，我就一个维神清理不过来，而且出现一些我不认识的怪我也没找到地方看机制，总之玩的难受 12月23号修改，你牛大了，鹰角。有牛不玩!,修改于 2025/12/23,来自 Redmi K50
Unknown08_,玩过 90.6 小时后评价（总时长 90.9 小时）,5,各有各的看法，但明日方舟在我心中我可无可替代。,2025/12/23,来自 小米2405CRPFDC
User62358773,玩过 678 小时后评价（总时长 708 小时）,5,妈的为什么无限材料要和有限材料放在一起，我他妈的只是想要一点龙门币，我至少还有68才能把奖励拿满，可是活动还有3天结束！啊啊啊啊啊啊啊啊啊啊啊啊啊，鹰角我操你妈的,修改于 2025/12/23,来自 红米 K70
满,玩过 1363 小时后评价（总时长 1499 小时）,5,兔兔猫猫新衣服真好看😋,2025/12/23,来自 Android 设备
43467,玩过 9.2 小时后评价（总时长 13.8 小时）,5,差评，刚更新完，上号的时候出BUG了，自己少了70多颗源石😭,2025/12/23,来自 Honor 60 Pro
ahshsbs,玩过 31.3 小时后评价（总时长 40.5 小时）,1,问就是棘刺厨快被气退游了,2025/12/23,来自 OPPO A3 Pro 5G/OPPO A5 Plus 5G
栀,玩过 246 小时后评价,5,良心游戏,2025/12/22,来自 Vivo IQOO 13
歌,玩过,1,为什么要恨棘刺?😅,修改于 2025/12/22,来自 Vivo IQOO Z8
今何在,玩过 845 小时后评价（总时长 928 小时）,5,舟于我已不是游戏，而是个老友，是长久的陪伴。,2025/12/22,来自 Vivo IQOO Neo10
怎么绘世啊,玩过 47.7 小时后评价（总时长 86.7 小时）,3,为什么我的维什戴尔会是两只雪豹，太让我伤心了，萌新时期两次全都歪掉,2025/12/22,来自 OPPO A5 Pro 5G
User638302943,玩过 180 小时后评价（总时长 194 小时）,5,💃🏻立绘建模： 非常不错,2025/12/22,来自 OPPO PGGM10
独自悲伤,玩过 14.9 小时后评价（总时长 17.6 小时）,3,什么都好，但是作为新手什么都玩不懂。是我最大的痛点。,2025/12/21,来自 Realme真我11 Pro
devmczdj,玩过 578 小时后评价（总时长 657 小时）,5,休闲养成，不过相对来说多人联机的合作模式相对较少。 不过建议针对折叠屏手机优化一下界面ui，折叠屏打开首页后很多按键都点不到了，只能强制使用4:3或者16:9的画面进行游玩。 💃🏻立绘建模： 好 💎资源获取： 相对来说较为容易 🎮可玩性： 有点意思,修改于 2025/12/21,来自 OPPO Find N5
氧化铝阿东,玩过,2,12月21日： 我是真没想到出苍白海到现在还能创人，到现在蚀刻章的完成条件还没改。 喜欢伊比利亚的对这个活动写得一塌糊涂感到失望，期待深海线的又因为这个活动被归于深海线不安倍增，这活动真是里外不是人啊。 7月22日： 界园的关卡方面我就不说了，大佬比我说的明白，我只想吐槽这个电弧。 你给了我一台缆车，但我必须要爬完山的三分之二才能坐这辆车是什么意思？就不能让我像拿奖励那样刷刷就行吗？ 2月5日： 合约曲子，劲！春节活动，稳！加一星。 不过去年12月份的时尚小垃圾实在是有点多了，加上棘刺异格剧情完全可以用“降格”来形容，整体观感实在是不太好。总之希望以后少点玩烂梗的剧情——不要被二创牵着鼻子走，毕竟你好好写才会有好二创。 11月24日： 尽管对新玩法的定位仍旧是锦上添花，但这个玩法设计上比较敷衍，有些不适合自走棋模式的技能改都没改就照搬进关卡了。 加上赠送角色拉穿地心，活动机制与关卡敌人结合不紧密，我是已经没有抽角色打关卡需求了，反正天天看喜欢的摆烂也行（轮换池在朋友怂恿下试了，结果直接提前完成目标），但总得考虑还有点进取心的玩家吧x 10月22日： 没有主线扫荡，这一点很奇怪，明明能做出来剿灭扫荡，甚至能根据合成玉余额返还体力，这么贴心的操作却不放在主线和活动关卡里，加上这次活动砸下来的装备居然是随机的，最后一关的代理体验真是十分糟糕，甚至会出现连败，反倒不如借个大杯角色去手动速刷了。 实在是很不舒服，到底要什么时候才能在主线和活动更新出“不借人过关就能扫荡”这套系统呢？ 生路版本感兴趣，今年夏活在群友怂恿下开打。 因为我手机里体验上比它舒服的那个游戏已经死了，所以目前它暂时就是最舒服的那个，以后大概也不考虑玩别的抽卡手游（除非那个白月光复活）。 玩法还是有意思的，但需要时间，新人学生党抄个作业每天去刷点材料就完了，像什么肉鸽盐酸以及最近的矢量都属于锦上添花的玩意，没有把小登急需的物品放在里面，策划这一点还是拎得清楚的。 抽卡方面，你可能会抽不出想要的，但绝对不会缺六星，所以对角色没有需求的人可以每个月抽一次十连（否则每月更新的绿票商店可能买不满），但如果真想要的话需要狠狠攒上200+。 各种活动曲子和角色ep很好听，种类也很多，如果想要了解各类音乐可以先找几首听一下做入门。 角色剧情整体不能算得上完全紧密，甚至部分割裂得要命，而且很挤牙膏。但如果只厨一个阵营或者一个人那好说，如果和这个角色有关的剧情不拖沓那就是好上加好，你的体验会非常快乐。 最后：卡不抽了，等明年生路复刻抽三队长，真是的为什么不早一点入坑（）,修改于 2025/12/21,来自 Vivo S17
白漠野,玩过,3,加强棘刺。,2025/12/21,来自 Redmi K60
bgbbb,玩过 648 小时后评价（总时长 1190 小时）,5,我永远爱阿米娅😙😡,2025/12/21,来自 Honor 80
always,玩过,5,啊啊啊啊啊啊啊啊啊啊啊啊啊啊啊特别好玩！！！！求加强左乐！！！爱来自大炎！！😍😍😍😍😍😍😍,2025/12/21,来自 Android 设备
可食用粽子,玩过 295 小时后评价（总时长 324 小时）,4,总体来说还是很不错的,2025/12/21,来自 Android 设备
断了的弦,玩过,5,怎么看游戏时长,修改于 2025/12/20,来自 Android 设备
柿兵,玩过,5,退了，没有维什戴尔，不想面对我的舟舟号，游戏真心不错，只可惜几个限定和几个强的干员不如维什戴尔在我心中的重量。,修改于 2025/12/20,来自 OPPO Reno14
你看，黑了,玩过 157 小时后评价（总时长 158 小时）,5,挺好一游戏,2025/12/20,来自 Vivo S15 Pro
lappy,玩过 140 小时后评价（总时长 209 小时）,4,挺好的，就是想要的角色都抽不到，是我运气的原因吗，我抽到的全是我朋友想要的。还有就是能不能让皮肤也能挂看板啊，我买了我喜欢的角色的皮肤，但是我没有我喜欢的角色，不能挂看板就很难受 什么时候加个能和好友聊天的功能，加了好友感觉跟没加似的,修改于 2025/12/19,来自 Vivo V2059A
永远活着的虫,玩过 111 小时后评价（总时长 157 小时）,5,边听歌边玩～ 欢迎入坑春节～～ tap云玩好用口牙！,修改于 2025/12/19,来自 Android 设备
超级无敌可爱的坚果酱,玩过 250 小时后评价（总时长 254 小时）,4,少数的我退游泡三年回来还能打活动的游戏。 但我为什么要在2025年12月回坑啊啊啊啊啊，之前我到底错过了多少啊啊啊啊啊啊 第一次入坑就是怪猎池子，没想到回坑又赶上了几个月后怪猎池子复刻，可能这就是天意吧。 这回不充月卡，不挂maa了，慢慢玩就好了。 期待会一直玩下去，从游戏寿命来讲，隔壁崩坏2还在苟，喔粥也不弱于人好吧,2025/12/19,来自 一加手机13T
蚀日箜篌,玩过,1,棘刺厨到底要做什么才能让你们遭点报应,2025/12/19,来自 华为ADA-AL00
ฅ晨陌ฅ,玩过 46.1 小时后评价（总时长 117 小时）,4,明日方舟，这个不是很合我的口味，但总体不错,2025/12/19,来自 Redmi K70 Ultra
hkkf,玩过,1,"跟植物大战僵尸一样一遍打完主线就很无聊，纯…训狗游戏。今年一堆活动从界园到卫戍协议都是设计师知道怎么让你爽玩，但就是要在数值上恶心你；然后说数值膨胀一群孝子说没膨胀边拿大佬的ew加新能酒神微操视频，还自己玩左拳伤害高右拳高伤害的膨胀烂梗。游戏受众是纯cp厨向，并且是那种磕cp代入感离谱的人才能接受；晓哥、缪缪角色档案是有第二人配种的，深海猎人血脉相连是指那啥的；白铁是难用且背刺的，甚至小罗、异格银灰、码头、流明都要来一腿…不是，有的我能理解但酒神和个老太婆是啥玩意；我觉得我就算去看汉尼拔魔法少女小圆这类同性恋主角都会被他们弄个cp,纯粹是闲的。最近的拉普兰德皮肤更是逆天，皮肤是没黑洞原皮帅的、特效是拉胯贴图的、语音是比ew还想你死的、孝子是会往死里洗的。喷我就是你对，我是对水陈精二起飞的神人；刷小苹果回费下一刻无脑ew,大脑光滑度远超同93级99％玩家。",2025/12/19,来自 Android 设备
何人愉悦,玩过,5,非常推荐，啊，我的鸿雪，怎么两个模组强度都这么拉呢？,2025/12/19,来自 OPPO Reno11
白久,玩过,1,这游戏不是很火很有名吗？这啥啊，为什么会有人喜欢这种游戏，前几年刚出来网上很多人都在玩这个游戏，特别火经常听到明日方舟这个名字，最近离职了在家无聊，以前玩的游戏天天玩也有点腻，就下了玩了一下，什么都东西啊这是，怎么火起来的，搞不明白。,2025/12/19,来自 iQOO Neo7 SE
扬马延雪平,玩过 2027 小时后评价（总时长 2057 小时）,2,💎资源获取：大号自24年以来转0氪了，只要规划好抽卡，获取资源还是挺多的。 你那优化可不可以做得更完善一点，基建直接全体换下一班，省的我还要再多点几次，优化了又没优化完。公招跳过可不可以更短点，每次快招都要等几秒人介绍自己名字，点得都要烦完了。,2025/12/18,来自 Huawei P60 Pro
s,玩过,2,越来越无聊，出来周年出角色抽一下，平常号都懒得上,2025/12/18,来自 三星Galaxy S24 Ultra
啥都不想玩,玩过 247 小时后评价,4,很经典的神游，但是抽卡有点难评我个人就是当初ew池子出了五只李狗剩没出一只ew气退的，整体偏策略性，也有zc，小鬼卡比这种攻略，不过鹰角的买断制我建议等实际测评出了之后再考虑玩不玩，没必要为了方舟里那点奖励去提前买，来自星辰真的很亏。,2025/12/18,来自 Vivo IQOO Z10 Turbo
千早爱音（,玩过 1088 小时后评价（总时长 1135 小时）,5,💃🏻立绘建模： 这个其实因人而异，每个人有自己的画风喜好，如果你不喜欢周的画风喜好，那我说再多也没用，我本人是比较吃这一套的，虽然舟也不乏有一些皮肤不好看，但整体上我觉得立绘都很不错，还有龙琦一老师高考加油！😁 💎资源获取： 舟的话，你基本上只抽个限定池，所以一般这个抽卡资源都是足够的，只要自己会合理规划，这个资源不会缺的，舟也是我为数不多愿意一直充月卡的游戏，毕竟一个月拿十连和送的体力药还是很不错的。 🧝🏻‍♀️角色人设： 首先要说的就是，舟的主角比起博士更应该是兔兔吧，整个主线都围绕的是兔兔的成长，博士的主要作用就是观察这片大地。舟的剧情前期来说不出彩，但并不妨碍自从孤星往后，一堆优质剧情争相涌现。要看人情味有相见欢，要看群像剧有孤星，还有我最喜欢的剧情巴别塔（很刀，但是写的真的很好，真的有博士能够在看完巴别塔以后不哭吗）剧情塑造了角色的人设，所以这些好的剧情就使得角色的人设更饱满了，我自己是余厨，其中一个主要原因就是因为相见欢写的真的很好，把人情味写出来了。 ☄️成长体验： 其实吧，舟的这个开荒是二游里面我觉得比较痛苦的一档了，但是，大抵是因为我当年在吃苦，所以不知道现在是不是已经享上福了😂毕竟现在福利还是很多的，所以我想应该比起以前要好很多才对，而且新人的抽数攒上也快，要无脑的话就可以周年井ew，新能源这些，所以，我自己觉得体验还是很不错的。 🎮可玩性： 舟的可玩性，我觉得说实话应该算很高了，因为他不会给你定死一个配队，很多关他不是要求你必须得有一个干员你才能打，而且它属于你退坑一段时间再回来，你以前的干员照样能用，不会贬值，虽然今年是一个强度膨胀的年份，但是，目前为止公认的泛用天花板还是益达吧，主要是益达自己的优点确实很多:大范围，高质量平a，自己生存能力强，技能用起来更无脑。你要说益达现在算输出天花板吗，我觉得不能算天花板，只能算个超大上的输出，但是它用起来是这些输出里面最无脑、最方便、最简单的，所以益达目前为止在日常的泛用性还是很强。我现在推关，基本上就算带ew也不放下去，比起用一个无脑的操作通关，用自己的想法打过去会更有成就感吧。 🌃画面音乐： 我说赛壬唱片是对的，有没有懂的，歌真好听吧，从最初的《Speed of Light》到现在的《somniomancer》😇基本上都没有差过（我们家余宝的ep怎么这么……难评呢？😰）但是不得不说音乐不差的，很多出圈的曲子，很多人一开始都不知道是方舟的，就比如《秋绪》（昭和金曲）。而且还会出高考应援曲，也很好听。 🔖运营服务： 我说多索雷斯不能输😡区区硅基生物也妄图挑战死仇史上最高的山最长的河😡真正的死仇又岂能输给你们这种毫无感情的东西😡怎可逾越👊😡👊因为，多索雷斯不一样，多索雷斯的名字，听着很安心，所以，所以多索雷斯绝对不能输😡自从多索雷斯之后角就变成正常人了，反正这次前瞻直播又出现了意念控制小车，我很开心😋希望看到下一次海猫用别的新的方式给我们送all。 卫戍协议魂兮归来😭卫戍协议魂兮归来😭卫戍协议魂兮归来😭卫戍协议魂兮归来😭卫戍协议魂兮归来😭卫戍协议魂兮归来😭卫戍协议魂兮归来😭卫戍协议魂兮归来😭卫戍协议魂兮归来😭卫戍协议魂兮归来😭卫戍协议魂兮归来😭,修改于 2025/12/18,来自 Vivo S15e
afterglow,玩过 214 小时后评价（总时长 217 小时）,1,退钱。能让我只剩下纯纯的恨意的游戏也只有明日方舟能做到了。,修改于 2025/12/18,来自 Android 设备
艺术就是explosion,玩过 278 小时后评价（总时长 444 小时）,5,不赖，之前大退过几次，现在越来越上瘾😋,2025/12/18,来自 Redmi K50
龕,玩过,1,不加扫荡是为了怕别人看出来自己有多垃圾吗？,修改于 2025/12/18,来自 Android 设备
手机用户62441864,玩过 2154 小时后评价（总时长 2200 小时）,2,关卡的小巧思很巧妙，分也给的小一点。传奇机长boss游玩坠机模拟器，恶心程度梦回空想花庭😍。数值是膨胀的，超大杯是接连不断的。合成玉攒不下，限定抽不完，号连连贬值😆。 终末地名额老玩家是没有的，先遣资格黄牛那是500米一个的😍。沉淀了几年做出个啥玩意，光隔着屏幕看解说都听力竭了，接连不断的逆天小巧思，满地图拉电线，高学习成本基建，不教玩家玩游戏不行是吧😅。 来自星尘就一恰米牺牲品，半死不活都多久没更新了？ 这游戏评分能从七点几涨回来我是没想到的😋,2025/12/18,来自 Vivo IQOO 12
夏末xyx,玩过 348 小时后评价（总时长 369 小时）,5,当个副游玩玩呗，二游啥都好就是可玩性因人而异,2025/12/17,来自 华为 nova7 SE
貔貅爱晴天,玩过 36.3 小时后评价（总时长 122 小时）,4,特别喜欢它的美工,2025/12/17,来自 WIKO JLG-AN00
渔悦,玩过,5,开服老登，好玩爱玩，还会继续玩,修改于 2025/12/17,来自 小米Xiaomi 14
Harvey,玩过 1057 小时后评价（总时长 1232 小时）,4,别的不说，光是半退游两年多（找代不打活动纯刷1-7只抽限定不练卡）回坑拿着老干员还能照常无压力抄作业打活动这点很多游戏就已经望尘莫及了,2025/12/17,来自 Android 设备
Skadi,玩过,5,只要斯卡蒂不进终末地给拟人皮套当填充物我就能一直打五星😄要是为了给终末地输血，做个皮套人跟管理员玩ml那我就要给你两颗星了,修改于 2025/12/17,来自 Android 设备
洒默,玩过 38.1 小时后评价（总时长 49.8 小时）,5,好玩，爱玩，还要玩，我是新入坑的，刚上手觉得没啥难度，但到后来发现这个游戏是真的需要动脑子的，无脑摆超大杯不一定什么关都能过，需要合理配置甚至考验博士对时机的把控，此外其中不乏也有优秀的剧情，（虽然我经常跳剧情），对每个角色，并不是都要围着博士转，他们都有自己的故事与个性,2025/12/17,来自 OPPO Find X8 Pro
忆拾叁,玩过 2255 小时后评价（总时长 2301 小时）,2,——————————2023-06-08—————————— 以前的就不说了， 本来我觉得数值没咋膨胀的， 结果你来个1000%， 尖灭真的很下头， 评价为成功的一坨谢特， 狠狠地扣大分 设计的牛魔新ui， 真的丑， 至少做个跟原来那个开始唤醒界面以及游戏内设置界面适配一点的吧 期待一下邪魔肉鸽的泛式坍塌之类的机制， 以及生稀盐酸2看看你游改多少， 但是人造高台的特性还是希望保留下来， 那样我才知道我玩的是生稀盐酸 腰子哥的强度最好适中， 不然可对不起这次一坨机制， 远牙演示里那个堕天使（？）好看的， 小僧可爱捏 ——————————2023-06-09—————————— 新机制对低配依旧算不上友好， BOSS关设计更是做到了只有负反馈的杂糅机制， 好在你没有继承从尖灭那里盛兴的答辩数值， 很难想象在尖灭大搞负反馈的情况下你游还接着继续拉低普通玩家的游戏体验， 群友已经哀鸿遍野了， 8关就我看来演出效果很足， 阵线压力也不大， 但是要保住刁民确实挺烦， 一不注意翻车了两次， 如果ex关依旧是如此负反馈， 那看来我的评价还有待降低😃 家人们谁懂啊， 帮朋友玩个教程都被卡住， 真的是， 只能重开 ——————————2023-06-16—————————— 在ex1突袭一开始脑抽了差不点没过去，其他的倒是基本一遍过，ex8突袭更是比普通8好打， ex里稍微难打的怪基本伊内丝翼德夜刀能很快解掉，保护在一坨负反馈里面自杀的刁民还是很烦，还是被普通关磨平了棱角 隐匿，扣费，流血，路障，地板，滚石，恐慌，缓速回费刀哥，回血扣费大盾，还有什么都拿出来吧，新肉鸽该整些什么活我都不敢想了，都不想骂你了，你真的不觉得你ex3和ex7的章子好气人吗😡 勉强算你原汁原味的护送塔防好了，可是你早就不是塔防了喂 玩后感——6月就不能整好点的活吗？ ——————————24-02-29—————————— 来自星尘给我干沉默了，本来以为你游这一年就够难绷了，来自星尘更是唯一能说道的玩法都被高涨的血条和令人费解的堆怪给弄得一塌糊涂，看优化了，希望终末地不会是下一个来自星尘 今年听说整体是弱保软，除了高难这样设计也不错，这次引航者也比上次还好打了 合约用点心吧，+1000%和-90%纯弱智tag好吧，你要是搞得出溟痕上高台那我只能说事不过三了，做点诸如出现怪A不出现怪B的tag不比1000%好的多？ ——————————24-09-02—————————— 弱保软的一年，卡一直强到最近，佩佩强度有点难顶以至于我都没抽，还是看看远处的新联动吧家人们 九月肉鸽拓展和新（锁船？）活动能不能上点难度，总还是要有高难的，尖灭十月会出吗…… ——————————25-05-01—————————— 孩子们数值膨胀开始了，关卡难度控制的还算比较好的 生息演算内容量太少了，相比集成战略缺乏可重复游玩的动力，流程优化一下游戏内五六十天轻松一个周目，支线也很短，作为独立游戏的话也只能说差强人意，希望下一次内容量充足点 集成战略美愿是一个数值膨胀的节点，但是职业手职业书也太变态了，能用的基本就只有轰鸣，波纹勉强算一个吧，手书得改，不过大炎肉鸽未必有美愿就不深究了，BOSS一贯的数值检测，没有弄个空窗期皮蛋plus，奎隆和阿米娅还行吧，设计的不算差，大炎数值感觉也挺吓人的，别搞 ss日常故事集都一般吧，小活动做的还可以 引航者和爬塔回归可以看看会怎么发展，待续吧，综合最近来说可以给三到四星，就三星吧，周年过完我自有一番判断😎 ——————————25-11-11—————————— 何意味啊，十个半月过去了我所有池子都抽了只充月卡且不额外氪金抽卡的情况下，只抽出了新能姐妹、星熊、初雪，余煌小氪198下一个双黄到手，没氪前130抽一个左乐气笑了，普池隐德来希死芒m3酒神惊蛰真言全歪，十一月停氪小月卡然后64抽来个初雪目前也是一百抽没别的六星了，真无敌了这游戏，无话可说，月卡有没有都非得冒烟，留给终末地算了 界园真不行啊，dlc前直接阉割大量本来该有的东西dlc1才补全， 树洞作为特点跟洞外唯一的区别竟然是九锁连环，树洞作为特色也没太大难度区分，给个树洞专属结局boss都不过分你设计师只给几个破锁锁住通路也是无敌了，我寻思你都参考生息演算的陌域了那体力机制也加进来加强一下难度呗，陌域每次作战都要消耗食物，有天气buff，每个图敌人还会有原始和诸如丛林化佣兵化机械化等变式，还有战争迷雾，你改成每次进入树洞的干员只能参与两场作战都比现在好很多了，再不济你设计成燃烛的干员无法参与树洞外的作战要思考的内容也会多不少，你做成双线设计又不给什么区分不知道有什么意义，你就是设计一些超级负面藏品然后通过洞内战斗削弱负面藏品对精英怪对boss的增强也当你有设计了，还有入卷，我说燃烛、入卷和不燃烛不入卷三种不能同时携带有没有懂的，四结局单独设计一个树洞几乎一点新东西都没有，这都不加特殊图特殊boss啊，结局藏也是敷衍，没话说…… 牢弟也是没啥实力，唯一技能召唤爆竹，带派大脚也是逆天，只会拍巴掌，牢二技能倒是多点但是输出也不高，不是无藏牢二等效只会平a下棋，四结局跟前三个结局几乎没有区别，发育补很多难度不增反降，很难想象四结局阵容跟没出四结局的阵容不需要有任何区别，洞外唯一的难图也就越山海了，dlc1跟没有似的，我还能说啥呢，哦，对了，火山旅梦现在还没进肉鸽主图呢，好像只出现在狭路相逢节点，其他没进肉鸽的活动怪都快比火山旅梦过去一年了，勤更新啊 又在出莫名其妙的高难，复用旧图的主线小合约除了15可能比620难一点之外也不知道有啥意义，越打越没劲，数值猛叠给我整笑了，比起主线合约矢量突破都好一点，矢量buff没解锁完也是挂机图，buff解锁完了也是很好打，没buff也有点难度但不多，干脆把炎魔和守家图复活得了，纷争演绎压迫感大得多 次生预案很适合跟生息演算结合起来啊，说起来生息演算也是没有任何消息，我玩到现在也是四五个存档了，它大抵确乎是死了吧（BYD生息演算图电脑端tap存不下来我服了） 促融共竞2期也来了，卫戍协议2期也来了，矢量突破2和次生预案2也不远了 今年算是猛猛膨胀啊，干员不管数值还是机制碾压前几年的干员了，对面和敌方机制倒是没什么变化，难度总是要有的，不绑定奖励就好，没有难度却膨胀肯定是越来越无聊的，就这样吧 （用电脑玩模拟器玩方舟很久了了，这边显示时间可能不长，不要介意啦） ——————————2025-11-15—————————— 你游设计师全家四万了，一个游戏六年都没有测试部门说是 卫戍协议跟明日方舟除了用干员有几把任何关系吗，看运气就算了，还没有任何可操作性，所有决策都能被运气不好一脚踩死，有任何可玩性策略性吗给我整乐了 牌是乱发的，删牌是精准拆队的，钱是没有的，烂卡是升满没用卖了只有1块的，技能代码是背后不开侧面不开不接敌不开的，地图是又小又狗屎的，仇恨是控制不了的，怪是嗯恶心人的 我在单人险境难度中取得了46把只过了3把的好成绩，你也来试试吧，一大半时间打到BOSS才递出俩六费卡，刷新几十块都刷新不出想要的阵营，删牌把把致命发牌烂得没边，狙击来盾囚犯，术士来深池，地面来飞机，高台来次数怪，没盾来来隐匿，给你扫码完了，甚至萨尔贡这种轮椅队在凑齐的情况下还能被BOSS一脚踢死，喜欢我血条已经看不见了但是就是不死的BOSS吗，喜欢我维多利亚的十字和蒸汽甲胄锁攻击最高的九宫格持续眩晕加伤害吗😅 那联机呢，哈哈队友给你漏168个，队友跟你抢牌，搁这PVP来了，哎呀，队友跑了，这下不是PVP了😆 闹麻了，生息演算不更新两年也就算了，嗯造一堆大奋模式，肉鸽也给你整一堆烂活，低难跟爽，高难跟恶心人是一个意思吗，那挺会设计了 附上一张看不见血条但是就是不死的单人险境图 ——————————2025-11-16—————————— 有没有可能在选buff阶段队友就退两个，然后第二回合第三个队友也退了的情况下，我绝境打到十三回合也凑不齐任何主阵营呢 你这游戏发牌是人啊，烂的发瘟了，跟联机有任何关系吗队友都退了我抽的卡比单人绝境卡还烂，真流汗了，不跟群友朋友联机你这模式都没有存在的必要 野排禁掉拉特兰大炎，队友选buff萨尔贡维多利亚谢拉格很好玩是吗，还给我阿戈尔唯一优质低费给抢了9回合三张阿戈尔都递不出来死了 这模式发牌逻辑不优化根本就不合格，抄酒馆都抄不明白，发牌又烂经济卡又少，钱也不多给，8个部署位主阵营都需要6个，辅阵营也至少需要两个，你是指望单人一主一辅还得看发牌员脸的情况下玩的舒服也是无敌了，还有阿戈尔和维多利亚这种离谱阵营，嗯塞一堆逆天怪还几把跟动态调整似的，整个设计都烂的发瘟，要引导没引导，要爽点没爽点，练度也给你限制住嗯恶心人，转阵营还需要缪缪，删了得了，昨天说完一堆毒点今天玩一会发现远远不止这么点毒点，设计师真不是隔壁友商派来的间谍吗 （ps：只能三张图于是删掉了合约和生息演算的图） ——————————2025-12-17—————————— 卫戍完了，打了一个月之后习惯了，虽然毒点还是多，加的分队普遍都还算强，但是野排体验还是一坨，联机的话更没更新通关率都在90%以上，单人除了运气不好也还是能拿到关键牌叠999，新活动加油吧，卫戍我还是给差评，,修改于 2025/12/17,来自 Web 官网
甘奈,玩过,5,还不错但是我卡关+角色抽不到我一直在哭,2025/12/17,来自 华为BRA-AL00
猎魔人,玩过 1342 小时后评价（总时长 1368 小时）,1,喜欢找骂，终末地就终末地，还明日方舟终末地，限量测试就限量测试，还全面测试，我在给明日方舟终末地差评，怎么发在明日方舟的评论区啊，我不知道啊,2025/12/16,来自 Android 设备
嘿嘿嘿嘿,玩过,5,个人还是特别喜欢玩方舟的，是我玩过最好玩的二游了，不光立绘建模做的是我喜欢的样子，而且时不时有联动，而且做的也特别还原，特别是去年联动的《迷宫饭》贼喜欢，爆率也还可以，今年联动的母鸡卡，我用第一天送的十连就抽到了翔子以及另外俩位陪跑🌚，之后应该是第七天还是第几天来着签到又送了一发十连，我就抽到了烛煌🌚。但是据说终末地这游戏好像评价不太好，如果之前开放世界类游戏火的时候出我可能会去玩玩看，现在也没有这么多时间去打了😐。我不是剧情党不太注意剧情但听他们网上说，方舟后面剧情什么的好像已经很难更下去了，我也挺怕方舟凉凉的，只后悔自己入坑晚了，希望明年联动的《怪物猎人》能返厂之前的异格夜刀和黑角，也希望联动罗小黑（因为我没有🌝），希望鹰角越来越好，我还想多玩几年明日方舟。哦对，希望注意到此帖的小登，中登and老登么可以加我（右下角id）,2025/12/16,来自 Android 设备
夏末xyx,玩过 348 小时后评价（总时长 369 小时）,5,当个副游玩玩呗，二游啥都好就是可玩性因人而异,2025/12/17,来自 华为 nova7 SE
貔貅爱晴天,玩过 36.3 小时后评价（总时长 122 小时）,4,特别喜欢它的美工,2025/12/17,来自 WIKO JLG-AN00
渔悦,玩过,5,开服老登，好玩爱玩，还会继续玩,修改于 2025/12/17,来自 小米Xiaomi 14
Harvey,玩过 1057 小时后评价（总时长 1232 小时）,4,别的不说，光是半退游两年多（找代不打活动纯刷1-7只抽限定不练卡）回坑拿着老干员还能照常无压力抄作业打活动这点很多游戏就已经望尘莫及了,2025/12/17,来自 Android 设备
Skadi,玩过,5,只要斯卡蒂不进终末地给拟人皮套当填充物我就能一直打五星😄要是为了给终末地输血，做个皮套人跟管理员玩ml那我就要给你两颗星了,修改于 2025/12/17,来自 Android 设备
洒默,玩过 38.1 小时后评价（总时长 49.8 小时）,5,好玩，爱玩，还要玩，我是新入坑的，刚上手觉得没啥难度，但到后来发现这个游戏是真的需要动脑子的，无脑摆超大杯不一定什么关都能过，需要合理配置甚至考验博士对时机的把控，此外其中不乏也有优秀的剧情，（虽然我经常跳剧情），对每个角色，并不是都要围着博士转，他们都有自己的故事与个性,2025/12/17,来自 OPPO Find X8 Pro
忆拾叁,玩过 2255 小时后评价（总时长 2301 小时）,2,——————————2023-06-08—————————— 以前的就不说了， 本来我觉得数值没咋膨胀的， 结果你来个1000%， 尖灭真的很下头， 评价为成功的一坨谢特， 狠狠地扣大分 设计的牛魔新ui， 真的丑， 至少做个跟原来那个开始唤醒界面以及游戏内设置界面适配一点的吧 期待一下邪魔肉鸽的泛式坍塌之类的机制， 以及生稀盐酸2看看你游改多少， 但是人造高台的特性还是希望保留下来， 那样我才知道我玩的是生稀盐酸 腰子哥的强度最好适中， 不然可对不起这次一坨机制， 远牙演示里那个堕天使（？）好看的， 小僧可爱捏 ——————————2023-06-09—————————— 新机制对低配依旧算不上友好， BOSS关设计更是做到了只有负反馈的杂糅机制， 好在你没有继承从尖灭那里盛兴的答辩数值， 很难想象在尖灭大搞负反馈的情况下你游还接着继续拉低普通玩家的游戏体验， 群友已经哀鸿遍野了， 8关就我看来演出效果很足， 阵线压力也不大， 但是要保住刁民确实挺烦， 一不注意翻车了两次， 如果ex关依旧是如此负反馈， 那看来我的评价还有待降低😃 家人们谁懂啊， 帮朋友玩个教程都被卡住， 真的是， 只能重开 ——————————2023-06-16—————————— 在ex1突袭一开始脑抽了差不点没过去，其他的倒是基本一遍过，ex8突袭更是比普通8好打， ex里稍微难打的怪基本伊内丝翼德夜刀能很快解掉，保护在一坨负反馈里面自杀的刁民还是很烦，还是被普通关磨平了棱角 隐匿，扣费，流血，路障，地板，滚石，恐慌，缓速回费刀哥，回血扣费大盾，还有什么都拿出来吧，新肉鸽该整些什么活我都不敢想了，都不想骂你了，你真的不觉得你ex3和ex7的章子好气人吗😡 勉强算你原汁原味的护送塔防好了，可是你早就不是塔防了喂 玩后感——6月就不能整好点的活吗？ ——————————24-02-29—————————— 来自星尘给我干沉默了，本来以为你游这一年就够难绷了，来自星尘更是唯一能说道的玩法都被高涨的血条和令人费解的堆怪给弄得一塌糊涂，看优化了，希望终末地不会是下一个来自星尘 今年听说整体是弱保软，除了高难这样设计也不错，这次引航者也比上次还好打了 合约用点心吧，+1000%和-90%纯弱智tag好吧，你要是搞得出溟痕上高台那我只能说事不过三了，做点诸如出现怪A不出现怪B的tag不比1000%好的多？ ——————————24-09-02—————————— 弱保软的一年，卡一直强到最近，佩佩强度有点难顶以至于我都没抽，还是看看远处的新联动吧家人们 九月肉鸽拓展和新（锁船？）活动能不能上点难度，总还是要有高难的，尖灭十月会出吗…… ——————————25-05-01—————————— 孩子们数值膨胀开始了，关卡难度控制的还算比较好的 生息演算内容量太少了，相比集成战略缺乏可重复游玩的动力，流程优化一下游戏内五六十天轻松一个周目，支线也很短，作为独立游戏的话也只能说差强人意，希望下一次内容量充足点 集成战略美愿是一个数值膨胀的节点，但是职业手职业书也太变态了，能用的基本就只有轰鸣，波纹勉强算一个吧，手书得改，不过大炎肉鸽未必有美愿就不深究了，BOSS一贯的数值检测，没有弄个空窗期皮蛋plus，奎隆和阿米娅还行吧，设计的不算差，大炎数值感觉也挺吓人的，别搞 ss日常故事集都一般吧，小活动做的还可以 引航者和爬塔回归可以看看会怎么发展，待续吧，综合最近来说可以给三到四星，就三星吧，周年过完我自有一番判断😎 ——————————25-11-11—————————— 何意味啊，十个半月过去了我所有池子都抽了只充月卡且不额外氪金抽卡的情况下，只抽出了新能姐妹、星熊、初雪，余煌小氪198下一个双黄到手，没氪前130抽一个左乐气笑了，普池隐德来希死芒m3酒神惊蛰真言全歪，十一月停氪小月卡然后64抽来个初雪目前也是一百抽没别的六星了，真无敌了这游戏，无话可说，月卡有没有都非得冒烟，留给终末地算了 界园真不行啊，dlc前直接阉割大量本来该有的东西dlc1才补全， 树洞作为特点跟洞外唯一的区别竟然是九锁连环，树洞作为特色也没太大难度区分，给个树洞专属结局boss都不过分你设计师只给几个破锁锁住通路也是无敌了，我寻思你都参考生息演算的陌域了那体力机制也加进来加强一下难度呗，陌域每次作战都要消耗食物，有天气buff，每个图敌人还会有原始和诸如丛林化佣兵化机械化等变式，还有战争迷雾，你改成每次进入树洞的干员只能参与两场作战都比现在好很多了，再不济你设计成燃烛的干员无法参与树洞外的作战要思考的内容也会多不少，你做成双线设计又不给什么区分不知道有什么意义，你就是设计一些超级负面藏品然后通过洞内战斗削弱负面藏品对精英怪对boss的增强也当你有设计了，还有入卷，我说燃烛、入卷和不燃烛不入卷三种不能同时携带有没有懂的，四结局单独设计一个树洞几乎一点新东西都没有，这都不加特殊图特殊boss啊，结局藏也是敷衍，没话说…… 牢弟也是没啥实力，唯一技能召唤爆竹，带派大脚也是逆天，只会拍巴掌，牢二技能倒是多点但是输出也不高，不是无藏牢二等效只会平a下棋，四结局跟前三个结局几乎没有区别，发育补很多难度不增反降，很难想象四结局阵容跟没出四结局的阵容不需要有任何区别，洞外唯一的难图也就越山海了，dlc1跟没有似的，我还能说啥呢，哦，对了，火山旅梦现在还没进肉鸽主图呢，好像只出现在狭路相逢节点，其他没进肉鸽的活动怪都快比火山旅梦过去一年了，勤更新啊 又在出莫名其妙的高难，复用旧图的主线小合约除了15可能比620难一点之外也不知道有啥意义，越打越没劲，数值猛叠给我整笑了，比起主线合约矢量突破都好一点，矢量buff没解锁完也是挂机图，buff解锁完了也是很好打，没buff也有点难度但不多，干脆把炎魔和守家图复活得了，纷争演绎压迫感大得多 次生预案很适合跟生息演算结合起来啊，说起来生息演算也是没有任何消息，我玩到现在也是四五个存档了，它大抵确乎是死了吧（BYD生息演算图电脑端tap存不下来我服了） 促融共竞2期也来了，卫戍协议2期也来了，矢量突破2和次生预案2也不远了 今年算是猛猛膨胀啊，干员不管数值还是机制碾压前几年的干员了，对面和敌方机制倒是没什么变化，难度总是要有的，不绑定奖励就好，没有难度却膨胀肯定是越来越无聊的，就这样吧 （用电脑玩模拟器玩方舟很久了了，这边显示时间可能不长，不要介意啦） ——————————2025-11-15—————————— 你游设计师全家四万了，一个游戏六年都没有测试部门说是 卫戍协议跟明日方舟除了用干员有几把任何关系吗，看运气就算了，还没有任何可操作性，所有决策都能被运气不好一脚踩死，有任何可玩性策略性吗给我整乐了 牌是乱发的，删牌是精准拆队的，钱是没有的，烂卡是升满没用卖了只有1块的，技能代码是背后不开侧面不开不接敌不开的，地图是又小又狗屎的，仇恨是控制不了的，怪是嗯恶心人的 我在单人险境难度中取得了46把只过了3把的好成绩，你也来试试吧，一大半时间打到BOSS才递出俩六费卡，刷新几十块都刷新不出想要的阵营，删牌把把致命发牌烂得没边，狙击来盾囚犯，术士来深池，地面来飞机，高台来次数怪，没盾来来隐匿，给你扫码完了，甚至萨尔贡这种轮椅队在凑齐的情况下还能被BOSS一脚踢死，喜欢我血条已经看不见了但是就是不死的BOSS吗，喜欢我维多利亚的十字和蒸汽甲胄锁攻击最高的九宫格持续眩晕加伤害吗😅 那联机呢，哈哈队友给你漏168个，队友跟你抢牌，搁这PVP来了，哎呀，队友跑了，这下不是PVP了😆 闹麻了，生息演算不更新两年也就算了，嗯造一堆大奋模式，肉鸽也给你整一堆烂活，低难跟爽，高难跟恶心人是一个意思吗，那挺会设计了 附上一张看不见血条但是就是不死的单人险境图 ——————————2025-11-16—————————— 有没有可能在选buff阶段队友就退两个，然后第二回合第三个队友也退了的情况下，我绝境打到十三回合也凑不齐任何主阵营呢 你这游戏发牌是人啊，烂的发瘟了，跟联机有任何关系吗队友都退了我抽的卡比单人绝境卡还烂，真流汗了，不跟群友朋友联机你这模式都没有存在的必要 野排禁掉拉特兰大炎，队友选buff萨尔贡维多利亚谢拉格很好玩是吗，还给我阿戈尔唯一优质低费给抢了9回合三张阿戈尔都递不出来死了 这模式发牌逻辑不优化根本就不合格，抄酒馆都抄不明白，发牌又烂经济卡又少，钱也不多给，8个部署位主阵营都需要6个，辅阵营也至少需要两个，你是指望单人一主一辅还得看发牌员脸的情况下玩的舒服也是无敌了，还有阿戈尔和维多利亚这种离谱阵营，嗯塞一堆逆天怪还几把跟动态调整似的，整个设计都烂的发瘟，要引导没引导，要爽点没爽点，练度也给你限制住嗯恶心人，转阵营还需要缪缪，删了得了，昨天说完一堆毒点今天玩一会发现远远不止这么点毒点，设计师真不是隔壁友商派来的间谍吗 （ps：只能三张图于是删掉了合约和生息演算的图） ——————————2025-12-17—————————— 卫戍完了，打了一个月之后习惯了，虽然毒点还是多，加的分队普遍都还算强，但是野排体验还是一坨，联机的话更没更新通关率都在90%以上，单人除了运气不好也还是能拿到关键牌叠999，新活动加油吧，卫戍我还是给差评，,修改于 2025/12/17,来自 Web 官网
甘奈,玩过,5,还不错但是我卡关+角色抽不到我一直在哭,2025/12/17,来自 华为BRA-AL00
猎魔人,玩过 1342 小时后评价（总时长 1368 小时）,1,喜欢找骂，终末地就终末地，还明日方舟终末地，限量测试就限量测试，还全面测试，我在给明日方舟终末地差评，怎么发在明日方舟的评论区啊，我不知道啊,2025/12/16,来自 Android 设备
嘿嘿嘿嘿,玩过,5,个人还是特别喜欢玩方舟的，是我玩过最好玩的二游了，不光立绘建模做的是我喜欢的样子，而且时不时有联动，而且做的也特别还原，特别是去年联动的《迷宫饭》贼喜欢，爆率也还可以，今年联动的母鸡卡，我用第一天送的十连就抽到了翔子以及另外俩位陪跑🌚，之后应该是第七天还是第几天来着签到又送了一发十连，我就抽到了烛煌🌚。但是据说终末地这游戏好像评价不太好，如果之前开放世界类游戏火的时候出我可能会去玩玩看，现在也没有这么多时间去打了😐。我不是剧情党不太注意剧情但听他们网上说，方舟后面剧情什么的好像已经很难更下去了，我也挺怕方舟凉凉的，只后悔自己入坑晚了，希望明年联动的《怪物猎人》能返厂之前的异格夜刀和黑角，也希望联动罗小黑（因为我没有🌝），希望鹰角越来越好，我还想多玩几年明日方舟。哦对，希望注意到此帖的小登，中登and老登么可以加我（右下角id）,2025/12/16,来自 Android 设备
梧桐,玩过,2,劝别玩，喜欢上你游内部恨角色就完蛋了。 棘刺就是这个例子：本体塞进活动复刻的池子里被冲烂，四年多只有麦麸烂梗没有剧情，异格后强度不如五星，异格剧情人设崩塌ooc，音律联觉假c位真镶边白挨一堆骂，音律高清壁纸迟迟不发，本体二模文案强度双双稀烂，邮件夹回溯不回溯it皮肤邮件，异格一皮丑陋敷衍，系列新作不相干女角色复用立绘素材，现在复刻愣减一颗星。 理解出续作需要招揽更多新玩家，但你游已经黔驴技穷到只能踩着老玩家的头讨好新人了吗？,2025/12/16,来自 Android 设备
写入系,玩过,5,玩了两个多月了玩进去了，真是有点可以动脑子的乐趣。并且一开始玩是最好玩的阶段，主要就是新鲜感。相信有很多新手都是艰难的有关卡打不过去，查攻略说可以借干员，当借到ew放下去时😔心里都是喔尼玛，这是啥😱😱😱😱😱😱😱。然后就是这个干员也想抽那个也想要。 每出一个六星都很兴奋，这是谁？强不强？有什么特殊作用。 卫戍协议玩的真上头🙀，半夜三四点玩都秒组队。这个模式毁了我的新鲜感。让我提前认识了大部分干员，代表着对大部分干员失去了兴趣。,2025/12/16,来自 Redmi K70 Ultra
广寒宫,玩过,5,黑键入坑的，我就一个问题，为什么中坚寻访凭证送的那么少，没有一个玩家会愿意把抽卡资源消耗在那上面,2025/12/16,来自 Vivo V2505A
拾荒的咸鱼,玩过 2269 小时后评价（总时长 2381 小时）,4,先给进这个游戏的新玩家们定个目标 什么时候抄一摆到底作业不卡手的时候，你就成为一名老登了 我先说说我自己 老登一个，只充月卡 我在一摆到底完全不卡手之后开始常住1-7，有活动打活动，没活动回1-7 常态备300左右的抽卡资源，就是月卡和搓玉攒的 剧情就是静态图像和文字演绎 玩法就是塔防和塔防改 立绘我就不说了，我先玩的碧蓝航线，所以明日方舟的立绘对于我来说都太小了,修改于 2025/12/16,来自 OnePlus Ace 2
纯路人,玩过,3,明日方舟是一款很优质的游戏无论是从剧情，音乐，人设都无可挑剔，但这几年关卡质量真的不高，娱乐模式也感觉没那么有意思，希望更有趣的关卡来吧,2025/12/16,来自 Honor V6
怀风不逝,玩过 288 小时后评价（总时长 392 小时）,5,喜欢立绘的游戏里面我觉得最有游戏性的，有游戏性里面立绘我最喜欢的。,2025/12/16,来自 OPPO Reno12
老戏精,玩过,5,真的很良心的游戏了，和任何二游比起来真的是业内一股清流了。,2025/12/16,来自 iPhone 14 Plus
肆无忌惮,期待,5,只是5星好评罢了(后面只是凑字任务） 。。。。。。。。。。。。。。。。。。。。。。。。。。。。。。。。。。。。。。。。。。。。。。。。。。。。。。。。。。。。。。。。。。。。。。。。。。。。。。。。。。。。。。。。。。,2025/12/16,来自 PC 客户端
KING PRA LEAGUE,玩过,5,无需多言，上图 陪伴我的初中高中，到了大学，一路走来大家都不容易,2025/12/16,来自 Vivo IQOO 13
赤狐柯北,玩过,2,告诉你坝这是啥阴，局内没有重新开始？非要吃这些无意义的在线市场是不是，一局下来角色上上下下多少次，你个雷霆爆率新手多久能混个像样的阵容心里没数开个号玩一下，容错比你鞋垫子里的内增高还低两公分，上错了就要看你超绝海报是不是。搞不明白这么多家都有的一个重开键一个十来年的厂子做的出来。 火了个蟑螂圣经真给玩家当你个雷的蟑螂养了，牛魔的多老的厂子到现在聊天交互做不出来，粉丝也是猎奇给这个当企业特色，属于是家犬驯化了。 逗我雷霆的不给保底，说是你特色OK，那爆率低骂你就受着。 剧情没声音，我还以为我点开的是pdf。 难死你大坝了，和红白机一样，可玩性不够就难度来凑，刷材料也慢养角色也难，碰见保卫萝卜都是生死战,2025/12/16,来自 Android 设备
何笙以萧默,玩过,1,说真的推图没用重新开始我是真的垃理解不了一点，上错角色只能先看个失败的动画然后重新开始，为啥不加个重新开始呢? 然后就是刷材料真的难刷，动画长然后还有概率失败，而且想刷那个材料但是打不过只能借然后刷不了只能刷低级的。 抽卡个人原因有点异样的非?还是欧?300抽就一个角色，没招了，出货率正常。 想抽限定用攒好多而且要做好大保底的准备。 剧情是PPT氏的没声音，个人不习惯。 然后最好的就是皮肤可以买，立绘不错。,2025/12/16,来自 Android 设备
Achrome,玩过,1,骑猎ss入坑的六年半ldx 六年多大节奏小节奏断断续续的也算是习惯了，但是今年是不是也太离谱了点 隐德来希EP的SHIMINGZI 死芒天赋技能前瞻视频中杯数值 阿斯卡纶时装抄袭 电弧的界园志异 养成绑定+内置科技树 剧情完全无关 不期而遇还有特供选项 墟小游戏相谈室 听君一席话 不如不听话 大写加粗的索然无味 促融共竞 组野队随机关卡越打越重复越红温 堡垒守御没了老陈呵斥就是原地坐牢 玩双驭械互相抢干员变成双人牢房 卫戍协议 联机模式连发 单人容错和收益不如联机更是演都不演了 一看问卷 原来你知道哪儿有问题啊 这不是都挺明白的吗 出苍白海复刻更是五星干员隐星棘刺 建议再扣一星变成肉鸽特种抓位top2 接连不断的小问题连击是准备选良辰吉日爆个大的吗 那很会运营了 别隔壁德不配位难道说续作还没端上来本家先原地爆炸了 本来想打两星 但是学官方应该扣掉一星 就这样吧,2025/12/15,来自 Android 设备
惨淡,玩过 2794 小时后评价（总时长 3345 小时）,5,隔壁新月没了，我的方舟，我的海猫，你可一定要挺住啊,2025/12/15,来自 Vivo IQOO Z9 Turbo
乘风,玩过,2,最近你们有没有感觉很卡啊，跟网络没关系感觉。,2025/12/15,来自 华硕ROG Phone 6 Series
神抖抖sama💞,玩过 848 小时后评价（总时长 861 小时）,2,一个牢玩家想说几句，很难评的游戏，一开始玩这游戏很上头，自己动脑思考各种通关通关方法，当时觉得很有意思，就是日常挂机比较繁琐，没有扫荡。后面更新多倍战斗虽然不是扫荡但聊胜于无吧，肉鸽也算是比较优秀的玩法，就是比较极端，爱玩的人非常爱玩，不爱玩的碰都不想碰。 一开始我觉得这游戏不会有强度焦虑，但实则不然，这游戏越到后面越恶心，新角色逐渐淘汰老角色，不多举例，懂得都懂。你不抽新角色就是打的慢打的受罪，这是不可否认的。那你抽不抽呢？从维出来之后新干员动不动就是三体人，一个人包含几个职业特性，纯司马了。你看前几年那有现在强度变化幅度这么夸张的。本来你这游戏一年算一个联动就五个限定了，平常300井，而且随着限定越来越多，卡池扩充角色越来越多，歪的概率也变大了，歪点new或者有用干员升一升潜能还好，歪一些蛆直接心态爆炸，而且这卡池是没有硬保底的，意思就是你可能一直抽不出当期限定，非常恶心，我图鉴越高，抽卡越难抽，我玩的越久，up概率越低，什么意思，杀熟吗?这卡池不就是米池的概率结合了井池的低保，放在现在合适吗？还是说你游戏日常产出够得上这五个限定?算了，实际月卡党三个就烧高香了吧。我就说今年，从余到拉特兰，夏活星熊，联动，半周年银灰哪个不该抽?我期期礼包买完还有直氪，前面两个池子还好没那么恶心，后面演都不演了，二百多抽就一个星熊，银灰更是三百抽没出，牛逼完了，我要是继续抽下去是不是抽到600也不给我出限定up?当今热门二游谁家游戏三百抽抽不到up你跟我说一下吧？司马了银角，抽卡被恶心就算了，游戏本身玩法不想着做，拼命做联机玩法，你优化做了吗我请问，关键联机也是烂，太幽默了。 而且你这游戏养的狗我真是草了，我寻思提建议能不能普通关卡增添扫荡功能吧，反正战力碾压直接跳过战斗了，生息肉鸽这种也整个托管或者重复刷取战斗的功能，方便挂机升等级。然后就有人跳出来说；啊，你为什么不用挂机脚本。有脚本不用你不是煞笔吗去怪游戏。我只能说，这些人真无敌了。,2025/12/15,来自 Android 设备
无敌伽拉大王,玩过 615 小时后评价（总时长 892 小时）,5,好玩,修改于 2025/12/15,来自 Vivo IQOO 13
QQ用户8036677,玩过 2 分钟后评价,4,太歪啦，夜刀120吃满，220抽2个小刻4个黑角，到底up谁啊 2023.8.1 羊池256发出了5个诗怀雅，1个山，才出了个羊😇 自大哥池平均210发才能抽到限定 音乐好听，加一星 怀黍离音乐很带感，再加一星 音乐无敌啊，再加一星,修改于 2025/12/14,来自 iPhone 16 Pro
A,玩过 110 小时后评价（总时长 225 小时）,5,康爆啊！好玩😝,2025/12/14,来自 Vivo S30
别大4我,玩过,4,好玩，但手机换了号就没了,2025/12/14,来自 Vivo Y55t
万事kaito难,玩过,5,鹰角美术是无法形容美....喜欢喜欢,2025/12/14,来自 Android 设备
柠檬带带,玩过 1715 小时后评价（总时长 1757 小时）,1,又牛魔全面测试了，狗槽的你无敌了 666，还有雷区蹦迪，不如你告诉大家我就是全面了，你们没测上不关我的事，我就是喜欢上黄牛百万撤离。到时候老登一入坑，看到自己篮子都没有，在看隔壁的人家又是纪念头像框又是纪念名片卡的，还有高反利，最后只能说一声奇技淫巧是吧？不如牛魔的全面之道是吧？ 然后给的奖励也扣你牛魔的，你牛魔的不如上来就让牢玩家直接背上你那byd贷款，源石直接-325，不还完贷款不让你正常过主线。沟槽的恩情还不完了，属于是。 全面测试不如私服再见👋 ————————————————————— 限量记名付费删档测试=全面测试？ 全面在哪了？我请问了？真成老B登了 填uid原来是用来防我来的，三次了一次都没有过，拖了这么久，之后就整出来点这？下次建议直接把有明日方舟号的老登想要下载终末地全部付费648 游戏性上来说，最近的新活动也是左脑搏击右脑，哪怕是修改过也是左右脑互搏，大羁绊和小羁绊互相肘击，还有一堆没用的东西，两个爆款，抄出一坨来也就你了 都快6周年了，从一盘一盘的看你那个byd录像带，从开服就有无数次的提建议从来不看，但为了破圈就可以直接多倍速跳过，每回运营都能整出来大活来，下回再整个多索雷斯假日，再整一个你那个byd双五星池子，再整一个你那个夏活双六星，嫌自己活得太长了是吧？我们的陪伴都成了你前进路上的消耗品是吧？我们之前陪你走过最平凡的日子，到现在选择清算了吗？把所有老登全部弄死，也想当神之手了是吧？,修改于 2025/12/14,来自 小米Xiaomi 14 Pro
呵呵,玩过,1,一句话，煞笔未许之地，超小杯地图,2025/12/14,来自 一加手机Ace 5至尊版
时间酿酒,玩过,5,也是玩了很多年了，虽然当时玩的时候不知道什么是官服b服。很喜欢他。,2025/12/13,来自 Android 设备
风,玩过,5,搞得我上瘾了,2025/12/13,来自 Android 设备
起舞弄清影,玩过,1,我真的受够了，神人游戏神人设计师，这个未竟之地活动设计的什么玩意？本来初雪精二终于出山不用再借别人的干员了，结果这活动的关卡新机制居然是可以关掉我方干员的永续之类的状态，合着上版本刚出的干员下个版本立马克制？难怪一堆六星干员不是这个小杯就是那个中杯的，温蒂出了精英怪就推不动，灵芝出了之后精英怪加冰冻抗性，锏出了精英怪就加战栗抗性，为了针对ew就出隐匿+高免伤的精英怪，合着初雪出了是不是经常会出动不动就取消干员永续状态的关卡？不是针对这个就是针对那个的，还天天推出什么新机制，什么这个神经损伤那个束缚的（特指仇白），真的搞笑，新干员在下个版本当场入土。送的福利也是最扣的那一批，出了许多六星都是凑数的，模组也不管，干员也不加强重做，出烂了就烂了，还能污染一下玩家的卡池。而且每个关卡设计的一定不能让你过太快，就必须让你看着那个录像。长夜临光入坑的，如今真的要再见了明日方舟，我真的吃够了。,2025/12/13,来自 Black Shark 5 Pro
云洛,玩过 149 小时后评价（总时长 183 小时）,5,好玩,2025/12/13,来自 Android 设备
。,玩过,3,"听朋友说抽卡爆率高才来的,这个360抽六个六星...",2025/12/13,来自 Android 设备
木本奇,玩过 286 小时后评价（总时长 502 小时）,3,能把肉鸽的结算画面改一改吗？每次打肉鸽打完都会被硬控几十秒钟。🙃🙃,2025/12/13,来自 Vivo IQOO 13
User322724872,玩过 873 小时后评价（总时长 975 小时）,3,为什么助战只能借和你等级差不多的玩家,2025/12/13,来自 Redmi Note 12 Turbo
空白,玩过 191 小时后评价（总时长 250 小时）,5,明日方舟一定觉得这关老有意思了😅,修改于 2025/12/13,来自 红米 K70
破灭之罪,玩过 51 小时后评价（总时长 116 小时）,2,神经病吧，明日方舟，末许之地这个活动都快结束了，又突然把boss关难度提高，干啥？咋的，刷都不给刷了？之前刷了几十遍，结果今天再刷还刷不过了,2025/12/13,来自 Android 设备
仙贝,玩过 5144 小时后评价（总时长 5347 小时）,1,这几年肉眼可见的在引诱你氪金，这对于游戏来说无可厚非的是没问题，那么一分钱一分货，说说缺点： 时装质量参差不齐，要么是立绘好看小人一坨要么是立绘一坨小人又做的可以，画师和小人制作不是一个人可以理解，但是能不能沟通一下做好点。阿斯卡伦的时装给实锤了抄袭道歉还是海猫的独自运营的账号发的道歉贴，为什么不在官方明日方舟发呢，无非就是经量压住舆论，可能有人说怪物猎人之前不是联动了吗应该没啥事，这联动合作和抄袭不是一个合作关系就容易原谅的事，事件其实也不是什么大事，也是一个展示了鹰角的一种舆论的处理方式。 剧情谜语专业术语太多，加上一整个世界观每个果家的历史和事件势力对峙，打戏一坨平移，要么就多画点关键帧，一个精彩的打戏全靠文字输出不如直接听小说，导致看剧情上手门槛太高劝退很多人，真要看的又转移到解说博主来缓解，这本来是游戏的问题，在你上次看到的地方你要是有事看不了了你再回来看你还得再打开来加速到你上次看到的地方，还有博士的三选一选啥都一样的选择来卡一下你，我寻思加个书签功能不是什么难事吧，在资料档案里优化一下势力解析历史简介之类的把专业术语解释一下不行吗。 活动玩法上这几年也是一点一点在创新是没错，早干什么去了呢，且那些好玩的活动都是一点一点社会性实验一样做的一坨就放出来看看反响怎么样，早期的生息演算第一次限时开放是好玩，你常驻下来，手机卡、限时、地图大的一批、配队还要频繁换、饮料是不能快捷喝的、给干员吃料理也没个快捷反馈。肉鸽模式做的是挺成功的，好玩多做几期，然后做了五期出来，且不说这几个东西对干员练度的需求，每期的免费希望干员给你三星换四星，界园你还可以零希望招募五星干员，就是诱导你练干员来增加这模式的舒适度，我就问你这d游戏资源从小卡到大的有几个人资源能溢出来，本身是促进一下干员上场率多诱导插卡，然后我再问你，有多少人能打完你这五个肉鸽的体量内容，我觉得萨卡兹已经是肉鸽巅峰加结束就完美了，然后因为有生息演算和保全派驻的前沿又不敢大胆创新，社会性实验的半成品活动也不做，然后就是老ip继续炒，更新了新内容那些常驻的老玩家还不是屁颠屁颠玩是吗？傲慢的态度是看到活跃率低迷了开始做创新了，要优化了，知道圈米圈少了才知道动？卫戍协议是好玩啊，难道现在不也是半成品吗？bug也是一堆，生息演算这种常驻的也是bug一堆，鹰角自己都放弃这个生息演算了，而且卫戍协议的数值填了一坨还紧急修改，绝密就纯看运，商店没刷出想要的干员直接寄，那些阴间怪得天胡才能过，我就不懂了还有队友能抢干员的设定，本来绝密就得禁俩个流派，流派也本来就少，你发育到一半撞车俩边都不好叠层数。 保全派驻不掉模组数据块这个东西，算盘打的也太响了吧，这是圈米圈的最恶心的设定，他吗模组设计的史一样，好用的模组可能又在后面更新的二模，然后你一模又升成三级，你要想再开好用的模组其他干员更别想着开了，卡通货让你需求爆炸的逼着买现金组合包。中坚寻访和通常寻访的凭证不通用，新玩家要是想拿点好用的老干员直接闭环了，我不懂这个能恶心到几个氪金老登，反正你在两级分化的时候我就几乎拿完了，然后花了点资源补图鉴，本身这两极分化是很好的设计，你非要搞这个凭证不通用，这个设定最大受害者还是新鲜血液，不懂你和这玩意过意不去我是不懂。 数值膨胀这方面在维什戴尔后就放飞自我了，你要说游戏没有数值膨胀是不可能的，适当的膨胀是有利于发展，在哪之前一直都很克制的出，类似于从1~2的缓慢提升，维什戴尔就像是从1直接到了6一样，后面的干员就开始要么和维什戴尔一样给你的一整个职业颠覆性的认知，要么就是在她之下的数值导致会让人少抽取，萨卡兹dlc和界园肉鸽都有刻意针对的维什戴尔，就像是高台附近不能放祖宗隐秘，界园的符纸优先级贼高的骗炮，这不是乱设计的，就像是高层领导压力员工卡池流水太低多出点强力干员诱导多抽卡，以前的新干员是各个职业中很好的向上替代但是不超标般，维什戴尔在轰击手里唯一的对比六星迷迭香就不是一个级别了。 当然游戏优点本身质量过硬，每个干员的设定都不错，音乐顶级，剧情要是看的惯文戏是很足且量大，对于新手还算友好，前期除了资源材料匮乏，中期基本低配能获取很多资源，只要你没有大量时装需求就完全是没有氪金必要，月卡党的资源循环很强。 现在的我就是一个每天全勤上线收菜，直接电脑自动日常、活动、合约这种高难度直接抄，对于关卡初见一点敌人信息都没有的情况下要么是直接数值碾压无视机制要么一点点更改干员攻略机制一点一点试错一点兴趣没有，我是对于新出的玩法活动挺感兴趣，但是本身的半成品耐玩新差的，使我对于这游戏的热情一点也没了，只看到各种诱导性氪金圈米，现在我也不是主玩手游了，还是热衷于主机这类单机游戏吧，持续运营游戏是需要创新性玩法的本身质量够硬的组合拳，当然鹰角还是有很大的容错率的，本身的庞大玩家数量基础，很少有玩家看到鹰角的缺少创新 而且现在主力圈米推动新游戏制作和宣传，这游戏就和种菜一样稳定的收入来增加鹰角的扩大。,修改于 2025/12/13,来自 Redmi K70 Pro
咸鱼中间游,玩过,5,今年入坑的新人博士认证好玩,2025/12/13,来自 Android 设备
将离,玩过 82.9 小时后评价（总时长 233 小时）,3,新人好不容易过了UR8，刚打完你代理打不过，你是煞笔吗，你这不会改吗，你这游戏都几周年了，还这么蠢，搞这代理不是智障行为吗有点意思,2025/12/13,来自 Android 设备
答达,玩过,1,破大防，语终奇无天胡局，打到boss家门口卡死了。**鹰角到底什么时候能修改保存进度。还有打卫戍，我的天啊。打原神都不会卡成PPT但是打舟却会这是为什么呢？因为舟喜欢自家的PPT剧情演绎吗？😠 你懂金杯吗？我的金杯局！,2025/12/12,来自 HONOR 200
修,玩过 51 小时后评价,4,难，非，抽卡需规划，退了,2025/12/12,来自 OPPO A72 5G
eee.,玩过,5,方舟我求你了，让卫戍成常驻吧，我真的很喜欢玩！！！😭😭😭😭😭,2025/12/12,来自 Android 设备
春枫,玩过 91 小时后评价（总时长 252 小时）,3,不说废话，卫戍协议不加入常驻扣两星,2025/12/12,来自 Android 设备
海风云雨,玩过,5,明日方舟还是挺不错的,2025/12/12,来自 HONOR DNN-AN00
仙女妈妈,玩过,1,上半个月刚研究明白机制不久，全是bug不说我点跳过点不上视频一拉开哇靠天塌了🖕🏻🖕🏻要不咱就不上要不就常驻好吧怎么的？上半个月就着盘子吃s呗？凑点羁绊跟m飞了一样难😅还有你那个怪56个隐匿怪哥们你怎么想的？还有您家这个池子我真玩这么多自走棋我都看不懂你这个池子到底是什么个意思？他是共池？还是单池？这些都不重要😅自走棋都不能常驻你让我一个入坑不到半年的人每天张草吗？推到十五十六了我也算是快推完了吧？我现在每天也就问问卫戍然后那个能打合成玉的研究研究打玉马上也没的打了肉鸽玩不明白🌚看不懂加成是我的问题但是咱就是说这种简单好玩又能加日活又能赚口碑的模式为什么要下呢？马上过年了给大家表演一个我捅我一刀给大家助助兴吗😅,2025/12/12,来自 Vivo V2049A
哈基雀麻,玩过 37.7 小时后评价（总时长 55 小时）,2,你家代理是 fw 吗？你就不能出个扫荡功能吗？我辛辛苦苦半天打过去了，结果代理还是打不过，不是哥们你这代理怎么这么低能儿啊，一定要碾压对面代理才能打过是吧，还有那个卫戍协议，就连隔壁崩铁你没有的角色都给你个试用，连遗器练度都给你安排好了，你倒好设置一个最大借二十个，借过来的干员还有没练的，有些干员甚至还借不到，而且买过来的干员卖出去永远只有一费，还是共用卡池，你疯了吧，你游的社区节奏昏天暗地，搞不明白你这个游戏猎奇关卡猎奇模式那些设计师到底是怎么想的,2025/12/12,来自 Realme真我GT7
堵的,玩过,1,抽卡概率十分杀熟人 玩多了心凉,2025/12/12,来自 Realme真我GT8
羽溪,玩过 802 小时后评价（总时长 978 小时）,5,我又爬起来改评论了～ 真的很喜欢这样的二次元养成类游戏，明日方舟作为一款塔防游戏，最开始开服的第一天我是拒绝的，蓝后就退游了，直到两三个月前，我才回坑（因为我没脑子卡关）我坦白了，我就是馋yj家的立绘，我就是奔着画风来的，后来上头了（哎呦，不错哦） 唔……方舟这东西吧，主线剧情超级精致，梗超级多，可是没有玩家梳理剧情的嘛，搞得我有点……方，这玩意还真是贼难了，剧情有点难猜，建议后期剧情给多一点，现在玩着有点晕 然后？就没有然后了 放一个自己的账号 羽溪#2383 不玩了，没动力支持我玩这个游戏了，周年庆之后就再见吧 不玩个鬼，周年庆过了照样玩，方舟还是很行哒——————————不知道多少编—————难以想象我居然还在玩明日方舟。。。好玩好玩，真是太好玩啦，全都给我allin。不翻下一跳一翻才知道，20年就已经打了三百多个小时了啊😦我初中那会儿是真喜欢舟啊。希望舟越做越好吧，对了，啥时候异格维什戴尔,2025/12/12,来自 Huawei Pura 70
闹麻了,玩过,1,卫戍协议就是屎,2025/12/12,来自 小米24090RA29C
MORT1SSS,玩过 647 小时后评价（总时长 647 小时）,3,还行，毕竟断断续续玩了五年 可以玩，但是又不建议玩，剧情现在没刚开始好看了，毕竟是老游戏，设计和数值也达到了一些瓶颈期，属于是陪伴性副游,2025/12/11,来自 Redmi Note 12 Turbo
madao,玩过,3,回来强制问卷又劝退了。强迫症忍不住。,修改于 2025/12/11,来自 一加手机Ace竞速版
夏祭丶楓宵闇,玩过 2091 小时后评价（总时长 2150 小时）,4,我玩那么多年了，发现都没评论过，为什么扣一星，阿角自己清楚，我家小火羊艾雅法拉多可爱，那么多年了，就一个泳装皮和一个新出的限定皮，小火羊值得一个超高级动态皮！！！ 其次俺们小火羊的模组，那可是小“火”羊啊，二技能还是点燃，俩模组没一个能打灼燃损伤，以后二技能别叫点燃了，叫点不燃多好。 最后，阿角，我7年玩了6年了，中间确实退坑了一段时间，但错不在我呀，我也要生活的嘛，你让我硬吃了两次300井和5次200抽了，是不是过意不去了，你对得起我么，我希望下个限定池让我一发十连结束战斗，这样终末地资格不给我，我可以勉为其难原谅你。 就这样吧😈😈😈,2025/12/11,来自 HONOR HPB-AN00
送送送；#哦大家都#（#口打开,玩过,5,也是接上暗广了,2025/12/11,来自 华为MRT-AL10
南门落雨,玩过 7.8 小时后评价（总时长 8.8 小时）,3,被1999气到了再给一颗吧，冷静下来一看也就是鹰角的游戏亲和了，也许是塔防的底层逻辑的原因吧，但舟至少是我目前觉得二游里压力最小的那个了 新池子体验良好给你一颗 全推荐是秉着良心写的，一星是谁叫你叫明日方舟呢，除非终末地前缀不是明日方舟和你沾不上关系，不然你就给我受着，以后再看改不改分吧（补个游戏时长）,修改于 2025/12/11,来自 一加手机Ace 5至尊版
长明,玩过,5,啥也不说了方舟这游戏是真的好,2025/12/11,来自 Xiaomi Redmi K60 Ultra
我是一片云,玩过,5,"朋友拉入坑后玩了一年了 游戏难度上：除了刚入坑两三个月，因为缺角色“将挽歌燃烧殆尽”的活动EX板块的普通抄作业都打不过以外没啥难受的点。 社交性： 每年会出好几个联机活动，如果有能进语音一起玩的话体验会很好，野排的话体验不差但也不会特别好。 抽卡：（力推） 玩别的游戏非到没边了，只有明日方舟是真的对我好（新手开局十连三金哦😯） （以下是别的游戏非酋证明：原一直都是红的,高活跃度氪金也改不了,被恶心退过几次游了。第七史诗神秘池200抽保底是常态。崩铁玩了一年,刚入坑十抽出饮月,但后来全是保底。忍三保底吃吃饱。玩了1100H战雷签到奖励最好的只有100W银狮）",2025/12/10,来自 Huawei Mate 60 Rs
魅魔高松灯,玩过,5,25/12/10 卫戍协议常驻！！又一个能让我玩通宵的模式 2024/7/15 五星 我是集批 2020/1/13 二星 tap得奖也没个奖励，ios登顶了倒是送十连，合着你们眼里只有钱了，风评什么的也不管了，过年捞一波就跑呗 还有你游的出货率我是真的不敢恭维，虎鲸up那会我氪了四单才出，歪得各种各样,修改于 2025/12/10,来自 Web 官网
灵光渡003,玩过,4,💃🏻立绘建模： 这个精美程度真的不用多说👍🏻 💎资源获取： 每天的不同开放资源关卡不太满意,2025/12/10,来自 华为TGR-W10
低分是我无能,玩过,5,卫戍协议永驻！！！,2025/12/10,来自 Honor Play 6T
gg,玩过 334 小时后评价（总时长 359 小时）,4,💃🏻立绘建模： 中规中矩 💎资源获取： 福利不错 只是不想打 🧝🏻‍♀️角色人设： 还行 ☄️成长体验： 还行,2025/12/10,来自 iQOO Neo5 SE
无事乱剪,玩过 12.6 小时后评价（总时长 33.5 小时）,5,好玩,2025/12/10,来自 Vivo IQOO Z9 Turbo
方法的,玩过 961 小时后评价（总时长 1054 小时）,5,11.4小号忍冬也出了，果然还是要早起😍 11.3小号出拉狗，大号出忍冬，爆率还是蛮OK的，抽不到不应该是自己运气问题吗？这也能怪游戏😥 满分，必须满分 11.24，有一说一，新模式没咋玩懂，不过问题不大，不玩就好了😇 12.19，终末地二测了，在这里聊聊我对方舟和鹰角的看法吧（叠个甲，以下只是我的个人看法，说是孝子什么的都无所谓，好的部分该夸就夸，做的不好的该骂就骂） 方舟最开始是21年第一次下载，当时年纪小，真的很浮躁，很多东西没办法慢慢去体会，然后第二次是23年，我感觉也是有所成长，只是针对我自己，我第一次去感受一个游戏，揣摩剧情，琢磨玩法，第一次能够沉下心来去玩一款游戏。 抽卡肯定也歪过，也吃过保底，两百多抽啥也抽不出来也是有的，但是我觉得都是可以接受的，人总是有运气不好的时候，这个是找不到谁去怪的。 关于剧情方面，粥的剧情能力一直都算是比较在线的，事实上也能够经得起时间的考验，能够撑起这么一个庞大的世界观，能够认真的去写一些小人物，去写群像，去塑造角色，是一件很不容易的事。 美术方面没什么好说的，我个人对这方面比较迟钝，反正大家有褒有贬，有夸有骂，（ps有些角色的脸型真的怪） 音乐方面的话，音律联觉这个东西，我感觉是国内第一家游戏公司，做的第一个线下的类似演唱会的盛宴。可以说是开先河了。 包括粥有自己动漫这点，我觉得鹰角对自身IP的开发已经做的相对来说很好了。 游戏性的话，一个塔防游戏，甚至是数值塔防游戏，很难在游戏性做出实质性突破的，比如保卫萝卜 比如植物大战僵尸。而粥包括鹰角其实一直在做这方面的尝试，比如集成战略，比如生息演算，又比如堡垒协议（好像是这个）。都是在塔防的这个框架里进行尝试。 关于鹰角，我一直都觉得是一家真心想做游戏的公司，包括海猫自己对游戏是有一定程度的理解的，我这里不是否定赚钱和做游戏之间的关系，钱是要赚的，但这和做游戏不冲突，一个好游戏第一个目标其实就是要活下去，要经得起市场的检验，说实话，鹰角在这方面做的很好。 25.12.9一年了，又回来评价一下，卫戍协议做的不错，几个版本活动也是可圈可点（初雪老婆真可爱）。另外声讨一下终末地，依旧没有资格。 也是希望方舟能一直活下去，补药似啊😇,修改于 2025/12/10,来自 Redmi K60
我喜欢吃橘子皮🍊,玩过 33.8 小时后评价（总时长 43.1 小时）,5,之前玩的时候一遍一遍刷太慢了，退坑了，现在可以一次刷6倍，作为副游玩玩还是不错的～,2025/12/9,来自 OPPO PGBM10
0.0,玩过 632 小时后评价（总时长 681 小时）,5,好玩 爱玩,2025/12/9,来自 Vivo IQOO Neo10
我ID呢,玩过,1,你们肉鸽设计是没活人了吗？抓位绑死能维酒，这仨打着都费劲的鬼图抓别的更打不了，开局前两张券重术医基本这把就烂了，要不是烧水我第二次都不想继续打，出这么久bug还没修，那背山靠水锅碗瓢盆路径穿箱子，一层鼠洞宝箱怪路径直接从地道上飘过去冲家，说明设计师自己做的东西自己都没玩过，还有电弧养成强绑难度分队结局，我就想玩低难割割草，没有去学运营的精力和时间，也没有总是胡局的运气，那你的意思是我就不配练满这个角色吗？ 孩子们，电弧任务我吃完了，前排出借官服满练专九电弧，不得不说这界园就视使😇😇😇，母鸡卡普通关怪数值在更ex关之前简直乱填，b设计师又tm皮痒想试探玩家底线，但是评论区好像有一些管不住手无井下池不攒抽，沉船还allall叫的，按头硬打打不过还不看攻略破防的，资源乱给不养三四星通用平民战神阵容练度不够怪主线难度上升的，无核难打不借助战抄单核的抽象人机出现了，这边是建议以上人员跟我一起出门右转集成战略去界园抓一兜术士券的，紧急背山面水的，双重戌绘的，生性多疑的打一天一败涂地结局😇😇 孩子们，能和界园掰手腕的矢出现了，这卫戍协议的哈比牌库没有人类了，抓战力商店库库发奶和挡一，出折射只能d到法师，奇迹是不生效的，一匹配就四个霉b一起十一回合观光车，没一个能兜底的，前几回合唤潮术士，拳击手这几个b怪一出基本就等着-10了，设计师是有活的👍🏻,修改于 2025/12/9,来自 Redmi K50
果奶,玩过 809 小时后评价（总时长 829 小时）,3,游戏性一般，剧情好看但画面效果太差了，不是老皱皮看不下去，还没配音，抽卡难评，只能说还行，萌新斟酌后再入坑，免得玩了还得骂,2025/12/9,来自 小米Xiaomi Civi 4
幽骤SeeD,玩过 201 小时后评价（总时长 226 小时）,4,什么时候异银出模组😡,2025/12/9,来自 红米 Note 11
开心面具,玩过 2462 小时后评价（总时长 2544 小时）,2,？鹰角你是不是飘了？ 你什么时候把你那剧情改了再说 ——————— 五星给游戏，负一星给剧情。（然后看在ACE是我大哥的份上再给一星） 总的来说还算好吧，就是一开始脸有点黑。十连六星保底出的是洁哥（然而我现在能天使、星熊、陈sir都出来了，洁哥还是潜一） 后来开始不断地刷剧情，刷进度（一度卡在第二章，纯物理输出的痛苦）。进度刷不了就刷练度，本以为我的理智能刷到天荒地老，然而…… —————— 咳，后来练起来了术士，才发现自己还算是个亚洲人，开场抽到了凛冬和临光，以至于我都没怎么练奶，全靠猫猫头输出。 —————— 后来想攒石头来一发十连，却发现石头不够用，思来想去忍痛氪了一发，然后十连紫气东来。（高三刚毕业没啥经济实力，差点……） —————— 当时一度想弃游，后来肝突袭又手痒，单抽——出了星熊。 那个时候我笑得像个傻子，毕竟是我第二个六星。 然后又抽了一发，是徳狗子。 接着或许是德克萨斯保佑，空和能天使也来了。（高资和资深词条在一个公开招聘，当时没被吓到崩溃）（拉普兰德做得到吗？） —————— 现在，因为高考成绩不佳，要复读了。 然后今天换着感叹的心情单抽，出了狮蝎和铝热剑圣。 ……差点以为这个游戏成精。 —————— 总之，虽然这个游戏换着花样折腾我，但我还是抱歉的要说一声：阿米娅，我暂时不当刀客特了。 一年时间，看看罗德岛会变成什么样吧。 再见了，Arknights。,修改于 2025/12/9,来自 一加手机Ace 5
汉斯猫,玩过,5,卫戍协议真好玩,修改于 2025/12/8,来自 Vivo IQOO Neo8
小妖,玩过,2,连发超大杯，虽然我都抽到了但还得给你个差评,2025/12/8,来自 Vivo X100 Pro
叶天帝,玩过 316 小时后评价,3,新地图差评，虽然我有练巡空者，也抽了娜姐，但是就玩的不爽 其次问卷控了哥们15分钟，是疯了吗？,修改于 2025/12/8,来自 Android 设备
未知,玩过 150 小时后评价（总时长 200 小时）,4,游戏本身还是很好的，二游与塔防相结合的游戏，抽卡也没什么雷点，基本上想要的都可以抽出来，对新手可能不太友好，前期教学长，容易让人玩不下去，最重要的一点，粥的画师都非常厉害，立绘精美，不管是男角色还是女角色，总有让你喜欢的,2025/12/8,来自 Android 设备
寒寒,玩过 190 小时后评价（总时长 316 小时）,5,好玩，对平民玩家友好，建议入坑，鹰角还是挺良心，干员养成比较简单，抽出来就是完全体，不逼氪，希望对老玩家也再好一点，特别是卡池😭😭😭,2025/12/8,来自 华为ADA-AL00
起源·小飞,玩过 44.6 小时后评价（总时长 67.4 小时）,1,也够游戏。数值随便摆，氪金随便爽，卡池随便歪 也够游戏，沙比卫戍协议找个想玩契约都几把要禁你几十秒，肉鸽也是，闹弹,修改于 2025/12/8,来自 Redmi K70 Ultra
CT7557,玩过 1147 小时后评价（总时长 1230 小时）,3,我算是中登吧，略微谈谈我对方舟的一些看法😋 先说抽卡方面吧，我个人感觉抽卡爆率搭配福利算二游里比较高的了😋，目前玩过的二游有原铁绝碧蓝，航线我没有深玩抽卡方面不做评价，没有接着玩了，单纯是觉得没啥意思，因为日常战斗，我个人感觉就跟那横版雷电一样，当然我可能说的有些过分了😂原铁我是一直歪的要命，就绝运气稍微好点😂方舟我个人感觉他卡池和福利的有4点，第一点别人讲过我忘了，但我个人方舟出六率约为48~50抽左右爆率这一块我只能说在碧蓝遇见过这爆率，第二点方舟它一定程度上抽卡资源能自搓虽然产量并不高但也能弥补一些抽数，不过代驾是要占用一定的养成材料，所以我个人不推荐小登去搓玉🤔第3点我个人认为就是角色保值，我开荒算吃的比较好的了，当时用的鸡翅，黑键，送葬人，新手池捞了个银灰，银灰作为2019年也就是游戏开服时期的角色，放到现在照样能打，而且就算伤害不够了，他还有大范围破隐以及减少再部署两个强力特性的加成，更别提发了新模组之后照样能c了，原那边我玩的其实不是很深入，纯属我同学硬拉着我去玩的我当时用的是1+1神里凌华玩到后面须弥可以说几乎砍不动了，不过也有可能是我的事，他们角色配队我研究的不是很明白🤔崩铁的话可以说是我自己去玩的了，不过我并不能算从开服就在玩的，我是开服稍微过了一段时间才开始玩的，当时剧情差不多到仙舟，我抽了卡夫卡，景元歪了随后一直玩到皮诺康尼结束退的，但新开的那个我稍微去玩了一下，崩铁我基本靠xp抽卡，抽的卡夫卡，黄泉，翡翠，飞霄，知更鸟和星期天纯属乱抽捞出来的，遐蝶是当时看着蛮轮椅就硬肝抽出来的，只能说崩铁角色保值这块属实不行，而且我个人觉得圣遗物这玩意纯依托答辩，卡夫卡我很久没用了加强之后也没用过，不清楚情况，我翡翠基本是搭配黑塔打虚构的，黄泉砍到后面个人感觉是越来越砍不动了，绝的话纯属奔着简去的，但我这人属实玩不来这类型的，后面硬捞把雅捞出来了，然后去抽了歌姬，再到后面新年活动那会就退了，个人感觉雅出来之后是直接把简爆了，雅甚至一定程度上能顶着冰抗杀，绝最开始那个鲨鱼女仆不做评价，因为我没抽，但听我朋友讲现在得靠手法才打得出伤害🤔哎呦我去，咋跑题这么多了😥算了，都逼逼这么多了，也懒得删了😂然后第4点个人认为就是并不要强抽角色，当然这有可能跟第三点有些冲突😂第4点我感觉最明显的就是崩铁在流萤出了之后一直在强推火怪，当然也有可能是我个人看法，方舟这边要是没抽到角色，有不少下位替代当然某些纯轮椅除外比如说益达和狗剩😋但是方舟你是可以去借角色打关的，原铁绝都不行，碧蓝的话我不做评价碧蓝主线我才推到八杠多😝然后就说音乐了，音乐这方面我个人感觉方舟算是非常优秀的了，这里推荐几首我个人比较喜欢的，首先就是愚人曲，然后是孤星的音乐，再然后是14章的音乐，揭幕者和ccb海个人感觉也很棒，岁家活动岁像的音乐更是顶尖，巴别塔的音乐也做的特别棒，然后个人认为水月肉鸽和萨卡兹肉鸽的音乐做的特别棒😋 游戏性方面，我只能说每个人的爱好都是不同的，认知差别很大是正常的，对于一个游戏的好玩与不好玩，不可能所有人都能做到一致😁 个人感觉肉鸽这方面可以算把方舟游戏性拉满了，当然界园除外，纯纯恶心人😡生稀盐酸，我只能说鹰角属实没搞好不过我还是觉得挺好玩的，虽然说没有像某些大佬一样全图基建，但我基本上该建的也都建好了😋不过对于日常关卡来说我只能说神人刁民能不能死一死😡你看看人工人爷爷再看看你们这帮废物😡 好的，现在来讲讲肉鸽这方面啊😆哎呦我去，怎么只能发三张图啊？😡 肉鸽这方面也不能算研究太透彻吧，就萨米和萨卡兹打到N13的水月是N7界园N8，傀影肉鸽更新了我没去打😓 好的，第一个就先从傀影讲起吧不过我研究的不是很透彻啊所以有很多会是主观看法😋 傀影肉鸽可以说最影响游戏的就一个字，穷，藏品给太少了地图方面更是不少鬼图不过我这人一般不咋记地图名，有可能会说错名字，还请见谅，不过boss我可以讲一下😭 首先第一个我个人觉得鬼图就是那个骑个独轮车的那玩意，不阻挡全图掉血，有时候脸黑打到第5层都抓不着奶，遇到这玩意可以说三层是必漏的😡然后就是无🐴石像，哎呦我去，你咋这么坏呀，快别晕了我靠😡 水月肉鸽印象里基本没什么鬼图，除了水火相融和一张有很多狂暴宿主的图还有一个上面一个蓝门三个出怪点，下面一个红门，紧急会加一些箭台的图，也有可能是我太久没打水月给忘了，😓不过水月肉鸽给我的感觉真的很棒，尤其是他的音乐搭配怪的设计，我觉得水月最鬼的boss就是骑士了，谁打他谁被冻，后面借了猪咪才好打一些😡不过单论难度的话，我个人认为是水月﹥伊莎马拉﹥骑士>海沫不过毕竟距离我打水月很久远了。再加上打法有可能跟一些人不同，所以对于boss的见解会不一样😓 然后有人如果看到这了，应该会好奇，我目前评价都挺好的，为什么只给三颗星？我可以算相当一部分程度上是被角色拉进来的，虽然之前也玩过，但因为那时候没有自己的手机所以号丢了😥可以说后面下回来玩纯是为了霍尔海雅来的，但是抽霍尔海雅可以算一直都在歪，直到今年夏活才抽星熊的时候才歪一次给我弄出来😭一直都很喜欢霍尔海雅的，一直在期待有皮肤，后面看音律宣传图，顿时感觉美爆了，但是进游戏买皮肤却发现那差距有些太大了😭 综上所述，原定5分扣2分😡,修改于 2025/12/7,来自 Huawei Nova 9 SE
fvgy,玩过,5,怎么安装不了新版😭,2025/12/7,来自 OPPO A72
夏诃音,玩过,2,我的游戏数据全都消失了，之前卸载了，现在重新登上去数据全都没了,2025/12/7,来自 Android 设备
懒得取名字,玩过,5,好玩爱玩，肝都给我玩废了,2025/12/7,来自 华为 荣耀畅玩20 5G
.,玩过 172 小时后评价（总时长 263 小时）,5,市面上有点名气的游戏基本都玩过，专注某四字芬兰游戏四年半，被阿米娅代入明日方舟。其实我之前说过绝对不玩二游的，唉，可是阿米娅真的很好啊。就是这抽卡对我不太友好，别人的新手保护期我一点没体验到，第一次抽夏活池子57抽歪个奶羊（虽然很强），63级的时候才见到第一个高姿，没话说。,修改于 2025/12/7,来自 Android 设备
余唔,玩过,3,今年三月注销了，不过是b服的，19年开服老东西了，除了耀光没抽出来，注销前的限定全有，感觉从24年夜刀开始好像就没有一次是70抽以内就出货的，越来越心累，索性直接注销掉了,2025/12/7,来自 小米Xiaomi 17
印加枪兵长,玩过,5,游戏里的模式一直在创新。,2025/12/7,来自 华为GFY-AL00
乐氏乐尾,玩过 608 小时后评价（总时长 657 小时）,4,过完新支线剧情，略有感慨，想起以前总觉得粥的演出和文案旁白是硬伤。现在看来看去反而有了改观。 运营福利好，商业化平衡也有比较成熟的把握。以25年上下的所有版本为止，优化和减负也是极为出色的。还真是早起被鸟吃，晚起有福享啊。看得出来，这些优化选项还是可以再提早些，不过奈何明日方舟只是一款手游。 新模式新玩法，除了被诟病不完全服务全体玩家（可以理解）和经常只提半桶水就上路以外，最终的成果还是有诸如集成战略和卫戍协议这两个较为成功的模式，这也让人相信yj有能力、有想法去展示自己的创意和应对玩家的长草期，进一步深化产品的策略与游戏性。 综上，明日方舟是一款值得投入80%的信任的游戏，这在一众国产二次元手游之中已经算是极为罕见的。反正玩的越久越能体会到通过一定的资源规划后的整体体验的惬意。 尽管这么说可能对非酋不太友好，不过我也懒得考究什么幸存者偏差，我运气好坏都罢。运气差自然会有一些坏脾气，人之常情，但归根结底，还是保持良好心态最重要。 最后单独从剧情、演出上，除了剧本本身参差不齐的质量问题，演出也有不少缺点。虽然现在看起来进步了不少，但还是难见有什么突破性的改变。我懒得去考究yj的体量、流水和yj手下的美术与文案组的成果质量之间是否成正比，但希望在明日方舟度过更多岁月后它不会让人失望或者还将印象停留在现在以及过去。,修改于 2025/12/7,来自 HONOR GIA-AN80
糯米糍吧,玩过,3,感觉我入坑时机不太对，没啥资源，玩了5天合成玉就够抽新手池20抽，还有送的一个普池10连，活动本几乎打不了，总体不是很愉快。 上一个活动还能打过第二关，新活动第一关都打不过，推荐等级20还是30，反正我50打不出伤害，有点懵。 养低星对于我来说很不习惯，虽然需要资源少，性价比高，但总觉得不得劲儿。 玩法倒是挺有意思，但大概我不适合这个游戏，已撤。,2025/12/6,来自 Android 设备
域想不到,玩过,2,出老奶我忍了，这次你整个蜥蜴头是啥玩意，看预告还没那么抵触，真上游戏领到的那一刻心都死了🤮，信赖都不想刷。真有人喜欢这种吗？这次是赠送五星，下次呵呵😃。领到就是污染眼睛。,2025/12/6,来自 Huawei Mate 60 Pro
小马户子,玩过 1348 小时后评价（总时长 1456 小时）,1,玩的不舒服，感觉开始恶心老玩家了,修改于 2025/12/6,来自 Vivo IQOO Z10 Turbo Pro
kk,玩过,4,提个建议，预设配队能不能多给几个，四个压根不够用啊，来回调整干员，整个几十个配队，自己配好了想用啥用啥多好,2025/12/6,来自 华为HED-AL00
ZiTA1*💭,玩过,2,矮子里面拔高个的那个高个，在这个集体宰猪的环境下还算能玩的游戏。游戏里面的道具定价很贵，一抽大概在20元，但是好在可以拿时间换资源，如果不充钱那么抽一个六星并且养成需要你一个月之久，时间成本巨大。策划很懂人性，利用人的欲望逼你氪金（不喜欢等待控制不住自己的人赶进度就要氪金）。这个游戏经常有人说不需要花钱但我看未必，首先如果你不精打细算的省资源那么体验完整的游戏内容起码需要2年时间，时间成本也是💰。可玩性上其实也就那样要说多有策略我看也没有毕竟都有一个干员清图这种逆天的东西了，本质上还是个赚钱的工具有些孝子大呼良心我看是性压抑久了不管是人是猪都觉得美了😃,2025/12/6,来自 Android 设备
苏酒肆,玩过 175 小时后评价（总时长 177 小时）,5,塔防策略养成游戏，不同干员搭配可以达成不同效果，好玩爱玩。,2025/12/6,来自 Vivo V2047A
白修,玩过 393 小时后评价（总时长 402 小时）,5,真的特别好玩,2025/12/6,来自 Android 设备
吼姆,玩过 1098 小时后评价（总时长 1221 小时）,1,专门宰氪金的，你但凡充钱，爆率给你降到零,修改于 2025/12/6,来自 小米24129RT7CC
喵喵种子蛙,玩过,4,剧情大部分都很好，萌新入坑相比其他二游很友好了，但是介意卖肉的不推荐，yj从不审稿画师会夹带私货，冷门角色皮也少。,修改于 2025/12/6,来自 Android 设备
浅忆,玩过,5,这游戏一看就不好玩，每次不知不觉中就没理智了,2025/12/6,来自 Android 设备
你不认识的人,玩过,4,好玩,2025/12/6,来自 HONOR ANB-AN00
狂夢蝕刻,玩过,5,博士我比变形者集群好用,2025/12/6,来自 华为P30 Pro
喵喵咪,玩过 2348 小时后评价（总时长 2428 小时）,5,个人不是很会总结评价，就简单写点，因为是在还没成年的时候开始玩的中间有段时间被未成年制裁了，但是也是经历过大风大浪的几个节点 本人是很喜欢明日方舟的游戏模式，抽卡和日常任务也是轻松没有什么强制感，抽卡方面目前是有四连歪战绩并且每次歪都是60抽以上，也是无伤大雅，因为游戏角色如果是强度上并没有说某个角色是必须强制要有的，如果因为抽卡问题导致影响游戏体验，那我只能说祝你好运♡ 当然粥美工也是相当超大杯(*´ω｀*)因为本人也是有画画的兴趣爱好，对于每次立绘的争吵其实都是处于看淡的状态，除了水陈那种，其他的也希望真正喜欢游戏的能理性对待，希望大家的自推都能出美丽新皮肤 游戏都是有一个过程，不管是小登还是老登，大家都有经历过初期卡关材料稀缺的一系列问题，除非是真的钞能力能把游戏充成无敌版，那就确实没这个经历 我很喜欢明日方舟这个游戏，可能是我带了滤镜，但这个游戏确实是陪我度过了很长的一段时间，希望能更久更久 碎碎念的最后 欢迎加入罗德岛，祝你玩的开心，博士~,2025/12/6,来自 Android 设备
洛允音,玩过 19.4 小时后评价（总时长 48.8 小时）,5,好玩！之前为什么没有入坑呢...(°ー°〃),2025/12/6,来自 Android 设备
不会抚琴的鹿,玩过,5,好玩，就是能不能出一个类似训练营的功能，然后把一些基础小怪作为里面可以手动设置出现的怪，然后有伤害统计，技能冷却设置什么的。,修改于 2025/12/6,来自 Redmi K60
Godrellchin,玩过 341 小时后评价（总时长 369 小时）,5,嗯……… 怎么说呢（ 东西没少肝，米也没少送🙃 鹰角这货色陪伴哥们也蛮久的了🤔 只能说这将是bro接触的最后一款二游罢（）,2025/12/6,来自 Vivo V2463A
理塘真真子,玩过 1318 小时后评价（总时长 1347 小时）,5,味大，无需多盐,2025/12/6,来自 Android 设备
墨,玩过,2,这次的关卡配色到底是谁设计的，地面高台不可配置的地块有必要都是一个颜色吗，根本看不清楚，能不能下干员只能一个个点上去试，真是让人烦躁，存心恶心我们有意思吗。。。？,2025/12/6,来自 Android 设备
User736254772,玩过,5,有很多好角色等着大伙去拿。(就是能不能免费送一个干员),2025/12/5,来自 小米Mi 9 SE
蓝天救援,玩过,1,这次活动音乐阴间规则阴间策划能不能做点好活动出来？,2025/12/5,来自 红米K70E
风语轻吟,玩过 2464 小时后评价（总时长 2523 小时）,4,当时很上头，一直肝。 现在也就刷刷日常了。 肉鸽等一系列模式我也不感兴趣 坚持的理由有好看的立绘，不错的运气。,2025/12/5,来自 小米24122RKC7C
随便,玩过 538 小时后评价（总时长 538 小时）,1,先是老太后面有给你整巨蜥，我的天哪小众xp神游🤮,修改于 2025/12/5,来自 Redmi Note 12 Turbo
法明的谦让的龙蛋,玩过 216 小时后评价（总时长 444 小时）,5,为了和心上人多说一点话入坑的，总体评价超大杯,2025/12/5,来自 小米Xiaomi 14
神リムロ,玩过,1,老子每天就晚上能有空闲时间打一会游戏，经常一把肉鸽要分两天才能打完，昨天好不容易胡了一把，今天打完就能给电弧模组升满级了，结果BOSS关前一关不出怪，直接卡死了，ew暖机都好三次了，直接这把白打，我真服了，**sbyj,2025/12/5,来自 红米 K70
suki,玩过,5,我爱明日方舟,2025/12/5,来自 Realme GT Neo5 SE
人,玩过 4.4 小时后评价（总时长 13.2 小时）,5,可以，但太干了,2025/12/5,来自 5G I15
慵懒の橘猫,玩过 1060 小时后评价（总时长 1094 小时）,5,卫戍协议好玩,修改于 2025/12/5,来自 iQOO Neo7 SE
星野,玩过 14.5 小时后评价（总时长 19.6 小时）,5,玩了方舟之后我连飞机都不打了可能是我太笨了一个关卡卡我快半个小时气死我了😡还有角色不错可能是太精美了导致我都没找到一个像样的本子建议改进总体来说可不赖😋😋😋还有不知道为什么玩了方舟之后变得好神经啊整天看人家脚😂,2025/12/5,来自 小米Xiaomi Civi2
cia修啊噗llo派,玩过,5,第一发十连出的，我要玩一辈子明日方舟😋,2025/12/5,来自 Android 设备
小鸽子,玩过 132 小时后评价（总时长 180 小时）,5,這個算是二遊啟蒙了，明日方舟有一種神奇的魔力 我每次想退遊的時候 他總能用一些莫名其妙的手段把我吸引回來 先誇一下吧 我真的很喜歡這個遊戲 也算是我的一點私心，首先音樂 美術這方面方舟真的是無人能敵，特殊的世界觀導致了很多畫師的風格融入進去都不是很困難，所以你可以在這個遊戲裡面見到各種畫風的老師們的畫，而且美工那邊做的q版小人也很可愛，嗯 因為我實在想不出什麼詞了 所以接下來就說我不是很喜歡這個遊戲的一些點子，你很難想象2.25了 這個遊戲劇情居然還沒有時裝配音 還是一群立繪碰撞真的很難繃，而且有些時候出的玩法莫名其妙的聯機也是莫名其妙的 為什麼不能開麥或者打字溝通呢 真的很麻煩,2025/12/5,来自 OPPO Reno12
手机用户98409848,玩过 23.9 小时后评价（总时长 41.9 小时）,5,我玩了4年半了为什么时长才这么点？,2025/12/5,来自 小米Mi 10S
621998,玩过,5,剧情非常有深度，策略性也很强，三星都能推完主线，强度崩坏也暂时不用担心,2025/12/5,来自 Android 设备
失了智的屑博士八雲红🔥,玩过 3514 小时后评价（总时长 3547 小时）,5,好玩,2025/12/5,来自 Honor X50
白雨,玩过 196 小时后评价（总时长 308 小时）,5,好玩，无需多言,2025/12/5,来自 OPPO PFGM00
001,玩过 708 小时后评价（总时长 1371 小时）,5,嗯对 盲猜下次合约主题是大炎,修改于 2025/12/5,来自 Android 设备
冼r,玩过 5.5 小时后评价,5,ew强，无敌,2025/12/5,来自 小米2510ERA8BC
无嵐,玩过 208 小时后评价（总时长 293 小时）,2,游戏和建模个人觉得不错好玩，肉鸽这边奖励和可玩性也不错个人很喜欢 但是这个抽卡我就搞不明白了，跟没有保底一样的，连续歪连续歪，我一个萌新屯了半天直接三连歪还是基本上60抽出的，我就搞不懂了一个池子抽半天看不见一点希望,2025/12/5,来自 Android 设备
林莺,玩过,4,我是朋友推荐来玩儿的，很不错，就是攒资源有点困难,2025/12/5,来自 Vivo S30
憨憨秀不起来,玩过 1419 小时后评价（总时长 1485 小时）,4,角色养成消耗太多了，扣1分单纯是因为36理智只能换取1万龙门币，什么时候？有鹰角才能把材料本改一下，不然的话收益根本跟不上活动关 还有就是角色左右脑互搏，游戏设计师是干嘛的呀，设计个角色还得等模组，既要他强，又不要他强这样，那好歹也得扔到正常人的位置吧，看像君君有了模组才能算正常人，但是那些弱势角色...感觉已经没有出头路了,修改于 2025/12/5,来自 Realme GT5 Pro
kukuik,玩过 1124 小时后评价（总时长 1445 小时）,5,好玩爱玩！！！！ 明日方舟我要和你过一辈子。。,修改于 2025/12/5,来自 Android 设备
想不出名字,玩过,4,第一款二游 一般来说我这种人是一辈子不会玩二游的 我一直沉迷于我的世界那样的高自由度游戏 在某天看了一位喜欢的画师的粥作品 于是直线入坑了 没有任何二游基础 玩了一段时间 发现真的很 好玩 塔防真的是好东西 反馈快 上手也不难 剧情有很好的短篇 立绘自然都是好看的 平面设计真是顶尖的 塞壬唱片也好听 🐟,2025/12/5,来自 Oppo A58
User438402635,玩过 135 小时后评价（总时长 175 小时）,5,在如今的抽卡游戏里，断层的舒适,2025/12/5,来自 Redmi Note 12 Turbo
瓦莉拉,玩过 1540 小时后评价（总时长 1594 小时）,5,游戏好玩还良心，小登打得过，中登打得过，老登打不过。那个啥，yj能不能把我在ew版本之前冲的钱和源石退一下？,修改于 2025/12/5,来自 小米24090RA29C
User680049747,玩过 286 小时后评价（总时长 350 小时）,5,好玩,2025/12/5,来自 Redmi Note 11T Pro
泰拉瑞亚真君,玩过 267 小时后评价（总时长 380 小时）,4,为什么安装不了啊,2025/12/5,来自 Blackshark SHARK PRS-A0
钟离霖,玩过 1807 小时后评价（总时长 1910 小时）,5,四年牢博，总的来说这款游戏确实推荐，无论是是作为主游和副游来说都很不错。 优点 首先是你粥主要玩法。塔防类的玩法很有策略性，横向对比其他二游多了不少可玩性。 其次是福利和攒抽方面。现在新手福利很多，很容易就可以组成一个开荒的队伍。而且粥的活动奖励大多数新手就能拿到。抽数一般是够用有余一些的（月卡党）。 剧情方面，时神时鬼。处于二游第一梯队但是处于略下位。神的时候可以做出孤星，怀黍离，鬼的时候可以做出出苍白海。 最后是你游最大亮点，集成战略。集成战略可以说是舟游集大成者，在运营和操作方面都很不错。具体不多说，总之就是越玩越上瘾。（ps：界园不算😅） 缺点 资源的快速获取一般在入坑一年后，新手一年很有乐趣但也很折磨。（现在ew毁了一切） 现在的强度膨胀也开始变快，老博很担心走原神崩铁老路。 还有你游破双up爆率，真的没法说。 还有界园真的反人类，低难就要筛干员，我推上不了场真是棒到不行😅😅。发育也是一坨，限制路线节点，还少纵向节点。精1发不了力就不是人类，这个集成战略真的做到了运营玩不爽，全靠发牌心情😅（被打到心态爆炸，如果小杯见解请指出） 9月13日修改 目前看界园属于是玩法上创新。个人感觉前4个肉鸽像是干员与藏品在分不同流派，而界园像是在藏品和肉鸽本身玩法上做出不同流派，所以和之前的肉鸽不太一样。总体来说确实有很多亮点，但是个人觉得还是有很多毒点。首先就是针对肉鸽本身玩法进行创新的举动，导致了你必须要有一个能把肉鸽运营下去的队伍，使得肉鸽水温高了很多（筛干员这一块）。其次就是电弧成底层逻辑这块，而且你想玩到电弧就至少要解锁特勤，但是没有电弧很多小灯就解锁不了特勤，左右脑互搏。最后就是公式化，这次难度设置不合理，让干员可选取位少之又少，节点又差距过大，使得运营决策环境变少。 还有针对本次新玩法的想法。首先便符这种东西过于恶心，并且还没有高回报支持，很难想象这种东西每关都会出现。投钱很有意思和新意，但是个人认为许多本该是科技树或者是该有的增益都放进钱里了，就不太好。结局太容易跑了!!!能不能把你的结局概率调整一下😡 2025/12/5修改 界园真是太好玩了😊。新出的科技树终于把该死的锁路线避免了。新出的三个分队也是降低了水温，有效提升运营决策的参与度，尤其是花队，兼顾上下限，真正做到了肉鸽可以一直爽，maybe小爽能过，运气好直接起飞。最后感谢树洞把二结局改成了抉择，3结局和4结局基本每把都不跑。 新卫戍的话，优化一次后可玩性真的很高，希望这种联机模式可以细化难度，代替生息演算成为第二常驻模式（我演算2期呢）,修改于 2025/12/5,来自 Oppo K10 5G
阿晴,玩过,5,萌新来啦 。抽卡爆率特别高 已经双金好几次了,2025/12/5,来自 红米 K70
不正经的巴巴托斯,玩过 850 小时后评价（总时长 906 小时）,5,游戏时长证明了一切,修改于 2025/12/5,来自 Vivo Y55t
Stan-Z,玩过,5,玩的时间挺长了，支持一下 唉唉，粥已经变成我生活中的一部分了，不知不觉也玩六年了,修改于 2025/12/5,来自 Vivo X80
阿辞爱吃雪糕,玩过 584 小时后评价（总时长 639 小时）,5,好玩,2025/12/5,来自 华为BKY-W10
玗洲,玩过 103 小时后评价（总时长 144 小时）,4,好玩,2025/12/5,来自 Android 设备
芮,玩过,1,不好玩,2025/12/5,来自 小米Xiaomi 14
抖落星辰,玩过,4,作为一个副游还是挺合格的,2025/12/5,来自 Vivo IQOO Z9 Turbo
ℳ๓₯铭刻￡,玩过,5,挺好玩的,2025/12/5,来自 Vivo IQOO Neo9 Pro
7,玩过,5,噢噢噢，床好舒服，被子好舒服枕头也好舒服哦哦哪里都好舒服，唔唔唔唔唔好舒服好舒服好舒服齁齁齁哦哦哦哦哦齁!!能清楚的感受到皮肤每一寸都被顺滑的丝绸和棉花内填给侵犯了呜嗯。明明不应该这样的，明明应该离开被子的，但身体已经被调教到无法离开被子一寸了，哦齁噢噢噢哦。,2025/12/5,来自 HONOR Magic6 Pro
甘与恋,玩过 825 小时后评价（总时长 932 小时）,5,优秀，角色保值,2025/12/5,来自 Android 设备
【 】,玩过 2736 小时后评价（总时长 2817 小时）,5,好玩,2025/12/5,来自 OPPO Reno13
祈祷,玩过,4,刷新了我對塔防遊戲新的認知，真的很好玩！萌新剛玩一周多，對角色的立繪和音樂方面還是非常滿意的（美工開始發力）。保底什麼不太瞭解，一周內同時抽出酒神 異客 烏爾比安算不算好啊😨 因為入坑太晚，感覺錯過了好多喜歡的角色，希望什麼時候可以復刻回來（特別是真言,2025/12/5,来自 华为CLS-AL30
wuli猪病,玩过,2,不义之财的镀层真抽象，这么喜欢废热喷空是吧？ 阿米诺斯的出货率，天天让我们看录像（扫荡加看一遍录像带），谢特一样的赠送干员，扣扣搜搜的活动奖励。 界圆肉鸽背山面水给打破防了cs中的cs，还给你放这么前面。 好想弃坑呀😭但是又舍不得😭。,修改于 2025/12/5,来自 Android 设备
恶狠狠困死,玩过,5,不管，我要玩原神和方舟一辈子口牙！,2025/12/5,来自 Black Shark 5
鱼墨,玩过,5,🧝🏻‍♀️角色人设：好 💎资源获取：要肝 💃🏻立绘建模：好,2025/12/5,来自 Xiaomi Redmi K60 Ultra
大师模式,玩过,1,没话说，一直歪这让新手怎么玩😡,2025/12/5,来自 Android 设备
Ricathy,玩过 667 小时后评价（总时长 700 小时）,5,但是！！！今天中午更新完老子界园胡局被卡死了不出怪！我差两步命运所指了！！！！！！！！,修改于 2025/12/5,来自 Huawei P50 Pro
シ羲和ズ,玩过,2,已经变了，不再是那个罗德岛了,2025/12/5,来自 iQOO Neo 5
天下,玩过,2,新手期很难,2025/12/5,来自 Android 设备
LMSS,玩过 831 小时后评价（总时长 882 小时）,2,每次更新半天找不到资源，我寻思这么邪门校园网就专门针对你一个？ 叙拉古二期复刻BOSS机制被你吃了不显示敌我杀小怪数量？打半天打不动，回去翻机制才发现这减伤，你把播报放在那我没准就想起来了。 再往前那个卫戍协议做的啥意思，看到网上的蟑螂就觉得所有蟑螂都需要社交是吧？你家的社交就是发几个预制表情包是吧？我看真正的社交是暗卡商店干员数量，抢完别人刷层c之后猛发对不起吧？除了炎哪个队不是各打各的，还有那谢拉格叠高了把怪一卡谁也别打。干员还卡同一个池子，野排不选阵营队干员都被队友抢完了。那好，我去单人玩，单人玩还要限时，一把半个小时将近一个小时我就全怼在你这游戏上了？我上一节课还得休息五分钟呢，怎么你比上课还权威？ 新仇旧恨一次算算，牢玩家也快玩不下去了。什么？终末地？不知道，玩不到。网上那么多骂的我觉得说的都对，因为我玩不到。本来也没啥期待，听说也是抽shi块，等玩了再说。 再差的游戏我都不怎么打差评，给你差评是因为你恶心我我还要接着玩，问题改了再说,修改于 2025/12/5,来自 Huawei Mate 50 Pro
手机用户67700015,玩过,4,好玩爱玩,2025/12/5,来自 Android 设备
睡觉兔振亿,玩过,2,评价是包装还算可以味道还算能接受的大奋。隔壁原神知道把强制联机活动的时间尽可能压缩，明日方舟制作组则是沉浸在自己的坐牢艺术里无法自拔，明明刚刚推出过强制联机促融共竞，又把半强制活动卫戍协议盟约拿给玩家，一局20至30分钟的时长纯纯坐牢，他们丝毫没意识到明日方舟玩家不需要强制社交更没意识到明日方舟作为每日挂机游戏这种玩法纯坐牢。 促融共竞出到第三期，依然没能落实“优先匹配未满星地图”、“地图自选”功能，这就导致玩家为了拿到镀层蚀刻章要反复多次游玩已满星地图浪费时间；卫戍协议刚开始甚至有飞天马桶导致玩家设备卡顿的问题，我就搞不明白了，制作组是不玩明日方舟手机端还是压根没测试过他们的敌方阵容安排是否合理，肉眼可见的问题就是看不到，2025年最路边的活动卫戍协议,2025/12/5,来自 小米13
黑目,玩过,5,你玩过萨米肉鸽么？我只想知道设计师设计完之后自己玩过么？难受死了，纯纯折磨。,修改于 2025/12/5,来自 一加手机Ace 3 Pro
wyb是我儿子,玩过,5,好玩！都去玩！,2025/12/5,来自 Vivo IQOO Neo3
你很勇诶、,玩过,3,玩了2个月，全歪。。。。,2025/12/5,来自 Android 设备
凌华大好きです,玩过,5,除了限定有时候歪麻了，肉鸽玩不懂之外满昏,修改于 2025/12/5,来自 OPPO Reno Z中国版
如青,玩过 2807 小时后评价（总时长 2864 小时）,1,带着那你 B 5星概率吃大份去吧，还响石，响石你就石大份去吧！！！,2025/12/5,来自 Redmi Note 12 Turbo
bi8bo,玩过 471 小时后评价（总时长 784 小时）,5,不玩真亏了！,2025/12/5,来自 Realme 10 Pro
奥法萝莉的狗,玩过 914 小时后评价（总时长 1059 小时）,5,第一次这么喜欢一个游戏，美工棒、剧情棒、关卡设计也很巧妙。 但产能低是硬伤，并且塔防受众面较小，而这种塔防+养成的题材就更是一个大胆的尝试了。 总而言之希望舟游越做越好！ ————————分割线———————— 快退坑一年了，原本都要忘记账号了，因为当时是用朋友的手机号注册的，而现在也联系不到他，没想到在登入界面看到输入框时不自觉的就打出了账号，可能以前都登账号登得有肌肉记忆了。 真的好多回忆啊，明日方舟，最初是一个同学推荐入坑的，当时真的玩的很上头很开心，我一向怕麻烦都开了两个号同时肝，还经常拜托我姐帮忙登号签到领皮肤，因为上高中带不了手机。前前后后玩了快三年，游戏时长总共也有1000小时左右。 ps：之前女朋友送了方舟的画册，我真的开心了好久，虽然已经退坑好一段时间了。她是好几年的同学了，知道我喜欢方舟，我也时常给她看我买的画册，我画的方舟同人图，但也是过去了，已经分了。 真的很怀念啊爷的青春，重新入坑了。 ————————分割线———————— 真服了，为什么回归体验调研的邮件红点消不掉，不填问卷就一直显示未读，非得我给你填问卷才能消红点是吧，体验极差，润了，不玩了。 ————————分割线———————— 舟铲铲真好玩，我们玩一辈子明日方舟吧😋😋😋😋还有发牌员你🐎思乐,修改于 2025/12/5,来自 iQOO 9
,玩过,1,为什么更新还要下载taptap？,修改于 2025/12/5,来自 红米K70E
西门,玩过,5,卫戍好爽🤤🤤🤤,修改于 2025/12/5,来自 Android 设备
KONGKONG,玩过 5292 小时后评价（总时长 5435 小时）,5,养老中……,修改于 2025/12/5,来自 一加手机12
。,玩过 111 分钟后评价（总时长 568 小时）,5,小登还是中登无所谓了，满分纯卫戍好玩让我头脑昏花，不过为啥我游戏时间才这么点我奖杯有八百多,2025/12/5,来自 Honor 80 GT
。,玩过,5,好玩爱玩下辈子还玩,2025/12/5,来自 Vivo X80
/wx,玩过 3644 小时后评价（总时长 3789 小时）,5,趁着等下载更新安装包的时间打个好评，对方舟最满意的果然还是剧情这块了，希望终末地正式开服后也不要疏忽了这边的剧情啊,2025/12/5,来自 Vivo V2505A
ErenJAEGER,玩过 2297 小时后评价（总时长 2447 小时）,5,19年玩了半个月，由于太非一气之下卸载了。20年10月份回坑，玩到现在大半年，等主线给我等麻了。我真没见过哪个游戏一点不顾玩家感受（啊不我见过。太期待所以太失望，角你就这样罢。 25年更新，陪了我六年，怎么可能不喜欢呢，有不足有缺点有时候犯大病，但是爱也是真的啊,修改于 2025/12/5,来自 Vivo V2059A
九尾狐白(舰长),玩过,4,作为一个满级玩家我觉得明日方舟很好玩时装也很好看而且平日里刷完体力和把基建的干员换一遍就下线就很方便,2025/12/5,来自 Vivo V2165A
十一与零维,玩过 1896 小时后评价（总时长 2048 小时）,5,19年五月入坑，一直坚持到现在，二游top级的平面设计和UI，二游top级的游戏性，肉鸽、卫戍协议都十分上头。六年多了依旧能打。我不一定会玩终末地，但明日方舟我不会舍弃,修改于 2025/12/5,来自 HONOR AMG-AN00
我觉得很赞,玩过,5,90级屑博时长0分钟😨 我都玩这么久了怎么才2000多小时，不知道漏了多少,修改于 2025/12/5,来自 Vivo IQOO 13
明日、,玩过 5.6 小时后评价,3,不会玩,2025/12/5,来自 Vivo IQOO Neo8
User14301145,玩过 1052 小时后评价（总时长 1100 小时）,2,开服玩家，少说3000+小时，几个池子抽不到限定了，真的服气，真的服气，真的服气 2025年5月2日更新 抽不到限定，老玩具活该? 最近比较欧，改回四星怕你骄傲 改回二星了，尼m的全量测试,修改于 2025/12/5,来自 Android 设备
不棄,玩过 2085 小时后评价（总时长 2196 小时）,5,时长不对，这应该只是一少部分,2025/12/5,来自 华为PLR-AL30
喜多川,玩过,4,啥时候加重新开始和扫荡,修改于 2025/12/5,来自 小米15
Ponemo,玩过 9 分钟后评价（总时长 17.8 小时）,1,不推荐,2025/12/5,来自 Android 设备
666,玩过 529 小时后评价（总时长 555 小时）,5,最爱m3小刻(小猫小狗这一块),2025/12/5,来自 OPPO PHM110
一点都不萌的鸟,玩过 2511 小时后评价（总时长 2661 小时）,5,什么时候能把肉鸽加上重新战斗 或者掉线之后战斗重新开始 我用pad玩真的经常闪退 救命啊😇,2025/12/5,来自 Huawei Mate 60 Pro
绛樱,玩过,5,好玩,2025/12/5,来自 Android 设备
竹一,玩过 4466 小时后评价（总时长 4503 小时）,5,我永远爱明日方舟，希望联机越做越好！！！！,修改于 2025/12/5,来自 Android 设备
鲷鱼不叼鱼,玩过 466 小时后评价（总时长 558 小时）,5,刚开始玩的时候一眼就被宗师吸引了嗷，明日方舟的立绘和音乐是最吸引我的地方，像是阿米娅的生日皮，《浸春芜》，《相见欢》，《定风波》这些曲子也是非常好听。 因为过去式高中生的原因被迫退游几年，但是呢现在主播复兴了，一有活动就跟同好方舟的哥哥聊。所以舟什么时候出异格重岳😋,2025/12/5,来自 Android 设备
阴阳太一,玩过,5,很好玩，比较喜欢,2025/12/5,来自 Vivo IQOO Neo8 Pro
井㳚,玩过,5,我要玩一辈子明日方舟！,2025/12/5,来自 Vivo X100s
唔喵嘛,玩过 432 小时后评价（总时长 465 小时）,5,安装包合并会导致安装包异常啊，谁来修一下？？？？,2025/12/5,来自 一加手机Ace 3
茶不背,玩过,4,还行能玩,2025/12/5,来自 Vivo IQOO Neo10
喵言,玩过 191 小时后评价（总时长 223 小时）,5,老玛、荒拉、逻各斯、维什戴尔、锏这些都很强大，抽到就养,2025/12/5,来自 Vivo IQOO Z9 Turbo
帝坠,玩过 2.1 小时后评价（总时长 170 小时）,5,玩的最久的一款游戏…耐玩性很强,2025/12/5,来自 Android 设备
双厨,玩过,2,我就搞不懂为什么非要tap才能更，每次更新都会报错，每次大更新高彩烈的登游戏每次都被这个SB更新搞得气半死，我就不明白,2025/12/5,来自 Blackshark SHARK PRS-A0
玫瑰低压身侧,玩过 800 小时后评价（总时长 920 小时）,3,看了一眼那些差评，个人觉得可能有点太尖锐了，但在很多方面也反映出了问题。我二二年初入坑玩到现在也快四年了，活动的小游戏大部分都觉得挺无聊的，异鬼的那个招待顾客的小游戏到现在让我记忆犹新。然后还有一些像现在的游戏环境问题，和三角洲联动后感觉显著下降了，原本挺和谐的，现在感觉天天都是小杯理解拉踩引战。然后感觉舟很杀熟，一个去年带进坑的朋友，抽卡超欧基本上都是浅抽就出，配队也比我都好，这真的让现在基本保底歪的我很难绷。还有卫戍，玩过的人应该都知道槽点了也就不多说了。最后也还是希望舟能越来越好,2025/12/5,来自 Android 设备
淡忘,玩过,1,最近运营像是抽风了，活动难度蹭的就上去了，新的卫戍协议没抽到新出的两个谢拉格根本玩不了谢拉格阵营，跟界园类似，界园还能用助战，卫戍协议助战只能借指定的人，给人一种你不抽卡就别想体验完整游戏的感觉。之前活动是没有这种“卡”玩家角色的，还能随便借助战，近期活动难度直线上升助战卡你练度卡你，我花费资源抽到角色练到专三凭什么给我7级技能？你要单开模式凭什么不让我借好友其他助战？被恶心坏了。近期运营逐渐向着氪金靠拢，活动非常逼氪，已经退坑了，再玩下去感觉跟古早时候崩三差不多了，氪月卡攒半天终于玩上了上个版本的东西，始终低人一等哈哈哈。跟最近玩的warframe一比简直天上地下，一个是新出的东西你肝肝就全有了，新出的活动内容让新玩家也能完整体验。一个是逼着你氪金抽卡，抽不到后续活动就别想完整体验了。终究是回不去了。。。,修改于 2025/12/5,来自 Android 设备
超级无敌坤坤,玩过,4,4连歪直接轧钢，就算有炒鸡300抽保底对于非酋玩家很不友好，最好是是一歪必出up,2025/12/5,来自 Android 设备
怪男生,玩过,5,本人不善言语，但2020年就开始玩，虽然有多次退坑，但不妨碍是一个很好很好的游戏，希望鹰角网络能继续做好（包括终末地）,2025/12/5,来自 WIKO BAL-AN20
定边深情你栋哥,玩过 416 小时后评价（总时长 481 小时）,5,好玩爱玩，官服萌新，不靠老登,2025/12/5,来自 Vivo IQOO Neo9S Pro+
赛博丁真,玩过,2,先不说你那老玩家零优势逗狗玩的三测终末地，牛魔的卫戍协议设计师自己玩过一遍没有？我玩利滚利中间三回合没买牌等一口气升五本给我整出去了？还有你那个低能的共享卡池，把把萨尔贡被卡佩佩异客，拉特兰被卡蕾缪安，你表情包里加几个流汗黄豆得了，这样我看见我已经选了牢潘我的阿戈尔队友还抢个蕾缪安防空的时候还能发几个,2025/12/5,来自 Android 设备
嬛潸,玩过 203 小时后评价（总时长 281 小时）,5,💃🏻立绘建模：😋😋😋 💎资源获取：真正有养成感，虽然越来越简单 🧝🏻‍♀️角色人设： 🤓🤓🤓 ☄️成长体验： 👍👍👍 🌃画面音乐： 😽😽😽,2025/12/5,来自 Vivo IQOO Neo9S Pro
时间之外,玩过 369 小时后评价（总时长 461 小时）,5,五星，首先它的爆率是我所有游戏里最高的，十连双金来三回了。什么原神崩铁弱爆了好吧。 是不是托自己看😏,2025/12/5,来自 华为P30
一只芒果精,玩过,5,没什么说的，整个游戏都是超大杯。仙品,2025/12/5,来自 REDMI K80 Ultra
鹿城镇的柳下惠,玩过,5,好玩,2025/12/5,来自 小米25104RADAC
gsdsc,玩过 397 小时后评价（总时长 613 小时）,5,还是挺好玩的,2025/12/5,来自 vivo Y200i
竹一,玩过 4466 小时后评价（总时长 4503 小时）,5,我永远爱明日方舟，希望联机越做越好！！！！,修改于 2025/12/5,来自 Android 设备
鲷鱼不叼鱼,玩过 466 小时后评价（总时长 558 小时）,5,刚开始玩的时候一眼就被宗师吸引了嗷，明日方舟的立绘和音乐是最吸引我的地方，像是阿米娅的生日皮，《浸春芜》，《相见欢》，《定风波》这些曲子也是非常好听。 因为过去式高中生的原因被迫退游几年，但是呢现在主播复兴了，一有活动就跟同好方舟的哥哥聊。所以舟什么时候出异格重岳😋,2025/12/5,来自 Android 设备
阴阳太一,玩过,5,很好玩，比较喜欢,2025/12/5,来自 Vivo IQOO Neo8 Pro
井㳚,玩过,5,我要玩一辈子明日方舟！,2025/12/5,来自 Vivo X100s
唔喵嘛,玩过 432 小时后评价（总时长 465 小时）,5,安装包合并会导致安装包异常啊，谁来修一下？？？？,2025/12/5,来自 一加手机Ace 3
茶不背,玩过,4,还行能玩,2025/12/5,来自 Vivo IQOO Neo10
喵言,玩过 191 小时后评价（总时长 223 小时）,5,老玛、荒拉、逻各斯、维什戴尔、锏这些都很强大，抽到就养,2025/12/5,来自 Vivo IQOO Z9 Turbo
帝坠,玩过 2.1 小时后评价（总时长 170 小时）,5,玩的最久的一款游戏…耐玩性很强,2025/12/5,来自 Android 设备
双厨,玩过,2,我就搞不懂为什么非要tap才能更，每次更新都会报错，每次大更新高彩烈的登游戏每次都被这个SB更新搞得气半死，我就不明白,2025/12/5,来自 Blackshark SHARK PRS-A0
玫瑰低压身侧,玩过 800 小时后评价（总时长 920 小时）,3,看了一眼那些差评，个人觉得可能有点太尖锐了，但在很多方面也反映出了问题。我二二年初入坑玩到现在也快四年了，活动的小游戏大部分都觉得挺无聊的，异鬼的那个招待顾客的小游戏到现在让我记忆犹新。然后还有一些像现在的游戏环境问题，和三角洲联动后感觉显著下降了，原本挺和谐的，现在感觉天天都是小杯理解拉踩引战。然后感觉舟很杀熟，一个去年带进坑的朋友，抽卡超欧基本上都是浅抽就出，配队也比我都好，这真的让现在基本保底歪的我很难绷。还有卫戍，玩过的人应该都知道槽点了也就不多说了。最后也还是希望舟能越来越好,2025/12/5,来自 Android 设备
淡忘,玩过,1,最近运营像是抽风了，活动难度蹭的就上去了，新的卫戍协议没抽到新出的两个谢拉格根本玩不了谢拉格阵营，跟界园类似，界园还能用助战，卫戍协议助战只能借指定的人，给人一种你不抽卡就别想体验完整游戏的感觉。之前活动是没有这种“卡”玩家角色的，还能随便借助战，近期活动难度直线上升助战卡你练度卡你，我花费资源抽到角色练到专三凭什么给我7级技能？你要单开模式凭什么不让我借好友其他助战？被恶心坏了。近期运营逐渐向着氪金靠拢，活动非常逼氪，已经退坑了，再玩下去感觉跟古早时候崩三差不多了，氪月卡攒半天终于玩上了上个版本的东西，始终低人一等哈哈哈。跟最近玩的warframe一比简直天上地下，一个是新出的东西你肝肝就全有了，新出的活动内容让新玩家也能完整体验。一个是逼着你氪金抽卡，抽不到后续活动就别想完整体验了。终究是回不去了。。。,修改于 2025/12/5,来自 Android 设备
超级无敌坤坤,玩过,4,4连歪直接轧钢，就算有炒鸡300抽保底对于非酋玩家很不友好，最好是是一歪必出up,2025/12/5,来自 Android 设备
怪男生,玩过,5,本人不善言语，但2020年就开始玩，虽然有多次退坑，但不妨碍是一个很好很好的游戏，希望鹰角网络能继续做好（包括终末地）,2025/12/5,来自 WIKO BAL-AN20
定边深情你栋哥,玩过 416 小时后评价（总时长 481 小时）,5,好玩爱玩，官服萌新，不靠老登,2025/12/5,来自 Vivo IQOO Neo9S Pro+
赛博丁真,玩过,2,先不说你那老玩家零优势逗狗玩的三测终末地，牛魔的卫戍协议设计师自己玩过一遍没有？我玩利滚利中间三回合没买牌等一口气升五本给我整出去了？还有你那个低能的共享卡池，把把萨尔贡被卡佩佩异客，拉特兰被卡蕾缪安，你表情包里加几个流汗黄豆得了，这样我看见我已经选了牢潘我的阿戈尔队友还抢个蕾缪安防空的时候还能发几个,2025/12/5,来自 Android 设备
嬛潸,玩过 203 小时后评价（总时长 281 小时）,5,💃🏻立绘建模：😋😋😋 💎资源获取：真正有养成感，虽然越来越简单 🧝🏻‍♀️角色人设： 🤓🤓🤓 ☄️成长体验： 👍👍👍 🌃画面音乐： 😽😽😽,2025/12/5,来自 Vivo IQOO Neo9S Pro
时间之外,玩过 369 小时后评价（总时长 461 小时）,5,五星，首先它的爆率是我所有游戏里最高的，十连双金来三回了。什么原神崩铁弱爆了好吧。 是不是托自己看😏,2025/12/5,来自 华为P30
一只芒果精,玩过,5,没什么说的，整个游戏都是超大杯。仙品,2025/12/5,来自 REDMI K80 Ultra
鹿城镇的柳下惠,玩过,5,好玩,2025/12/5,来自 小米25104RADAC
gsdsc,玩过 397 小时后评价（总时长 613 小时）,5,还是挺好玩的,2025/12/5,来自 vivo Y200i
天上的云地下的水,玩过,5,今年超大杯连发爽了😃😃😃😃😃😃😃😃😃😃😃😃😃😃😃😃😃😃运气还好😃😃😃😃😃😃😃,修改于 2025/12/5,来自 Hi nova 9 SE
每天都很相似,玩过 4419 小时后评价,1,卫戍协议太＊＊恶心了,修改于 2025/12/5,来自 Android 设备
阿退,玩过,5,比其他二游好多了，至少有可玩性不是挂机刷刷刷，不间断玩了四年了，虽然没有推的角色但是立绘都很精美，俺就乐意看点漂亮东西哈哈哈,2025/12/5,来自 Oppo K10 5G
1,玩过,5,卫戍协议太好玩了,2025/12/5,来自 华为CLS-AL00
♡⃝ ʜᴇʟʟᴏ 宇辰 ☽⋆,玩过,1,维什戴尔一点都不好用，大招只有六发弹药，为什么不做成永续？一点游戏体验都没有，差评😄,2025/12/5,来自 RealmeGT Neo5
。？？,玩过,5,尾数协议有点东西玩的容易上头,2025/12/5,来自 Redmi K70 Ultra
渡月寻风,玩过,5,2025年12月5日凌晨2点44分！我入坑了！！ 今天突感无聊想找一款平时休闲就能玩的游戏，选了半天感觉还是明日方舟好一点，以前根本没玩过，但接触过二游原神之类的感觉太肝而且有种在给游戏打工的感觉，这方面不聊太多了，仔细看过大家的评论认为这会是一款好游戏，现在就下载体验去，然后就是看评论说这个游戏对新手好像不太友好活动没有等级高的角色打不过，所以求如果有尊敬的，帅气或者美丽的，万事如意的，集智慧与颜值于一体的大佬闲着可以来带带我吗，小弟这里感激不尽,2025/12/5,来自 红米 K70
落酒,玩过,5,反正目前我要打五星🥳,2025/12/4,来自 Android 设备
千之帝国在逃旅者,玩过 653 小时后评价（总时长 762 小时）,5,去年揭幕者们活动入坑的萌新玩家，被拉普兰德立绘吸引过来的（其实之前因为《敢归云间宿》这首歌就知道了方舟，但是没有入坑，本人有点懒，直到入坑了才相见恨晚啊😔😋） 立绘：有的神有的鬼，但是相对来说还是好看的立绘占了大部分，这点给四颗星 剧情：很喜欢方舟的世界观和剧情，方舟的世界观非常庞大和有趣，剧情这方面比较推荐《春分》（这个是我最喜欢的剧情！强烈推荐观看！）《叙拉古人》《长夜临光》《孤星》《镜中集》《相见欢》等等 强度膨胀控制的也很好（这点比某六字游戏强多了真的） 可玩性：很高，好玩！,2025/12/4,来自 Honor X40
龍,玩过 203 小时后评价,1,资源获取，一坨 抽卡概率，一坨 新手期体验，一坨 可玩性，一坨 剧情，galgame同款低成本静态点击，一坨,2025/12/4,来自 Android 设备
LSY,玩过,5,玩了很多年了，感觉还是很不错，尤其是在玩过其他二游之后回来看方舟越来越顺眼了😂,2025/12/4,来自 Android 设备
紫菜蛋花汤,玩过,4,肉鸽，爽😋,2025/12/4,来自 Android 设备
输入昵称,玩过 413 小时后评价（总时长 500 小时）,5,好玩爱玩，已经开始养老了,修改于 2025/12/4,来自 Android 设备
拭去的朱砂痣,玩过 27 小时后评价（总时长 27.8 小时）,1,活动太难，根本打不过，和推荐等级不符，已经远高于推荐等级被爆杀,修改于 2025/12/4,来自 Android 设备
予君欢,玩过,2,没有游玩性，UI设计繁杂，看不懂，卡池一直歪，养成也是莫名其妙，加了一堆东西，啥都要去肝。不看剧情(不评价剧情)关卡也无聊，抽到强的很轻松过，甚至不如4399上的王国保卫战，还有保护萝卜 💃🏻立绘建模：可能唯一的一点就是这了,修改于 2025/12/4,来自 Vivo IQOO 13
I.P.U.,玩过 2032 小时后评价,3,二周年入坑，第一次接触二次元塔防，很好的游戏。 今天三周年直播前瞻，太强了，产能真的上来了，五星必须滴。 和罗小黑联动了，好耶 已退坑，无法评价,修改于 2025/12/4,来自 REDMI K80 Ultra
Mr. Y. D. J.,玩过 221 小时后评价（总时长 222 小时）,5,什么意思同意按钮呢？,2025/12/4,来自 Nubia NX789J
梅摸鱼,玩过,3,玩起来有点累，好多关哦，画面稍微有点暗,2025/12/4,来自 红米 K70
黎明吞噬者,玩过 78.9 小时后评价,2,本来还挺喜欢的，但最近的节奏看纯纯的体量大了飘了。 一下子那辛苦半天抽不到角色的烦懵感觉更重了。,2025/12/4,来自 华为Mate 20 X (5G)
墨香玉沉,玩过 573 小时后评价（总时长 595 小时）,5,Tap Tap你做的欧非逆转录我看不懂，你尔多龙了吗？意见反馈按钮我都找不到，藏这么好，想干什么？,2025/12/4,来自 Honor X50
畅畅,玩过,1,💎资源获取： 我这一星只给这模组数据块的获取方式好吧，从模组出来到现在获取方式就没增加过，我难不成要用黄票买？新干员增加速度那么快，你就不能行行好给获取方式增加一下？有的要开二模三模特限，你要我一个120级老登却没有一块库存的怎么开？我想给老干员在不耽误练新干员的情况 开个模组都做不到，打个保全首胜才给！你这个设计师真恶心🤮，以前模组是补强，现在全是落地模组，真就是强制购买你30块的组合包？出个新干员非要阉割一下？真给我恶心吐了！！！,2025/12/4,来自 Android 设备
信,玩过,1,店大欺客的典范。,2025/12/4,来自 Android 设备
HAA,玩过,1,纯靠nc粉和砸钱吹出来的所谓的“二游神作”，实则除了充值抽卡和卡通版植物大战僵尸以外没有任何可玩性，剧情流水账先不说，配音都没有，自己不知道自己游戏这么敷衍吗？,2025/12/3,来自 华为Mate 70 Pro+
Lucky缪沐,玩过,5,2020.3.24 一开始玩舟游就知道火不了多久，优点很明显，缺点太致命 因为玩到后期的时候渐渐的感到了无聊，乏味，长草，没有活动，所以真正舟游火起来的时候（火蓝之心）我就很担心 因为期待的人越来越多，yj在感到欣喜的同时承受的压力就越来越大，如果yj承受不住的话，那这个游戏就只是八月的昙花 当然不是不希望舟游火起来的，但是因为舟游只是一个小游戏，只是一个小公司做的游戏，不是什么你们口中的吃鸡，王者之类的大公司做的游戏，所以还是打从心底里不希望火的太大 毕竟都付出了精力，那我就陪着舟游 2020.8.8 害，还不是让我们这些老玩家陪跑呗，老玩家就不配呗。前段时间才口碑上升，如今才取得了一点点得成功，如今就真的是给点阳光灿烂，为了这么一点蝇头小利，就开始贪，搞得如此狼狈。还把角色和皮肤搬出来挡刀。谁家游戏是像你们这样复刻的。你游大多数都是老玩家，一般90级以上的玩家都已经玩出感情来了，如今你们这一出，寒了老玩家的心 老玩家这一年来的感情真是喂了gou，借用微博评论下的一句话就是：老玩家生气不是差这点源石，是生气一年多的流水养出这么一个不孝子 虽然已经在游戏里道歉了，我也接受道歉。但是我仅代表我个人，还是觉得很不爽 现在我只想说一句：yj请爪巴（笑 2021.2.4 祝大家小年快乐 身体健康，十连出货，无忧过年 不知不觉陪伴这个游戏差不多两周年了（还有3.4个月就两周年了）我从来没想过我会在一个塔防游戏里玩这么久，如今也不能说是玩了，它已经融入我的生活里了 现在的鹰角产量越来越稳定，关卡设计也越来越好，人物小人也越来越精致，限定角色也越来越多（狗头） 但是还是不可避免的产生了枯燥无味的感觉，即使在活动里也会长草（这里指危机合约），这里就让我感到很草了，为什么在活动里也会感到长草？？？这种情况和之前的长草不一样 老玩家练度越来越高，有些已经毕业在养老了，只要动点脑子摆上黄金大队去过关，一般都会过。刚入坑的新人（一部分）又没有毅力玩下去，所以基本在线的都是开服玩家 以前是产量问题，现在鹰角要解决的是如何创新新的模式，而不是一味的保持现状，这很容易出事的 现在的模式稳定在危机合约和普通的活动关卡 在上年最让我感到趣味的是鹰角尝试的肉鸽，虽然有很多瑕疵，但是这并不妨碍不了我通宵去玩它 所以现在需要的是玩家的留存率，和新的模式，让玩家耳目一新，而不是一直危机合约活动关卡活动关卡危机合约，很枯燥，无聊，没意思 这是我认为现在最大的问题，以玩家（我）的角度来说 2021.4.27 好家伙，这波，这波是我输了，输的彻头彻尾 鹰角yyds，我单方面宣布，明日方舟是一款《我的问题》游戏，我前面说的建议就是一堆屁 别问，问就是蒂蒂和凯尔希已经坐在我的腿上，被我抱着了（斯溜） 最后祝明日方舟二周年快乐！也祝我在泰拉世界两周年快乐！ 2021.5.1 ***，这次活动是我有史以来最欧的一次，100抽以内出了5个六星，而且都没怎么歪，只歪了一个森蚺 2021/8/17 /13：59 如现在的状况而言，无话可说。愤怒过，失望过，绝望过，到现在的平淡，游玩时间的减少 很庆幸我从方舟出来了，开始了寻找另一个游戏的路程，我也找到了一个能让我再一次像当时玩方舟那样热情的游戏，大概就这样了，方舟我会继续玩下去，但不会再有太多关注在这里了，可能也是我最后一次在方舟这里评论了 但是我永远不会忘记当时（以前）我作为博士的荣耀和骄傲 再见了 2022.1.16 真香了，dbq，但是肉鸽真的很香，斯哈斯哈 2022.7.31 《暂退四个月后的我在暑假王者归来》 虽然错过了三周年庆，但是大丈夫 如今的我 现在处于一个稳定平静的游戏状态 活动来了看攻略，然后刷材料升级抽卡，除了开活动那一天在线比较久，其余时间就是上线清空理智，然后不到20分钟下线 肉鸽也完全摆烂 对方舟有一种就是【激情→望子成龙→不争气→生气后悔→无所谓了→平静】最后趋向于老夫老妻的那种日常 这大概就是许多老玩家的现状了吧 但是恰恰是这种模式，感觉可有可无却不舍抛弃，所以索性就融入生活里这种，才是最长久的 我悟了（大彻大悟 阿弥陀佛，我佛慈悲😌 2022.12.15 不好意思，模组策划给爷死，你瞅瞅保全派驻和模组，以及现在连续不断的限定干员池子 新干员越来越强数据膨胀，不断挤压老干员的生存空间，举个例子：银灰和玛恩纳，黑和鸿雪，这不很明显？？ 模组模组搞不好，干员干员数值设置不好，啥最积极？那当然是装死第一名 再来，保全派驻你整的什么玩意什么玩意 2025.12.3 wok玩了有六七千小时了，明日方舟真是陪伴了我一整个青春啊,修改于 2025/12/3,来自 Huawei P60
黄七毛,玩过 40 小时后评价（总时长 42.9 小时）,3,当副游玩挺不错，可玩性很高，最大毒点是卡池，很垃，剧情有点谜语，二创氛围好，设计很出色,2025/12/3,来自 Android 设备
User366180917,玩过,2,返厂活动不是新手能玩的，石头拿不满,2025/12/3,来自 Vivo IQOO 13
User45644560,玩过,5,当初开服的时候有玩过，当年游玩的时候就是银灰开局后面因为觉得像是保卫萝卜也没有太了解回费机制和怪的机制就退游了，后面在23年朋友又拉我入坑直到现在每天也有上线打活动登录，方舟让我感觉可以在空闲的时间去游玩，也不用怕突发情况去处理（因为可以暂停）总结有种脱手感觉，后面异格银灰的出现照应了当初我银灰的开局方舟的主线也好肉鸽也罢，养老就去推主线打肉鸽，找难度就去玩合约选择会有很多。朋友拉我入坑后又带我看了方舟的番也是剧情也是很精彩就是遗憾也有不少。,2025/12/3,来自 Android 设备
ハルトマンの妖怪少女,玩过 292 小时后评价（总时长 374 小时）,5,从2024开始入，到现在有快一年了（抛开在学校的时间） 抽卡这一块，比别的二游爆率要太大了 六周年众生行记的音乐十分好听 每次的剧情也非常好,2025/12/3,来自 vivo Y3
黑白,玩过 582 小时后评价（总时长 629 小时）,5,25年超大杯连发，24年开始回坑起号，这一路的甜甜甜甜只有我自己知道😋 现在已经到了xp练卡阶段了，不知道超大杯连发什么时候停，我好补一下没有的卡,修改于 2025/12/3,来自 Android 设备
小猪,玩过 6000+ 小时后评价,5,2025.12.3 离开鹰角有段时间了，听闻了最近的不顺，但粥应该还是那个粥吧，希望一切过得好 2024.7.9 很不容易，还能从低谷中爬出来，给你一个小红花，鼓励一下 2023.11.22 在下坡路上踩了一脚油门 2019.4.30 虽然明天才是全平台开服，但今天是我的罗德岛入职日期，小破舟冲吧 2018.8.6 二测挺好，再加把劲,修改于 2025/12/3,来自 Web 官网
小熊,玩过,1,傻呗卫戍,2025/12/3,来自 Vivo S20 Pro
Tribbie,玩过,5,明日方舟这游戏我给出的评价是唯一的缺点是剧情没有配音了倒也不是剧情差相反剧情倒是做的很用心 我很佩服明日方舟制作组能把一个普普通通的塔防游戏想出来这么多机制的，这游戏没一点脑子感觉是玩不了的（当然你也可以玩抛弃大脑的干员） 明日方舟的美术水平很棒的，无论是什么风格的立绘和小人都能驾驭 每一个干员的养成倒也不算很难，萌新入坑不得不品的一环就是：龙门币不够用，基建没拉，剧情没打导致一些干员的材料合成配料表解锁不了，这些都可以练一些低星干员来解决因为低星干员的材料需求少（但是基建最好还是拉一下） 明日方舟这游戏抽卡资源获取难度太低了，打一关首次通关基本都给一个源石，材料关首通也给，活动也不会像别的二游一样跳过对话，跑图，跳过对话，打架，明日方舟的活动跳过剧情单纯战斗爽就行了,2025/12/2,来自 OPPO A系列
墨宝丹青客,玩过 4066 小时后评价（总时长 4271 小时）,5,作为一个游戏时长超过四千小时的老玩家来说，全人物精二已达成，新旧幻神2903已达成，但是仍旧要吐槽集成战略的机制，水月肉鸽打了几个月，到现在都没刷出来真相事件的银餐盘，别说新人玩集成战略被劝退了，我都差点弃坑，其实游戏还是个好游戏，就是集成战略的机制策划很蛋疼,修改于 2025/12/2,来自 Android 设备
老板给这条咸鱼撒盐（）,玩过 2093 小时后评价（总时长 2256 小时）,5,改了，我永远喜欢明日方舟 —————— 等银灰实装谢谢喵，手感还行给你改五星，2000➕时长有人再说水军试试呢 —————— 怎么老有人恶意低星啊，不李姐 —————————————— 粥是唯一一个我玩了这么久的游戏了，单单皮肤不用氪这点已经秒了大多数二游，再加上送的也的确大方出货率也还行，小月卡能玩的特别好了，肉鸽也好玩，请快点出杰哥异格谢谢谢谢,修改于 2025/12/2,来自 PTAC MGZ-BD00
LLILL,玩过 337 小时后评价（总时长 405 小时）,2,😂🙏，新活动您拿脚填的数值是不是？周年庆刚夸完，现在又让人骂是吗？,2025/12/2,来自 Vivo IQOO Neo9 Pro
唔姆,玩过,4,🌸用我无敌的大炎队过了单人绝境💞 包装协议+三投资人+100层远见。手点酸了都卖不完，资金越卖越多，这电表怎么是倒着转的啊，时间到了还剩下20多资金😯 ———— 真的加强大炎了！但是怎么放眼望去改得一大串都是我们大炎，炎队之前过得都是什么苦日子😭 老舟这次改得挺快，把之前骂的内容也删了好了。卫戍协议还是好玩的，把单人限时去掉可以放常驻。 —————————— 性价比：挺省钱的就是，玩了六年就冲了几百，干员集齐96%左右，皮肤200多个，皮肤基本免费，干员不需要叠卡抽到就是完全体，走出方舟发现外面都在下雨…… 美术：平面设计很厉害，pv和ui都美得不像话，皮肤和立绘大部分还是好看的，小部分画得不像人，现在老舟学会合绘似乎好多了，还有lm7只许画背景 可玩性：在二游里挺高的了，不过设计师容易抽风，全游最癫的就是设计师 剧情：质量挺高，一次活动剧情十万字左右，活动剧情比主线好。习惯看轻松日常向的可能会觉得看得累吧，书面语（鹰语）多。世界观很宏大设定很有意思。强烈推荐一下去年新年剧情《相见欢》，看得我尸斑都淡了激动得从棺材里爬出来耕了两亩地，家人情太好了，文人风骨也太震撼了,修改于 2025/12/2,来自 Android 设备
月初,玩过,5,五岳归来不看山，黄山归来不看岳，此言得之。 ----舟游后二游品鉴有感,修改于 2025/12/2,来自 Android 设备
噢噢好吧,玩过 442 小时后评价（总时长 474 小时）,3,游戏是好游戏，只是感觉待不下去了。,修改于 2025/12/2,来自 Android 设备
左右为难,玩过,5,十一发双金，太好玩了,2025/12/2,来自 Vivo V2068A
丑男团主力,玩过 2016 小时后评价（总时长 2063 小时）,1,我没资格😭,修改于 2025/12/2,来自 Android 设备
infinity_pb,玩过,1,我们老玩家是什么很贱的东西吗，开始以为要填uid以为是防黄牛啊，原来我踏马是黄牛啊，我们老玩家真的连黄牛都不如吗，扩圈扩出托💩出来人都说你游戏殖民了你真很像条舔狗一样吗，人连💩都不拉给你吃还非得跪着舔，还有那个珠子，不是说不做圣遗物吗，我踏马实在想不到一个2026年的游戏能想出强化失败这种机制，怎么，我玩的dnf是吧我现在是在20年前是吧，我们玩家是什么很贱的东西吗，问题问题是不会解决的，黄牛黄牛是只会吓吓的，宣发是比办你浮木白事还要宏大的，资格是比你浮木骨灰还要少的，出节奏是要装死的，水军是要请的，评论是要删的，评分是要抬的，情怀是要消费的，节奏是要装死的，狗是要训的，抽卡资源是少的一批的，氪金是必须得氪的，孝子是要比资历的，老玩家是连🗡️狗都不如的，yj是比舔狗都🗡️的，半夜是没有审核的，下午是秒封杀的，运营策略是学三角洲的，抓紧被tx收购吧，我怕以后人家看不上你了,2025/12/2,来自 Web 官网
wumi,玩过 3933 小时后评价（总时长 3960 小时）,5,适合上班族下班后挂挂机，简单休闲😘,2025/12/2,来自 小米Xiaomi 14
pdaj6ttrm,玩过,2,带着你的终末地一起入土吧！放个钩子！！就你那大雷终末地会把舟这么多年的好评和路人缘消磨殆尽…祝你好运！,2025/12/2,来自 Android 设备
毓琉,玩过 1128 小时后评价（总时长 1246 小时）,5,玩法上说：独树一帜的塔防游戏，结合了经典塔防的高台特性，融合了横版塔防的阻挡机制，独创战斗角色唯一性的基础玩法，在此基础上不停更新新的机制道具。对于一款塔防已经做到极致，算是塔防天花板级别的玩法了，但依然脱不开二游特性数值膨胀问题和冗杂问题，在所难免。解决方法就是推出了各式高难关卡，增加可玩性和挑战性，很优秀，但也挺恶心的。结合肉鸽玩法也渐渐主流，出到许多期，各有优缺，也是极其成功的尝试了。开荒玩法趣味性比较高，但有时候会很无聊（尤其是大前期，撸树太折磨了）。 音乐方面没法比，行业一流出了很多圈内外神曲，特别出圈的佩佩歌曲，还能符合角色性格和主线或活动的内容，代入感较强。挑不出什么毛病。 立绘方面，用的经典的二游风格，没有特别出彩让人眼前一亮的地方，不能算极具特色，但也基本无过，立绘精美，动态也很优秀。有时会出现抄袭问题和部分绘画缺陷问题，希望这类问题少出现。 福利方面，资源价值拉的很高，对新老人来说各种资源都很稀缺，但由于角色唯一性的情况，还在可以接受的范围内，简单关卡养好一个人就可以。资源的价格便高了很多，但由于没有真正意义上的付费游戏币，所有游戏货币都有获取途径，除了一套氪金皮肤，其他皮肤角色均可零氪获取（自己规划资源了）。 剧情方面，有高光（整合运动的结局，巴别塔的诀别，反常光谱的工人运动等等），大多数很有趣味，也很深刻，同样也容易导致无聊和流水账，尤其是主线前期和一些特定活动，让人很难有完全看完的欲望。 个人最喜欢的是游戏内没有世界频道，干净，纯净，可以安心游戏，除了一些联机活动，可以算是单机游戏，游戏内体验感很好，界面也很顺眼。 一款极其优秀的塔防游戏，剧情、游戏性、美术音乐都是顶级。受限于塔防和二游的局限性有些缺陷，也提出各种方式弥补。九分徘徊，给个五星。 不说那些粪怪和纯屎的小游戏，希望yj好自为之。,修改于 2025/12/2,来自 HONOR LLY-AN00
Steve-free,玩过 2381 小时后评价（总时长 2389 小时）,1,逆天，yj你难道不知道19年玩你游戏的那一波人现在多大了吗？都上班了谁有时间玩你那破联机模式？打一把自走棋半个小时往上走，还要等低能队友墨迹😅。连着几个联机活动你真无敌了。,2025/12/2,来自 Android 设备
无语,玩过,1,活动太难打，不过,2025/12/2,来自 Vivo IQOO 12
Stress,玩过,2,全部推荐但是2⭐，应得的,2025/12/2,来自 小米Xiaomi 17 Pro
草⃠白⃠牛⃠,玩过 3587 小时后评价（总时长 3662 小时）,1,是我玩最久的游戏，直接差评🤓👆🏻,2025/12/2,来自 Android 设备
小号再线,玩过,4,玩了这么久，真的挺不错的，比zmd强，最起码运营强多了,2025/12/2,来自 Honor X50
白衣渡江,玩过,5,已经是我目前玩过二游里面坚持到最后的几个二游了，断断续续玩了几年，非常不错的一款游戏,2025/12/1,来自 Android 设备
乐乐2004,玩过,1,sb卫戍协议bug一堆，能不能修修你的破服务器啊,2025/12/1,来自 红米 K70
没有奶酪的杰瑞鼠,玩过 11.9 小时后评价（总时长 13.7 小时）,1,对新手太不友好了，抽到六星，五星干员养不了，三星养完，数值还不如不养的五星，没招了，感觉就是被怪按在地上摩擦，带12个干员，只让10干员上场，纯恶心人，本来想入坑的直接劝退了。,2025/12/1,来自 Vivo IQOO Z9 Turbo
。。。,玩过,2,以前以为你是相对良心的那个，现在发现你只是暂时没做起来，ex玩家这套和其他二游厂那是如出一辙，厂商孝子这块更是一绝,2025/12/1,来自 一加手机Ace 3
枯叶,玩过,1,明日方舟你忘本啊，全面测试，除了方舟玩家都有资格是吧，官方指定合作平台是闲鱼是吧,2025/12/1,来自 华为BRA-AL00
Faust,玩过 1251 小时后评价（总时长 1252 小时）,1,别以为我120级会给你好评😄,2025/12/1,来自 红米 K70
冰山一角,玩过 1833 小时后评价（总时长 2821 小时）,5,啊，除了歪的有点难受之外，非常舒适的游戏体验，而且主要可以编入队伍的人数多，让喜欢的干员可以养了带上场尽一份力的感觉非常滴美好。 我看立绘，看强度，看人设然后就好感了好多干员，而且养成方面相对简单，人物抽一个就是99.9%完全体 不过，一些干员强度设计上多多少少有点可惜，一些干员也很难在剧情里见到面。。。希望抓紧完善罢。 美美吃了一井，加上最近终末地的破事真是让人有点不知道说什么了😂,修改于 2025/12/1,来自 Android 设备
秋信,玩过 661 小时后评价（总时长 709 小时）,2,游戏塔防玩法确实挺有意思的抽卡规划还是有点看运气 运气不好是真抽不到保底还挺贵当然这个游戏出六星概率还是挺高只能说抽卡游戏通病了 剧情这方面只能说看能不能接受没配音和大部分的纸片人内容这方面还是可以给高分的但是还是因人而异,2025/12/1,来自 Android 设备
不知道,玩过 105 小时后评价（总时长 152 小时）,5,玩了3年，每天稳定上号，玩的很舒服，抽卡是真抽卡，运气好送的十连就出了，运气不好时我真吃满了保底，不过总体上来说，我还是愿意玩到关服,2025/12/1,来自 Vivo S30
鸽,玩过 32.5 小时后评价（总时长 34.2 小时）,2,我tm给你氪金就是为了让你背刺老玩家给黄牛还有不玩这个游戏的资格的是吧,2025/12/1,来自 OnePlus Ace 2
望舒屿,玩过,5,个人唯一玩的进养成系游戏，好好加油,2025/12/1,来自 Android 设备
子曰,玩过,1,老玩具被优化咧,2025/12/1,来自 Vivo IQOO Z8
松果的蓄电池,玩过 3429 小时后评价（总时长 3705 小时）,5,好玩，非常推荐,2025/12/1,来自 Vivo IQOO 13
广井XD,玩过 1257 小时后评价（总时长 1332 小时）,1,卫戍协议什么垃圾玩意😅😅😅😅,2025/12/1,来自 小米2405CRPFDC
灵魂摆渡人,玩过 144 小时后评价（总时长 262 小时）,1,模拟战太恶心了,2025/12/1,来自 Redmi K60
happy的小橙,玩过,5,玩了一个多月，感觉蛮好玩，挺适合我的，期待一波新年池,2025/12/1,来自 Vivo V2203A
哈克萨斯,玩过 1582 小时后评价（总时长 1729 小时）,3,卫戍协议不知道是什么物种设计的，策划完全是根本不玩自走棋的云。就靠着自走棋本身肉鸽趣味性加玩家基础留人（打个比方就是玩过lol的玩云顶）。过去这么多天了依旧抢牌依旧秒退逃跑。你必须想象所有人都是绝对坚定善良的，不然整个玩法就被策划引导的充满了勾心斗角与嘲讽吸血。 而且杯数越高越吸血，精准搜索搜出来全是吸血鬼，给他兜了前六回合结果到结束也站不出来，精准搜索经常7，8回合就死完了，反而快速匹配的队友虽然杯数没那么高，但是你给他兜底了他真能站出来，至少他自己能做到少漏。一群人偷理解玩吸血鬼贾斯汀坎诺特又玩不明白，还非要觉得策划设计的这坨大分没问题捂嘴别人。 本来打的3星，4星是给在持续的优化加最近干员强度是稳定膨胀不是崩坏时高时低。 不知道为什么这么多人的关注点都在买号上面，大部分游戏尤其是手游的账号都是随时间贬值的，所以只要有氪金预算，那买号是最功利的选择。我个人是有电子洁癖从不买卖账号的，但我认为如果有人现在想要入坑明日方舟，买号和自建都是没问题的，只是我更推荐买号，根据评论区加我个人的看法，和我一样纯电子洁癖/完全享受自己动手和养成过程的可以自建，想自己动手但又害怕坐牢或者说注重游戏体验的可以买初始，对于全图鉴/高练度等有强烈追求的直接成品。 我建议买号是建立在我认为主线和日常活动毫无游戏性的情况下，只关注肉鸽合约盐酸等额外模式的游戏性。就拿这次惊蛰伴生活动来说，我都是娜仁图亚加罗格斯直接带着刷信赖，什么污水的机制我压根就不需要了解，两个一摆挂机就完了，新手根本没办法从大混池里捞到这种强力角色，不得不去看毫无新意充满数值和机制恶意的机制，浪费自己的时间，最后还大概率选择助战益达。 1，首先自建坐牢，虽然现在给新手6加自选基石，但是缺少决战c，缺少新机制干员，强度党苦行僧一样攒300井强拿超模，厨力党抽自己喜爱干员，不是限定没有保底，可能花掉大量资源不一定能拿到，而且拿不拿得到都继续坐牢。买号只要有几个幻神，号上剩一些资源，接下来怎么玩就全看自己了。至于精二桃金娘助战益达，反正要我一直这么玩我是玩不下去。我个人认为正常的助战系统是大佬等级练度高，萌新入坑没资源所以借高练度助战，而不是萌新攒了资源，拿不到强力角色而只能借强力助战。 2，假使是氪金大佬，自建无所谓，直接一堆648连着不停充，往期限定照样要等卡池开放，联动限定和蚀刻章，限定皮肤等全都没有而且几乎没机会再次获取。 3，当然，买号也有各种各样的问题，比如账号是否会被找回，比如特别看重某一条件（全图/全章等）导致价格超出预算，比如买来的号没有感情和成就感，玩不了多久就不想玩，转手发现还亏了。 对于游戏乐趣在于养成和自己动手过塔防这一点。 养成我是赞同的，我自己为了打肉鸽就养了一些五星，不过我不喜欢去15难折磨自己，只在10难低难度玩高规格分队。同时我自己喜欢的干员基本都是拉到2909或者2809。的确养成好的号玩家很难有再养新干员的兴趣，也会失去自己的第一个六星这种陪伴感与“本命”感，但是养成的前提是要有，没有想养也养不到，综合评论的看法，我觉得初始号的确不错。 自己动手说实话我并不特别赞同，只是现在的干员去暴打原始人关卡可以有自己的思路，比如主线前期的磐蟹，现在的干员根本不需要给他推进坑里，直接硬杀就完事了。而关卡难度随着干员强度膨胀特别是设计强行对策卡以后，我不认为新号打新关卡有多么好的游戏体验，反而很可能是凹一个小时凹崩溃最后还是益达。关于关卡难度的提升从各大攻略up主，挂机的出新干员版本，甚至老干员都不那么“老”，出单核低配越来越困难，单核低配的操作越来越复杂，就可以看出，但舟的关卡难度和干员强度一样，不是线性提升，所以单看一段时间这种感觉可能并不明显，甚至觉得活动关卡难度在下降。 仅从我个人看法，我已经不觉得舟的主线和活动有什么游戏性了，看每个活动的挂机视频播放量，就知道有多少人并没有手动去自己完成关卡。主线我基本只看剧情，活动我只看感兴趣的剧情，我认为舟的游戏性可能点全在额外模式比如肉鸽，盐酸，保全派驻等，但是因为产能不足（个人认为），设计师可能觉得觉得没必要等各种原因，额外模式做的并没有吸引那么多玩家。 以下原评价: 简评:一句话很难表达对舟的全部评价与感情。目前只能说2025年新手也可以入坑，但是最好还是直接买号。而且要会自己设立目标，才能在舟找到乐趣了。 可玩性:2星，自己设立目标能提高到3-5星。 我是舟刚开服就知道的，但是没有手机玩不了，后面高考完了又未成年，相当于是第二年8月才开始正式玩，开始玩舟的时候我也是尽量不抄攻略的，而且开始没有限定或者是限定少而且强度影响不大，我当时又运气非常好，羊龙赛几乎解决大部分boss。只凭当时的游玩体验可玩性还是很高的。 但是现在是什么趋势呢？的确还有单核攻略，但是所有活动全部都有倾向新干员和新机制的趋势，抽不到新干员，跟着低配攻略抄作业十分痛苦且难受，而且活动没有新意，只是新机制和数值的堆叠，另一种角度说无非是对新卡的售后和强捧。 舟的可玩性问题在哪？我个人看来是以下方面: 1，单个角色太强，日常活动没新意。 比如6星控制角色几乎永控，比如益德益达这些超模数值机制怪，这样新boss出来就很呆，直接沦为杰斯顿，那怎么办，只能给boss直接加抗性免疫，把护甲魔抗提高到打不动，但是又不能真让玩家过不了，于是直接设计全新机制的超模，又直接把boss干爆了，物理魔法的基础伤害机制就是这么被搞烂的，法蒸还稍微好一点，物理破甲几乎已经查无此人了，因为现有破甲干员减不下去，新出超模会直接让真伤和元素干员变小丑。 2，产能不足。 肉鸽一年一个，然而哪怕是所有分队全部n15满标也是打不了一年的，（而且因为强度完全崩坏，最功利的打法照样是开局无脑益达强行c垃圾效果分队）打完就只能进入自我设置目标来提高可玩性环节，比如自ban干员，或者特定干员c（大哥单人结局）。 生息演算，最开始我是对生息演算很有兴趣的，但是我发现打一会新鲜关卡就打完了，后面很多关卡只是换个buff重新打一遍，以及远征打一遍竟然不是永久效果，想要获取资源还要重复打同一关卡。内容量实在太少。我直接挂完奖励就不玩了。 那个啥玩法记不起名字了，和自走棋一样d小人的。也是产能问题，产能低下导致只能选这么一点干员进去，大量平时就没机会上场的仓管干员依旧没机会上场，玩家也没法用自己想玩的干员玩想玩的流派。 总的来说，就是产能不足加上强度崩坏加上额外模式吝啬，导致玩家很难在新模式探索平时不用的干员，很大概率新模式甚至会变成保全派驻一样纯折磨玩家的存在。 3，额外模式吝啬。 肉鸽模组。 目前舟有多少个干员了？肉鸽特限模组开了几个？依旧大量厨力干员爽不了上不了场，只有投掷手等少数职业依靠强力藏品鸡犬升天。而且肉鸽模组也是消耗资源的（确实消耗的很少），是玩家自己愿意深度游玩这个模式才开，对日常活动卖新卡强度几乎毫无影响，开的依旧非常少且好像是仅限于6星（我的认知还停留在凯尔希杰哥那一批，毕竟半年没玩了。）实在是很吝啬。 生息演算，双快活悖论模拟。 本来可以很好玩的一个模式，连肉鸽都有临时招募，非要惦记玩家拥有干员，哪怕是随机招募，都比现在好玩一万倍，都不说新手，老玩家缺少强力干员，谁愿意来生息演算坐牢？肯定是直接刷积分走人啊，限时就是让益德这些超模快活有巨大优势，就是明显的人权显著提高游戏体验。 平衡性:1星 本来可以归到可玩性里，但我实在太厌恶舟的“杯论”，所以单独拿出来讲。 首先我玩过上千款游戏，从未见过任何一个其他游戏像舟一样分出9个等级的杯论，甚至还可以说杯论之上有幻神，杯论之下有纯废物。 舟的杯论就是强度彻底崩坏的一块遮羞布而已，反驳这点的人我不屑于和他浪费时间。 一方面来说，强度崩坏的一个点是新干员单个角色可能过强，这就导致一个新干员可能破坏整个现有体系，然后怪物一升级直接让原来的所有干员都变得不那么好用，也就是全体降级。 另一方面，舟的干员强度曲线非常奇怪，仿佛是策划摇骰子决定的，所以24年既可以看到益达这种几乎所有模式通解，也可以看到弑君者这种除了攻略组会用来整花活以外毫无意义的仓管。强度起伏如此巨大，以至于强度党玩家完全不知道抽谁，被益达吓成惊弓之鸟，妮芙和乌尔比安两个干员拥有率奇低，厨力党很可能会面临自己喜爱的干员出即仓管，并且没有翻身可能。 在我看来这种强度混乱但依旧快速膨胀的干员出法，甚至不如一定幅度下的稳定膨胀（一定幅度，指每一个干员都比前一个强，但不会出一个就把前半年的全部爆金币，玩家只要抽一个，就能保证一段时间的游戏体验。） 给老干员的模组同样是上文提到的一个特点:“吝啬”，我在之前的其他帖子中也提到，很多模组仿佛只是证明策划没忘记还有这么个干员存在，实际提高却聊胜于无，在“杯论”差距如此巨大的情况下几乎提高不了出场率，真厨力该带的还是会带，强度党不会因为蚊子腿提升而上仓管。 社区环境:二创5星，其他一星。 二创的确至少让我个人是观感很舒服的，这个各人又各人不同的看法，不做过多评价。（我就爱看皮那博士画小刻。） 其他环境 被“杯论”洗脑，以至于无论提出任何有关强度的合理不合理的意见，都会被堵着捂嘴甚至直接被嘲讽攻击，弱势干员永无出头之日，或者等着策划良心发现给加强。 三号线事件，我不做任何评价，我只是想到一个有趣的问题:如果性别互换，舆论会是如何？ （在我看来根本原因是游戏性不足只能去游戏以外找乐子）充斥着各种钓鱼，吵架，引战，逆天言论，一方面有人“乐子人不嫌事大”，永远“感觉非常简单”，一方面有人用娱乐来异化自己的“社牛行为”可能给他人带来的困扰，仿佛“我开个玩笑你不会当真吧？”同时把快乐建立在别人的困扰之上还要占领道德制高点。 接下来聊聊我觉得舟还行的。 抽卡福利:2-5星 为什么跨度这么大，因为300井的方差就是这么大，而且很可能需要井的刚好是益达这种你不得不获取（你拿不到包有人堵嘴不要也能玩，但是不会提游戏体验的巨大差距）的干员。同时杀熟肯定是有的。我之所以能给到最高五星，是因为我个人觉得舟的资源获取还算良心，我也能接受，附图可见我也没少被杀熟。 画面音乐:5星 我觉得有我很喜欢的就能是五星，舟的确有水陈（xx陈）这种事件，以及很多皮肤我也不感冒，但是有足够吸引我的皮肤，我认为就是值得给到五星的。比如煌的音律联觉，年的过年皮肤，阿米娅的赠送皮肤，小羊的泳装等等很多皮肤。 突然想起来了补加的一点 后台稳定性:6星 从来没有一个像舟一样稳定的游戏，把舟挂在后台，过个半天回来，能够无缝衔接继续玩，从20年到现在25年，一直都保持的非常好，其他游戏最多短时间内能保持，时间稍微一长，挂后台就直接崩了需要重登。 剧情:评价不了 远古时期还挺爱看舟的谜语人剧情，基本是全看完了的，至于现在的剧情几乎大部分都没看了，所以评价不了。 2025.8.1追加: 其实前段时间回坑一阵就想改到四星的，几个点: 1，优化是一直在做的，虽然经常看到评论发表类似“这优化五年前就该有”，但至少各方面的优化一直都在做，最明显的就是倍数作战，以1-7搓玉为例，原来增加体力上限前刷完120多体力要20多分钟，需要早晚各上线一次，几乎每天都要花一个小时上线看录像，现在改成6倍加提高体力上限，很快就刷完了，其他暂时想不起来了，比如助战优化等等吧。 2，最近干员的强度符合我个人的想法，新能酒神甚至我个人认为小姨和接下来的星熊都属于挺强，有了可以用一阵，但没有问题也不大。没有再一会天一会地，要么像益达一样必须获取，要么根本上不了场强行塞进队伍当吉祥物。 3，界园肉鸽我个人认为做的挺好的，电弧是所有人都可以拥有的保姆，现在界园缺少的只是类似国王套这样的强力提上限的藏品，现在用电弧把轴摸透，等到之后有新强力藏品，那几乎可以完全抓自己想要的干员来使用，电弧作为保底就行。当然地图设计和拐弯太少的确是问题，狭路相逢都还好，我觉得得偿所愿才是最垃圾的节点，很可能两个都不想要，也有可能“更稀有”藏品还不如普通藏品。,修改于 2025/12/1,来自 Vivo IQOO Neo10
⋯,玩过 1278 小时后评价（总时长 1557 小时）,5,卫戍协议常驻！ 卫戍协议常驻！！ 卫戍协议常驻！！！,2025/12/1,来自 Vivo IQOO Z10 Turbo Pro
高超音速武装直升机,玩过,5,三周年之前入坑，也算是个老玩家了，感觉这个游戏就像是二游界里面的一颗常青树，已经有了感情，也尝试过cos，总之希望明日方舟越来越好,2025/12/1,来自 Android 设备
㍿哥™,玩过 44 分钟后评价,5,非常优秀不氪b服玩家,2025/12/1,来自 Vivo IQOO Neo9 Pro
啦啦啦,玩过,5,被终末地这事恶心到了，干脆趁这机会退坑了，临了给粥一个五星，当做句号吧,2025/12/1,来自 小米24117RK2CC
去月球,玩过,2,60抽之内没出过6星😅，抽个酒神给我歪俩，100多抽才出，我攒那么多就是用来被恶心的? ok惊蛰吃满😇，玩nm连着俩活动恶心我 当时周年前和我一样有300多抽的人现在已经600多抽了，而我现在剩150抽，这么玩我是吧😁 母鸡卡100抽😇 卫戍协议真的屎一样，总是缺关键牌，今天玩谢拉格给一直出异客，玩阿尔贡一直给我出银灰，总之就是给你关键牌的局远远少于不给的局，能不能改一下主要联盟的干员出率提升?这就是个合作PVE模式，让玩家玩着舒服很难吗？ 那几个策略也好好改改吧，好多都屁用没有，我是为了全角标都体验了。 还有有的人是真的贱 明明打不过奖励怪还要抢你的，干员你说你实在抓不到别的和别人一样可以，一个奖励怪也要自己打不过也不让别人拿到，什么心理，是人吗？,修改于 2025/11/30,来自 华为 Mate 30 Pro 5G
Echo,玩过,1,血崩了😭，卫戍玩起来体验好差，终末地质量也不好,2025/11/30,来自 OPPO Find X8s
HeroBrine,玩过 1454 小时后评价（总时长 1457 小时）,1,说鹰角杀熟，本来是不咋信的，这一次终末地资格没有给多少老东西，再加上现在池子从夕那一年，我开始氪金之后真的非的要死，突然有点力竭了。,修改于 2025/11/30,来自 Redmi K60
Development,玩过 414 小时后评价,2,120级开服玩家，方舟设计师就季白剿灭扫荡搞三年搞完搞不出新东西，大哥天天看录像带很烦啊，看完还给我返回关卡界面你是不知道再设计一个问我要不要返回关卡界面和再来一边的选项吗？也不设计个N倍体力N倍回馈，要求不高两倍就行能大幅度缩短我看录像带的时间，大哥你已经运营几年了不要跟我说搞不出，还有你看看你们设计的模组我敢打赌你们设计时候没有玩过游戏没有经过脑子，90%的模组都是几把废物，又想出模组抬强度拉时长又设计不好，给的数值扣扣搜搜。 还有你游运营简直是可以说是垃圾，一个游戏官方账号就拿来发游戏内容相关的，各种游戏事故道歉是运营号发的，然后一堆人洗哎，运营号也是官方号，不是哥们谁知道你这运营号是哪个啊？官号多少百万关注运营号多少关注，只能说鹰角态度傲慢对运营的不用心，其次限定卡池一年两个膨胀到了现在不知道一年几个，我寻思着虽然你游6星角色好获取，但你游限定6星多少百抽你没点数吗？😂 扣完源石扣黄票，扣完黄票还没补偿，赠送六星能获取黄票你说不给就不给，不给补偿也不说明原因😓还提高活动赠送干员的难度，限定卡池倒是挺多还是不复刻的那种，要么歪要么300抽换了，但你知道300抽多难攒吗？ 活动赠送干员原本过关就送现在来个什么合成什么什么东西去解析😅，还有抽卡问题你粥说送得多也不多，说少也就那样兑换码没有一个是有合成玉的，保底是今年加的，大保底300抽没改过😅，要不是有个概率会逐渐提升，你游卡池绝逼比米家的还毒，当然这只是指六星爆率，不包括限定，限定300抽保底50概率歪不出就是不出，还有那连续看六次录像时长不变美其名曰连续作战，人称官方小脚本，这么多年了有改善啥嘛？ 原本就有的福利还回扣也是牛掰，整的烂活也不少了，什么百万血机甲不知道数值策划是吃什么的，能填出这种东西一看就是没测过，撒把米给鸡填的，立绘质量不在线时高时低，开模组费用也高需求物品只要不刷日常就下线没啥问题，角色数值更是JO填活动赠送活该烂货，还六星呢实用性低到连五星都不如别跟我说什么对策卡，比你有用的对策一抓一大把。 19年入的坑现在23年了4.5周年了，你游给我的感觉大多数都是原地踏步走没啥可以说得上的优化，剿灭扫荡?出扫荡这不是合情合理?一次剿灭20多分钟慢一点近半小时的录像，关卡时间一关几分钟，我对你游的失望耐心已经用完了，退坑了号也卖了，累了，粥的新游终末地一测目前给我的感觉也是拉裤兜里的，你游策划给我的感觉就是没活硬整，做游戏运营也就那样。😓,修改于 2025/11/30,来自 小米15
User368808507,玩过 87.9 小时后评价,5,这款游戏充满乐趣，值得推荐。,2025/11/30,来自 一加手机Ace 5
淡定人生好过,玩过 1991 小时后评价（总时长 2462 小时）,3,6年了，有很多想说的，但是说不出来，就这样。游戏是好游戏，但是如评分所示，差点意思。以及小登入坑，规划好的话，什么时候入坑都不亏，尤其是四大天王刚结束时。至于节奏问题，仅有关于我个人，按下不表。另祝鹰角越做越好。,修改于 2025/11/30,来自 Android 设备
墨狐,玩过 734 小时后评价（总时长 864 小时）,1,三测被带节奏了就受着，至少人家别人家的孝子是真玩过你的三测了，想帮你说句话结果人家一句“你个云玩有测试资格吗？”就能让我哑口无言，至少人家是真有测试资格,2025/11/30,来自 Vivo IQOO Neo9 Pro
特特,玩过,2,游戏画风还行加上可以白嫖皮肤给到两星 说说这游戏的问题吧，最大的问题就是不能扫荡，这种游戏不出扫荡就是纯恶心玩家了，关卡对于新手来说第一次甚至有些关第二次都是很难三星的，三星才能开挂机而想要三星必须不放跑一只怪一点容错率没有，好不容易开了挂机更恶心的来了，这游戏挂机是复制你三星通关的操作的，而6星角色突破会提高召唤费用导致召唤延迟放跑怪物，玩了几天经常遇到挂机失败要重新打一遍的情况果断弃了,2025/11/30,来自 Android 设备
Arthit,玩过,1,米家 kl家的游戏全在玩没一个游戏让我冲厂商的 yj真的是第一个 光速切割老玩家 氪金的时候怎么不说没资格了😋,2025/11/30,来自 一加手机Ace 3 Pro
久见,玩过,1,对你还有期望才会生气和愤怒，才会提出问题和建议。 而现在只有失望了，之前写了很多问题建议，想想还是删除了。 少有给游戏评论，也仅有一次，无论舟还是终末地。 到此为止，再也不见。,2025/11/30,来自 HONOR AMG-AN00
User750928629,玩过,1,你游已经死在那个五周年了，从ew出的时候就差不多变味了,2025/11/30,来自 Redmi K70 Ultra
wιo,玩过 209 小时后评价（总时长 224 小时）,4,我第一次见出新游戏能把老游戏拉下水的,修改于 2025/12/2,来自 Redmi K50
水ED,玩过,4,剧情写的和轻小说一样，还在问卷调查里调查难以理解这一栏，是觉得自己文学水平高吗？写出来这种不过脑子就读懂的东西,修改于 2025/11/30,来自 Android 设备
却忧,玩过 707 小时后评价（总时长 794 小时）,5,好玩，最喜欢的游戏之一,2025/11/30,来自 Honor 90 Pro
莱恩,玩过,5,太肝了,2025/11/30,来自 OPPO A11中国版
uu,玩过 385 小时后评价（总时长 438 小时）,5,释怀了，终末地没抽到测试资格又不是大事，大不了等明年公测,2025/11/30,来自 Redmi K50
末端墨,玩过 959 小时后评价（总时长 1125 小时）,5,我发现一件事，部分差评好像都有点魔怔，属于鸡蛋挑骨头，不顺心了就上面叫一声——可换到其他游戏里不也这样？我好像看到了水军的影子,2025/11/30,来自 红米 K30 5G
烈阳圣使,玩过 885 小时后评价（总时长 973 小时）,1,不是我害了你，是终末地害了你啊,修改于 2025/11/30,来自 Honor荣耀X70
绯.,玩过,2,入坑比较早但是玩的时长不多，还是因为朋友推荐入坑的，就我而言粥是无聊🉑玩的游戏而不是一直都有瘾的MOBA类似的 🎮可玩性： 塔防，内容无需多言，感觉就是困难一点的二次元美化版保卫萝卜（个人感觉请勿喷）到后面就很讨厌卡帧放干员，重开好多遍玩的我头疼，为啥不能出一个简化版关卡😅 🌃画面音乐： ep是玩过的很多款游戏里面做的最好的了，但也只有ep好😇mini干员是挺可爱的就是这个立绘有的挺不好看的（。嗯对） 💎资源获取： 前期福利给的是很多，中期之后再想要很多合成玉就只能氪金，不能直接肯定yj圈如钱，但是这个抽奖概率以及卡池出新频率不就是逼着人氪如金，差评了真的 ☄️成长体验： 肝，开始就在肝，游戏基础就这样也喷不了 🔖运营服务： 这个喷不了这个是真烂 ✍🏻建议： 喜欢塔防类不怕肝钱多的可以入坑 我的建议是避雷,2025/11/29,来自 Android 设备
妙啊,玩过,2,带着你的全面测试给我滚,修改于 2025/11/29,来自 华为CTR-AL20
クロ,玩过 1341 小时后评价（总时长 1356 小时）,4,2025.11.29更 舟在搞玩法这块真的没得说，6年了还在焕发新生，新模式卫戍协议可以说又一次激唤起了玩家的热情。它的所有玩法可以说都离不开干员本身，再加上对联机模式的探索，可以说能做出爆款玩法绝非偶然，并且随着世界观的拓展，各个阵营、势力不断补完，泰拉大陆的故事一定会越来越精彩吧。今年最喜欢的剧情果然还是相见欢，其次是红丝绒。 //想坐牢？快来保全派驻！凯尔西的裹脚布，又臭又长 --博士，还不能休息哦，你还没打保全派驻 --什么，我不是通关了一遍吗？ --要打一次半才能领取全部奖励哦 --躺 ------------- 两个隐藏章拿到了，新模式怎么说呢，萝卜矿没问题，多伦难度曲线有点陡，前面砍瓜切菜，第八关高台位限制太过了，至少也要给四个高台吧，辅助没位置放了很难受，这个模式输出基本就靠高台。相比来说集成战略要好玩不少，已经在等16号更新了 -------------------- 4.23周年庆直播更新，明日方舟是一款我的问题 3.29更新（肥鸭90发才出，果然gacha是坏文化•᷄ࡇ•᷅） 吾导先路：剧情四颗星，关卡四颗星。 四月份应该就是第十章和周年庆了，如果不是异格，我猜一手伊内丝，异格猜一手小莫。 最近看了个介绍视频很不错，虽然是一年前的，但是放到现在依然适用，非常推荐考虑要不要入坑的人看，粉色APP搜“巨讨厌手游的日服大叔”第一个就是。 其实方舟好的一点是，在你有几个基石六星后，可以选择每天上线赚取养成材料，也可以直接歇菜不上线，等新活动出了以后玩新东西。不存在一个中练度玩家一年不上线打不过活动（实在打不过还有作业）。长草期不管他就好了，玩游戏快乐最重要。觉得不够玩的还能打肉鸽，像我全分队三结局后，直接开摆，等新活动。 ---------------------- 可玩性： 刚看完寻昼33 虽然方舟的基础是千年战争，但是格子系统和再部署带来了无数可能性，可以看到鹰角有在努力设计出机制有趣的干员（除了水陈）。还有地图装置和怪物机制，花样很多 UI： 玩过这么多手游，界面最清爽的可能就方舟和FGO了 美术： 美术风格，就是你一看这个动画，这个PV、EP、假广告、蚀刻章设计很有鹰味，一眼就能认出来 剧情： 相比前中期，长夜临光以后的剧情就没拉胯过，多线叙事，角色鲜明，借鉴现实却不是完全照搬，总之是越来越过瘾 扣一星给抽卡 拉特兰我的拉特兰，快点发饼啊，奶一口苦难陈述者落地 推荐喜欢塔防和纸片人的朋友入坑，不喜欢塔防你玩游戏可能跟上班一样,修改于 2025/11/29,来自 Android 设备
黑云,玩过,4,越玩越没意思，找不回最初的乐趣了，个人玩的最起劲的是长夜临光版本，然后对舟的热情就渐渐续续走下坡路了，经常退一会坑再在周年庆回头看一眼，回不去了🙁,2025/11/29,来自 Vivo V2073A
蔓,玩过,2,老东西已经被切割了，不推荐入坑,2025/11/29,来自 REDMI K80 Ultra
夜雨,玩过,3,一个主线剧情做的如此之难我看了攻略几百次都过不去真的玩法做的真是一坨不会做游戏就别做做出来恶心玩家吗？真不是我无脑黑我不知道你给了那些给你打好评的玩家送了多少福利我就以我玩过的心态来看你的玩法做的就是一坨如果别的玩家来喷我我也说不好玩玩法就是一坨恶心人的玩意,2025/11/29,来自 三星Galaxy S9+
弗拉基米尔,玩过 770 小时后评价（总时长 784 小时）,2,终末地的宣传都糊我脸上了，那你发了多少呢?,2025/11/29,来自 Vivo IQOO Z10 Turbo
嘴强王者,玩过 2.9 小时后评价（总时长 42.2 小时）,1,养成一坨，对新人十分不友好~(´•︵•`)~ 💎资源获取： 难,修改于 2025/11/29,来自 华为Mate 70 Pro+
压力马斯内,玩过,2,果然没有值得相信的游戏厂家，鹰角就赌老东西们是石也会咽下去，就不给老东西们资格，资格用来扩圈吧，反正老玩家开服照样腆着脸去玩，老玩家像路边一条一样被鹰角蹬死。,修改于 2025/11/29,来自 Vivo IQOO Z9 Turbo
阿卡丽现任女友,玩过,2,氪金的我就是个傻子,修改于 2025/11/29,来自 Android 设备
DEC_D,玩过 2141 小时后评价（总时长 3015 小时）,3,这只是一个闲鱼牢玩家的牢骚。 我有多喜欢舟，那我就有多讨厌鹰角。 看录像的优化是要分批更新的，喜欢我录像六连看吗？ 游戏事故是要一个完全看不出来像官号的运营账号发通报与道歉的。 觉醒波的马甲是用了就丢的。 海猫好歹也是从翀飞马，云母飞马那个时代过来的人，竟也会把玩家的得过且过当成了温顺。 从一年两限定，到四限定，再到五六个限定，不停地加塞。没被喷爆也只是因为有着从多索雷斯开启的“大受着”时代的“人和”，和资源获取快的“地利”。还有没有另一款明日方舟的“天时” 角太幸运了，幸运得傲慢。 那管生不管养的来自星尘将编剧和游戏设计的无能暴露无遗，世界观是要直接糊在玩家脸上的；人是不会说中文的；场景不会做但硬是要展示画面的；核心玩法是回合制但推箱子的出场率是更高的；一个垃圾是要卖68还没有售后的。它就像一首堆砌意向与词藻的现代诗，乍一看会被唬住，但其实狗屁不通。一个畸形的怪胎，什么都像，什么都不是。 这份牢骚与终末地无关。 也许还是有关的——鹰角，还是那个鹰角。海猫也确实得到了翀真传。 就当我羽（海）中（猫）从未有过这些。,2025/11/29,来自 Android 设备
入青冥,玩过 206 小时后评价（总时长 233 小时）,5,以前会感觉好玩，但是，现在也只能是麻木上班了,2025/11/29,来自 OPPO PHM110
我们联合,玩过 235 小时后评价,2,角你的运营水平一直可以的,2025/11/29,来自 Realme真我GT6
曾经的贪玩少年,玩过 3119 小时后评价（总时长 3254 小时）,4,玩了4年，还不错的游戏，氪金平衡好。即便阵容不太强，大多数活动奖励也都能拿到。想肝可以肝，不想肝可以休闲。故事架构很稳，人物也都独具特色。弃坑以后还会回来玩的游戏。😂虽然已经6年多了，依然很有活力。推荐。,2025/11/29,来自 Vivo V2148A
一点都不,玩过,2,终末地不给资格，方舟号已注销，顺便差评一下，一星不计入差评，只有二星才可以,2025/11/29,来自 小米24117RK2CC
方解石,玩过,5,粥算是我玩过的二游里最良心的一个了,2025/11/29,来自 Android 设备
AUM,玩过,1,快玩够了，终末地节奏不管就删了,2025/11/29,来自 HONOR 100
うちは イタチ,玩过,2,永远喜欢明日方舟 永远喜欢明日方舟是我四年前的评论，两个号加起来差不多玩了6年，我真的真的很喜欢这个游戏，我光充月卡都充了2000了，结果连个测试资格都拿不到，真的让人寒心,修改于 2025/11/29,来自 Android 设备
溢溯,玩过 2233 小时后评价（总时长 2277 小时）,2,为了终末地特意过来给个差评，屏幕前的家人们觉得我做的对吗😄,2025/11/29,来自 Vivo X80
子非鱼安之鱼之乐,玩过,1,夏活的夏日元素少了很多，不是皮肤，是剧情之类的推送对比之前的夏活，现在的夏活我感觉就是一个用来推送新角色的活动了，虽然多索雷斯很不好，但是有一说一当时我玩的时候感觉还不错，包括潮汐元素什么的，夏活这样就算了，不是这个拉到爆的卫戍协议算啥呀，你好不容易出个联机活动，大家玩明日方舟不就图个爽快吗？然后一起联防什么的，结果你搁这共享卫戍卡池，我一个回合的金币全拿来单核心协议干员都买不到，这样我为什么不直接去玩金铲铲呢？还有今年周年庆的角色立绘真的和第一版角色立绘差太多太多了，现在动不动就是ai改，ai作图的，但是立绘的重颜色比就真的很像ai改过的啊，然后是活动，周年庆是能天使回家，夏活星熊回家，然后再来半周年也是回家题材呗，干脆今年直接整个回家活动得了，过年也来年限回家然后异格，不是海猫，你走下坡也太快了点吧，亏我还想过10周年，现在我的开服好友位全是长时间不在线的，你这个游戏一开始和碧蓝航线有什么区别吗？后期一直这样整，活动奖励是一成不变的，联机活动是没有测试的，最后把人全调到终末地，结果终末地变成黄牛末地了，真有你的海猫，老玩家后续是不是可以直接转碧蓝航线了，明日方舟干脆早点死了算了。,修改于 2025/11/29,来自 Vivo IQOO Neo9
九州一华,玩过,2,明日方舟的老玩家就是好啊，哪怕终末地不给你们发资格，一个个还在终末地那边疯狂洗地，这什么厂家舔狗，什么抽卡养成好，角色机制不拆分，张嘴就来，拿上一款游戏带入下一款游戏，也是兴奋过头了,2025/11/29,来自 Vivo IQOO 13
剑南春,玩过 267 小时后评价,2,音乐还行吧,2025/11/29,来自 小米24018RPACC
明月清风,玩过,1,不好玩，终末地测试限额，反正鹰角是这样的,2025/11/29,来自 小米13
琤琮,玩过 1422 小时后评价（总时长 1496 小时）,2,爱屋及乌，恶其余胥。既然顶着明日方舟的旗帜，那我也给明日方舟打个差评。,修改于 2025/11/29,来自 OPPO Reno14
别写这些,玩过,2,别玩，快跑，顶多买个资源号抽抽厨力，一款把老玩家当陌生人的游戏,修改于 2025/11/29,来自 Android 设备
鸭白菜,玩过,2,第六年了，从满勤到现在看到你的名字有点犯ex，再见吧，再见我这一生最喜欢玩的最久的一款手游，你有一个极其ex的母亲，ex到让我想吐，你虽然看不上米但是你想当第二个米，那你就去当吧，道不同不相为谋,修改于 2025/11/29,来自 小米Xiaomi MIX Flip
god rui,玩过 2854 小时后评价（总时长 2920 小时）,4,玩法经典又有创新，立绘ui精美，不肝不氪，适合我这样大部分玩电脑，小部分玩手游的 运营策略:杀熟,修改于 2025/11/29,来自 Android 设备
社保我迦黑贞,玩过 2588 小时后评价（总时长 2641 小时）,1,杀熟的√东西整天给老子保底终末地资格也是宁愿给黄牛和圈外人也不宁愿给老登😅😅 你能不能别再杀熟😅我他妈整天全勤你整天给我整保底能不能别恶心我了😅你歪给我歪点人类也行啊给我的都是啥玩意😅,修改于 2025/11/29,来自 Vivo IQOO Neo9
诗人说梦°,玩过 287 小时后评价,2,舟卫兵下岗。(´◉.◉) 莫得理智的刀客塔上岗！(๐•̆ ·̭ •̆๐) —————————————————————————————— 终末地全面测试尼玛，似吧鹰角😅,修改于 2025/11/28,来自 小米24122RKC7C
忘记一切了,玩过 1574 小时后评价（总时长 1677 小时）,5,目前也是玩了三年多了，体验很不错。 现在日常很轻松了，想玩也可以玩肉鸽，符合xp的角色已经陆陆续续拿下，接下来就是漫长的等待…… 如果能忽略强度的诱惑好好攒抽就好了😇，每次都忍不住😇,修改于 2025/11/28,来自 小米25053RT47C
你好,玩过 118 小时后评价（总时长 213 小时）,2,本来要打五星的，可是有2个在卡池里没抽出来，其他几颗星，飞到不知道那里去了，这颗一颗星是给音乐配乐老师的,修改于 2025/11/28,来自 Redmi Note 12 5G
红尘古陌,玩过,2,萌新入坑两个月，表示还行，就是材料这块太卡了，体力经常不够用。 2025.11.04 狗屎界园，扣两颗星 2025.11.28 这揭幕者活动的BOSS，真恶心啊，S5的BOSS第二阶段跳来跳去的，那个烟花半天都点不着，弄得BOSS一直是高额减伤，别说什么元素能打，没抽到酒神、真言。还有那个B卫戍协议，第一次匹配都还没开呢，直接退三个人是什么东西，联机活动弄得正常匹配的人和小丑一样，队友还有全程不放干员，就搁那发表情包的，就硬恶心人,修改于 2025/11/28,来自 红米 K70
岳龙轩,玩过,5,爆炸→_→本来不想评论的这么狠，告玩家书是什么？浇在玩家心头的一筐冰水吗？真是解暑 18.7.21 看到3月测试了，冒个泡，但是告玩家书怎么删了啊，解释都没的，行行行，不管多么真香，我这分是改不了了 19.1.22 →_→养肝啊，真香 19.5.5 今天出了那只异瞳猫，对就是那个精二没立绘的那个→_→p站随便找一张都比官方好看的那个干员，我真心没有动力去肝这个干员，冷宫一号决定，看看还能有几个冷宫，希望没有了 19.6.9 哎，真的感觉这次活动没有前一次那么有趣了，虽然一开始是很期待啦，然而这后半段的活动是什么鬼，直接开始养肝了啊（其实就是黄刺球给的太少，小声bb），如果今年内能有一个二刺螈的联动，那就真的要担心一下我的钱包了，现在没有什么氪氪氪的动力，反正我是咸鱼一条，无所谓啦，就是今天比较闲，来发发牢骚的，我来看看这游戏国庆有没有什么惊喜活动，这干员出的感觉越来越敷衍的感觉，不怎么想养，毕竟我一队都还没成型，就这样吧 19.9.22 这次的危机合约是真的好，我感觉自己智商不够用了，一个图要2个小时才能打好危机8，如果常驻而且还是不消耗理智，那我要真香了啊，希望在危机合约里出更有趣点的地图，红刀哥太猛了，我不想要这么刺激的，我喜欢慢玩→_→ 19.11.21 好久没在TapTap评论这个游戏了吧，今天逛游戏看到我以前写的这些，真的在想简单的打点字。这里充满着我对这个游戏的期待，充满着我对泰拉世界博士道路的向往，但是感觉随着时间的流逝，越来越觉得这游戏没了原来的感觉，不是说剧情也不是说对于泰拉的整个世界观的感觉，而是这个游戏的氛围感觉变得非常不好，不知道是自从制作方在水陈技能里疑似抢夺了陪跑水月技能的影子，然后刷到水月画师对自己的作画就像是孩子一样的感慨而破防，还是现在不断的出异格六星限定，然而早就有了风声，到现在也才只出了一个炎狱炎熔，其他三星罗德岛战斗预备队小组，人人都有变强的愿望，并付出了行动，但却一直都在让步给限定异格的难受感觉。真的到底是什么让我再也回不到那个当初一直看着泰拉世界一点一滴，为了矿石病为了这个世界而奋斗的罗德岛，我想不出，可能也是其他原因，可能也是我自己最近越来越忙，越来越不感到期待了吧，写了太多了...不写了吧，反正写的和想的一样特别的乱，希望我还有下一次想写明日方舟感想的时候吧... 2021.11.21 设定集重制！之前买过的免费邮?我只能说我赚了→_→调回五颗星，希望这次的夏活能够给力 2022.4.23 留着吧，这个评论留着吧，方舟的游戏评价，不能牵扯别的游戏，中肯一点好，已经去隔壁发过脾气了，这里就不修改了，但是我不知道我还能在泰拉这片大地上努力坚持多久，凯尔希.... 2025.11.28,修改于 2025/11/28,来自 OPPO Find X6
柒:陆,玩过,1,卫戍协议用痔疮想出来的机制？,2025/11/28,来自 小米Xiaomi 14 Ultra
Iota Alpha,玩过 508 小时后评价（总时长 509 小时）,2,开服老登不推荐,2025/11/28,来自 华为 Mate 30 Pro 5G
虚无,玩过,1,老玩家贡献清零😅,2025/11/28,来自 Redmi K50
纸かや,玩过,1,和续作绑死,2025/11/28,来自 Web 官网
skamus,玩过,1,不好玩😁,2025/11/28,来自 Android 设备
zyc,玩过 3.5 小时后评价（总时长 57.3 小时）,2,一堆垃圾小机制,2025/11/28,来自 Vivo S20
qxsnc,玩过,1,续作笑嘻了，自己选的嘛,2025/11/28,来自 Android 设备
捡破烂,玩过 2063 小时后评价（总时长 2078 小时）,2,二周年：yj滚 五周年：卧槽yj熹妃回宫 zmd测试时期：带着你的zmd滚,修改于 2025/11/28,来自 Android 设备
tutu,玩过,2,抽卡杀熟，小游戏麻烦无聊。角色设计越来越差，主题设计越来越差，皮肤越来越差。投入进去的钱和精力就生出终末地这么一坨大份出来。你游香艳制作人敢coszmd女角色吗。宅男与宅男双向奔赴的一生。,修改于 2025/11/28,来自 Android 设备
Sean,玩过,2,方舟已经被搞过一次心态了，这次没几个资格资格还搞充值返还，不高兴,修改于 2025/11/28,来自 Web 官网
爱布拉娜,玩过,2,玩个戍马是要被队友抢的，吭哧吭哧点个谢拉格维多利亚擦屎护工，抢到马投资人12回合到齐，伊桑半天不发d不到，启动都没有跟个区一样[流汗]跟发牌员对线累了差点忘了喷终末地没资格😃,2025/11/28,来自 小米15
子木,玩过,3,额...无需多言。 能不充钱就别充钱....真的，这游戏确实不值当各位大氪，咱抽不到就拉倒。 厂商要赚钱，他们也不会向着玩家，永远都只会站在玩家的对立面。 抽一次池子要多少合成玉，和你攒合成玉的时间，是不配位的。 各位听劝，买独立游戏玩，真比充网游值当的...,修改于 2025/11/28,来自 小米24129RT7CC
嗯，就这样,玩过,2,不如终末地，新玩家不建议玩，以后被背刺了都不知道在哪里说理，只会装死，只是表面好了本质还是一坨的公司😄,2025/11/28,来自 Vivo X200
我已逗比成神你速拜我为师,玩过,2,这不就是保卫萝卜吗？,修改于 2025/11/28,来自 Android 设备
糸色之冰,玩过,2,砸了你们！砸了！！！ 兔子都知道不吃窝边草！ 自己当黄牛爆老玩家金币，还当着人家老玩家的面儿，还让人家看 呸～恶心！我都悄悄卖 这种事你们可以多发点资格嘛！ 发点儿！ 哪怕做点任务送呢！ 花不了多少钱！ 哪怕偷偷摸摸的 简直是出生 出生都不如 还说让人家老玩家夸你们好 就是一句话！恶心！ 现在老登的金币肯定是爆不到了 恶心！恶心！ 恶心呐！！！恶心！ 呸！太恶心！,修改于 2025/11/28,来自 OnePlus 10T
Crimson,玩过,1,更新：重新入了一段时间，再次弃坑，连着两个限定都吃了大保底，异格银灰干脆抽不出来，直接把攒的玉和源石全耗光了，等于是在逼氪 走好不送，抽卡太坑 ------------------------ 2020年末入的坑，如今打算暂时离开一下 先叠个甲吧，以下纯属个人看法，你杠就是你对 主要感觉舟日常需要投入的时间越来越多，关卡扫荡至今没有实装就不说了，肉鸽玩法本身很有趣但是需要不断地重开，保全派驻算是好一点但一把也得要个半小时左右，活动遇上高难关卡往往还得反复凹。 新出的生稀盐酸吧~怎么说呢~就感觉非常的拧巴，资源采集处处受限但需求量却很高，战斗难度又不低，而且最关键的是这模式的新人引导几乎为零，菜鸡如我进去完全不知道要干嘛 总体觉得舟无论是新出的关卡还是新的模式，对于玩家的压迫感都在不断加重，而且游玩门槛在抬高（类似于有没有双快活生稀盐酸就是两个游戏），这可能也是某些脚本软件这么火的原因吧。大佬们都会觉得下次还填非常简单，但其实菜鸡如我的轻度月卡玩家可能也为数不少，也许方舟应该考虑给玩家更多的一些宽容，毕竟游戏的长线运营需要的恰恰是拉新 罗罗嗦嗦说了这么多，但对舟还是很有感情地，毕竟玩了这么久，立绘剧情音乐抽卡玩法之类的优点就不说了，至今还记得第一次抽到和精二煌姐姐时的快乐。总之，祝愿舟越来越好吧，时不时也会回来看看,修改于 2025/11/28,来自 Android 设备
我莱依拉,玩过,4,为什么没有伤害显示，有没有入讲解一下,2025/11/28,来自 Redmi K70 Ultra
吸陈器,玩过,5,在隔壁心寒了，还是老家呆着舒服,2025/11/28,来自 小米 15 Pro
笙染湘语枫仙,玩过,1,一周年入坑玩家第一次开冲，闲鱼登顶不考虑给你老冯分成十份来个十连吗？😆😆😆,2025/11/28,来自 Android 设备
封号君,玩过,2,"所有想要入坑明日方舟的朋友请三思。 首先，我是是一名明日方舟半开服劳玩家。从2019年八月到现在，我已经断断续续玩了这沟槽游戏1864天了，对于这次的节奏，我只能说鹰角网络这家公司一直都是这个样子的，之前蒸蒸日上与所谓的“最尊重玩家情绪”其实都是在挨了大棒之后装出来的，而这大棒是什么呢？多索雷斯。 （以下比较啰嗦，不想看的bro可以直接跳到最后两段。） 多索雷斯，这个名称大家可能都不陌生，可有些新入坑的bro可能对此并不清楚，只是知道个大概，既然如此，让我这个勉强算是半个亲历者的中登为诸位好bro好好的简述一下。 故事的一切都要从2021的二周年庆说起。 2021年五月（可能是吧，我忘了是不是五月上限的二周年了），当二周年的异格红蒂和老女人改变了明日方舟时，谁都没想到三个月后的另一个活动再度几乎毁灭了明日方舟。 试问诸位bro，三个月我们能攒出多少合成玉？让我们简单的计算一下：从五月二十日（限定池是十五天罢，我加了些余量）到八月一日，一共是两个月零十一天，方舟每月合成玉入账=剿灭＋周常＋日常×2×10=(1800+700+500)2×10=60000;加之每日搓玉（以一玉一金两经验书，每日收一次计算）所得的180合成玉×71=72780合成玉，相当于12.13抽（72,780÷6,000），也就是121抽，当然，这是不算月卡的理想情况（事实上算是月卡也不超过一百六抽）。 那为什么我们要计算能攒出多少合成玉的呢？因为就在2021年七月，2.5周年悄然上线，而想要抽出当期限定的水陈，要三百抽。 诚然，方舟的爆率相对较高，可同样的，当时的池子也没有保底啊，再加上那时的玩家大多理财意识淡薄（我又不是要炒股），导致空降的这个新限定水陈彻底打乱了所有人的预期，更致命的是，水陈极强的同时批脸丑出天际，这就导致这位空降的限定使所有人都不满意的同时强制每个人都要抽（水陈当年什么强度呢？维什戴尔！）。 这彻底点燃了玩家群体间积攒的怒火（前两年极其底下的产能与洪炉示岁那个保底都没有的绝对毒池带来的愤怒），因此，多索雷斯彻底爆炸了（我也是这个时期退了三个月坑） 详情请见 BV1nL411n7m5 与 BV1fy4y1L7Rq 总之，多索雷斯事件为什么会出现呢？因为鹰角网络说白了也是一家公司，再怎么说他们也是要挣钱的，利益永远是一切行为的内驱力，这一点永远都不会变。 鹰角要赚钱，所以它要空降强限定来收割合成玉逼你氪金，而如今它终末地的一切节奏的底层逻辑就是扩圈来吸引新的玩家来赚钱。扩圈当然无可厚非，可吃饱了饭放下碗要说饭难吃可就不对了。 说到底，鹰角就是鹰角，是互联网公司，游戏公司，它们的底层逻辑都是挣钱，因此它们做出什么都不意外。 bro们也不要生气了，生气对咱们身体都不好。 最后祝大家永远不死，永远活着。🙌🙌🙌",2025/11/28,来自 HONOR 90 GT
User463210803,玩过 38.7 小时后评价（总时长 56.3 小时）,5,今天服务器崩掉了吗,2025/11/28,来自 OnePlus Ace 2
巴别塔饿灵,玩过 983 小时后评价（总时长 1263 小时）,1,抄个小游戏你还整上检测机制了是，恶心谁呢,2025/11/28,来自 Vivo Y300 Pro
zr,玩过,5,优秀啊😁,2025/11/28,来自 小米Xiaomi 17 Pro Max
time,玩过,5,我曾在无数个夜晚试图翻来覆去寻找出那么一款真的能让我继续有动力玩下去的游戏，但在国内一众垃圾中我甚至难以寻得一个真正的“游戏”，而玩家＝自动会爆米的牛马似乎早已成为了事实，数个知名大厂嘴脸早就摆的明明白白，以至于我一度跑去玩植物大战僵尸，甚至是Steam单机，又或者再去美名其曰“追寻童年“，在精神荒芜之时，对游戏一度失去了所有的兴趣之时，但面对残酷的现实我总需要休息，也需要逃避，而因此，我选择了曾经我因为刻板印象（保卫萝卜，我相信不止一个人有我这样的想法，然后就直接嗤之以鼻）就没考虑过选择的游戏——明日方舟。 文字简短，文笔有限，无法描述这款游戏给我的感觉，再多华丽的词藻与言语的修饰都比不过自己去玩，切实的实践得到结果来有效和有用。 但说的委婉一点，我认为，明日方舟是在一众把玩家＝牛马的厂商面前勉强把玩家当成人的游戏（“勉强”应该够委婉了吧?）因此在屎和不是屎面前，我想不是屎应该更胜一筹吧？又或也是因此，这款游戏才会给我相当不一样的感受。 这游戏不逼氪，前期很肝，养老期长草期就相对来说过于悠闲，但也能玩玩当期活动的小游戏，但实际上不是因为玩家心急什么的才肝吗？理性的来看，日常任务，大活动实际上也就那些内容...奖励是拿不满吗？盐酸，肉鸽的活动是限时的吗？肝吗？总比某些二字神游爆肝个几天然后歪出个迪卢克刻晴之类的好吧？这游戏旧时代的干员依然也能用吧（我一直都认为不存在所谓的”完爆”，要说完爆，也只能说是在综合强度上的碾压更为贴切）？并且在今年超大杯连发的情况下应该不难抽出个输出核心吧？更有甚者，这游戏甚至送了个萌新的ew——电弧（修复了萌新因为要借ew而无法代理作战的问题，这是我对电弧这个传奇赠送干员的认知，舟甚至还在尝试降低萌新入坑难度，我们萌新也有属于自己的ew，他真的，我哭死），而甚至在数值膨胀是必然的情况下，这款游戏相对而言膨胀的比较慢，甚至还会做出抑制吧？说再多也无力描述了，归根到底，这还是看人的，也可以说是我赤石吃多了，以至于我现在对一款能玩的游戏包容和接受程度高了很多（盐酸等一些方面确确实实做的不好，但可能是得益于我赤石吃多了搁这坐牢反而都觉得香，总而言之，我并不否认这游戏在某些方面上的缺点，缺点确实客观存在，但这游戏给我相当不错的游戏体验和感受也是事实，但总的来说，这游戏在我看来毫无疑问是一款相当优秀的游戏，游戏给我的感受相当不错），还是那句话，我觉得可以委婉的来说，可以认为我是赤石吃多了，吃到了我觉得一份不那么石的石，自然而然也就觉得这玩意香了。 而这游戏对冲浪多年，见识过互联网大风大浪，更甚至于从小是玩竞技游戏的我，而到如今自认为已经渐渐行将朽木的老人，不再喜欢竞技游戏，想要玩一款主要是能够养老的游戏的我，也可以说是相对而言已经算得上“佛系”玩家的我（更甚至，最开始我的预期仅仅是”养老”，但这游戏在其他的方面上给了我不一样的惊喜，这难能可贵），面对国内一众游戏，对我而言可能已经成为了唯一的选择，不然，便是又去玩单机了。 玩家会主动为一款优秀的游戏买单，而我也因此也愿意在富有余力之余主动爆米，买买月卡之类的，支持虽小但却也仍是一种支持。,修改于 2025/11/28,来自 Android 设备
艾特,玩过,1,新手前期特别肝，肝主线刷肉鸽和生息演算拿资源养角色。一天十个小时左右上线。除了新手池21抽，一共下了300抽，限定池和定向池，就出了两种金卡，两个限定银灰和三个酒神，该歪不歪，次次60抽左右才出金，恶不恶心。,修改于 2025/11/28,来自 HONOR NIC-AN00
敘仙,玩过 2316 小时后评价（总时长 2398 小时）,1,能不能告终末地蹭你游热度😭😭😭 孩子们快跑，这游戏不把老玩家当人的,修改于 2025/11/28,来自 REDMI K80 Ultra
宇宙魔龙大帝,玩过,1,玩不懂，一味地提纯,2025/11/28,来自 Vivo IQOO 12
Petrichor,玩过,2,记录一下退坑原因：游玩23天，抽卡一直歪，60抽限定歪常驻（初雪银灰池歪的鸿雪），定向常驻选了酒神，娜仁图亚和乌尔比安（这个凑数的），110抽出了两个乌尔比安，抽卡体验极差，不如玩别的游戏，反正这个游戏是我玩过最非的，抽卡机制也很不适应，300抽保底才送一个up，新手短期根本不可能抽到，除非氪金，要么像老玩家一样一直玩攒资源 该游戏优点：美术风格优秀，是入坑原因之一；游玩强度不大，很休闲；游戏攻略详尽，如果身边有人带着一起玩就更好了，我是同学带入坑的，打不过的直接摇人；剧情很有深度，不感兴趣的部分可以直接跳过。 后续会继续关注一些角色和剧情，也可能会回游，但是目前在这个游戏抽卡上受了很大的气，大概几个月都不会再玩了。😞😞,2025/11/28,来自 Vivo IQOO Neo10
User45226775,玩过 2.7 小时后评价（总时长 3.6 小时）,1,垃圾公司 垃圾游戏，只会恶心玩家,2025/11/28,来自 小米Xiaomi 15 Ultra
残梦丶,玩过,2,不如终末地好玩😋,2025/11/27,来自 Android 设备
錵錵錵,玩过 330 小时后评价（总时长 337 小时）,3,你曾经让我开心过，所以我打三星,2025/11/27,来自 Redmi K70 Pro
?？,玩过,1,先插好旗，现在可以开喷了。120级不对，换成1到10级就是你尊贵的可开发玩家。就能拥有你家新游的内测资格，怎么想来大换血？问卷填这填那，又是问我没玩过，又填uid，最后是为了踢出功臣。你有本事就把资格的发放占比图放出来，以及参与你游的占比图。总结，老玩家可以爬了，新玩家直接入就对了 ，福利拉满。,2025/11/27,来自 小米15
ggvbjj,玩过,3,"都笑隔壁原神玩家代入的是摄像头，笑死yj压根没想让玩家代入，剧情里角色谈恋爱组cp进box接着提醒玩家自己有cp,大发慈悲的录两句语音给玩家意淫去吧这岛上CP还不够多啊，那么多百合，男同，远亲还要再来一对主仆吗？有点意思以前还有争议，现在终于明牌了这游戏就是个磕CP的游戏，战双还需要官方明确站队代入党，笑死。阴角根本不给代入，攒多久抽卡资源抽出来都是看别人谈恋爱，要么就是听那几句语音，自己在那意淫。",2025/11/27,来自 OPPO A93 5G
苏二强,玩过 6.7 小时后评价,1,玩不懂。六星干员词条不喜欢，刷新一下没了。拜拜吧。没有缘分,2025/11/27,来自 小米24117RK2CC
青玄,玩过 227 小时后评价（总时长 285 小时）,5,好玩😋😋😋,2025/11/27,来自 OPPO K11x 5G
16天区陛下,玩过,5,讲真放现在的二游里算是很不错的啦～,2025/11/27,来自 Huawei P60
哦豁,玩过,5,当然是棘刺嗷，帅哥！妥妥的帅哥，因为这个角色又帅，又有能力，替我扛过了没有红黄蓝的艰难时代，我真的爱死了，希望能有其他的异格，比如维什棘刺啊，新约棘刺啊，斩业棘刺啊，我绝对买疯，虽然我玩的b服，但不影响我的体验,修改于 2025/11/27,来自 华为Mate 70 Pro+
123,玩过,1,故事集不单独复刻卡池 三次下有其中一个人的池子 恶心我整整三次 池子所有人都出来了只有我要的没出来 恶心到想吐,2025/11/27,来自 华为DMG-W00
祸,玩过,2,玩了六年，为什么现在给你打1分，好难猜呀。 跟终末地切割了吧，凭什么这边赚的钱还要死命补贴那边,修改于 2025/11/27,来自 Android 设备
咖啡味的雪,玩过,5,诶嘿嘿，真好玩，天空属于拉特兰！！！,2025/11/27,来自 一加 Ace 2 pro
浮生若梦,玩过,1,💰氪金度： 2次300保底了，母鸡卡祥子登录就送的,修改于 2025/11/27,来自 Android 设备
折折折鸢,玩过 1092 小时后评价（总时长 1154 小时）,1,没什么说的了，虽然我也没玩多久吧，好歹三年了，120级了，不是非要玩终末地，但把资格给圈外人和倒卖黄牛是在？多少老玩家19年开始玩的没资格。饥饿营销是让你玩明白了，一直用次日18点来搪塞延缓暴雷时间，全面测试，直播造势，发的资格拢共几万，老玩家的比例低，黄牛手里资格甚至出不完，那你说全面测试是全面在？,2025/11/27,来自 Realme真我Neo7 Turbo
召光,玩过,2,现在玩着越来越没感觉了，那么长时间了剧情还是ppt，一点看的欲望都没有，关卡有的时候还会因为莫名其妙的机制红温，真的找不到玩下去的理由了。还是等终末地吧,2025/11/27,来自 Android 设备
KILA,玩过,2,孩子们，快撤，这游戏不把老玩家当人,2025/11/27,来自 Redmi Note 12 Turbo
Farway,玩过 625 小时后评价（总时长 701 小时）,1,月卡党玩得很舒服,2025/11/27,来自 Redmi K60
语溪 Osako,玩过 22 分钟后评价,5,好玩,2025/11/27,来自 Redmi Note 11T Pro
sjxbndks,玩过,1,虽然我只有116级，但终末地测试资格都发给未成年了不给我这半个新人吗,2025/11/27,来自 Android 设备
JianShangLiXue,玩过 1387 小时后评价（总时长 1402 小时）,2,想你了，霜小姐，等你回来…… 一星霜小姐 一星老玩家 一星是感情 一星是陪伴 一星是鼓励 一星是阿丽娜 一星是希望 一星是罗德岛的各位 角啊，爱死你了 一个等你的演唱会视频的失智博士 6年白玩😇,修改于 2025/11/27,来自 Nubia Red Magic 8 Pro
森久光,玩过,1,卫戍协议池子互通联机各种抢队友，鬼图塞粪怪，开局无论如何都要ban阵营，抄酒馆战旗都没抄明白。 还有终末地那抛弃基本盘的宣发，如同儿戏的发布资格，不断发饼诱惑玩家，要是其他游戏这次测试就已经是它的死期了，还得是yj啊。 猫哥你发达了看不上我们ldx了，给你个差评不过分吧？,修改于 2025/11/27,来自 Android 设备
欸嘿;-),玩过 707 小时后评价（总时长 733 小时）,1,明日方舟终末地测试资格问卷全填了不给网页电力都1万了，坐标也不给，鹰角你给一下,修改于 2025/11/27,来自 Android 设备
嘤嘤嘤,玩过 1436 小时后评价（总时长 1647 小时）,1,老玩家连新游戏的测试资格都没有，一测二测就算了，三测也不给，那我还能说啥？还有最近三个池子一直歪，再充钱我是狗。,2025/11/27,来自 Redmi Note 12 Turbo
琴瑟,玩过 2236 小时后评价（总时长 2261 小时）,2,都2026年了还搁这冰清玉洁当表子立牌坊呢？全民测试我问你测试的有你预约人数的百分之一吗？你自己敢说你内部没有倒勾吗？是不是觉得老玩家到最后还是会来玩所以搞不清自己的定位了？,修改于 2025/11/27,来自 Android 设备
深盾欧根,玩过,2,喜欢用UID筛选老玩家就去筛选吧,2025/11/27,来自 小米 15 Pro
靈,玩过 1547 小时后评价,2,开服玩家，虽然退坑很久了，但是时长放这，实际肯定不止1500+了，终末地这样搞，玩锤子，啧 怎么好像还删评，第二天我搜最新我自己都看不到了，666,修改于 2025/11/27,来自 Android 设备
羽御,玩过 2600 小时后评价（总时长 2763 小时）,4,窝趣游戏最长单人时长怎么一下涨到五千多了😨这是每天玩多久啊😨,2025/11/27,来自 Android 设备
牛沐,玩过 1179 小时后评价,2,老玩家已经成为了终末地发展的最大阻碍😃,2025/11/27,来自 Huawei P60
耿直的老龙,玩过 1129 小时后评价,2,哦，不好玩,2025/11/27,来自 Android 设备
呆萌小草,玩过 589 小时后评价（总时长 747 小时）,3,2025.11.26 你关卡策划玩过自己设计的关吗？我打个游戏本来是放松的，反复一关打十多次死活过不去，有意思吗？我氪金抽强力干员到底有什么用？停氪，爱咋咋地 2025.4.17 官方是听劝的，基建、UI和各种细节优化的都挺不错的。操作着蛮舒服的。也没有让人一头雾水或者眼花缭乱的情况。 游戏里加了不少东西，通过内容来吸引玩家，而不是和很多手机游戏一样玩的像打工，很不错。 文字剧情量很大，一直没看明白，世界观太复杂了，等着出动画吧。 ——————— ——————— 以下是几年前的评价 优势： 1.游戏时间较灵活 2.立绘好看 3.肉鸽模式挺新颖的 4.整体来说不太骗氪，虽然前段时间的限定池出的有点频繁。。。 5.塔防挺好玩的，角色之间配合挺有意思的 6.音乐挺好听的，每次危机合约的背景歌我都挺喜欢，希望能加到日常背景音里 不足： 1.中文配音实在是不行，既然配了就好好配，这配音都像在朗读，实在是要命。。。比如令的台词我挺喜欢的，而且感觉要用中文更有感觉，但现在这中配真听不下去_(:з」∠)_ 2.剧情对我来说太乱了，人物比较多本来就乱，剧情还整谜语人，我挺想看剧情的，不过这剧情看着我心累。 3.活动本刷材料挂着太无聊了，日常清体力挂着就挂着了，理解官方需要日活人数，活动一次刷几十回，太无聊了。。。 唯一一个玩了两年多的游戏，希望官方继续加油啊,修改于 2025/11/27,来自 iPhone 16 Pro Max
未知的意义,玩过,5,越来越爽,2025/11/27,来自 OPPO A3 5G/A3i Plus 5G
